# Split from People.obj for civilian_female_2
o civilian_female_2
v -0.1596254 1.124944 2.387635
v -0.1724546 1.163243 2.389075
v -0.1551994 1.173376 2.359558
v -0.1551994 1.173376 2.359558
v -0.1415323 1.130011 2.36012
v -0.1596254 1.124944 2.387635
v -0.1934923 1.114811 2.386243
v -0.2044842 1.142978 2.387758
v -0.1724546 1.163243 2.389075
v -0.1724546 1.163243 2.389075
v -0.1596254 1.124944 2.387635
v -0.1934923 1.114811 2.386243
v -0.209266 1.109745 2.357336
v -0.2192586 1.132845 2.356925
v -0.2044842 1.142978 2.387758
v -0.2044842 1.142978 2.387758
v -0.1934923 1.114811 2.386243
v -0.209266 1.109745 2.357336
v -0.1841943 1.057978 2.444303
v -0.2114861 1.060324 2.357244
v -0.199812 1.086645 2.357724
v -0.199812 1.086645 2.357724
v -0.1831537 1.086634 2.387507
v -0.1841943 1.057978 2.444303
v -0.1363137 1.056274 2.444188
v -0.1841943 1.057978 2.444303
v -0.1831537 1.086634 2.387507
v -0.1831537 1.086634 2.387507
v -0.1474496 1.086633 2.388974
v -0.1363137 1.056274 2.444188
v -0.1236703 1.058124 2.393117
v -0.1363137 1.056274 2.444188
v -0.1474496 1.086633 2.388974
v -0.1755913 0.8557118 2.430593
v -0.2504418 0.8706297 2.429759
v -0.2321626 0.9517386 2.44458
v -0.2321626 0.9517386 2.44458
v -0.1478748 0.9270304 2.44216
v -0.1755913 0.8557118 2.430593
v -0.2807717 0.9340514 2.41921
v -0.3036802 0.9401212 2.380226
v -0.2903584 0.9780588 2.380343
v -0.2903584 0.9780588 2.380343
v -0.2522561 0.9771774 2.431781
v -0.2807717 0.9340514 2.41921
v -0.2338374 1.029176 2.349361
v -0.2198748 1.023453 2.285202
v -0.1771409 1.057978 2.272719
v -0.1771409 1.057978 2.272719
v -0.2114861 1.060324 2.357244
v -0.2338374 1.029176 2.349361
v -0.1363137 1.056274 2.444188
v -0.1409432 1.049879 2.461491
v -0.1753334 1.050421 2.45862
v -0.1753334 1.050421 2.45862
v -0.1841943 1.057978 2.444303
v -0.1363137 1.056274 2.444188
v -0.1216955 1.02048 2.443143
v -0.1409432 1.049879 2.461491
v -0.1363137 1.056274 2.444188
v -0.2389891 0.784588 2.429137
v -0.26618 0.784588 2.354996
v -0.2765779 0.874067 2.354569
v -0.2765779 0.874067 2.354569
v -0.2504418 0.8706297 2.429759
v -0.2389891 0.784588 2.429137
v -0.1454292 0.784588 2.35996
v -0.1786136 0.784588 2.431619
v -0.1755913 0.8557118 2.430593
v -0.1755913 0.8557118 2.430593
v -0.1425685 0.8504983 2.360077
v -0.1454292 0.784588 2.35996
v -0.1786136 0.784588 2.431619
v -0.2389891 0.784588 2.429137
v -0.2504418 0.8706297 2.429759
v -0.2504418 0.8706297 2.429759
v -0.1755913 0.8557118 2.430593
v -0.1786136 0.784588 2.431619
v -0.09788318 0.6506079 2.390586
v -0.133471 0.6485962 2.467354
v -0.1353304 0.6897144 2.457487
v -0.1353304 0.6897144 2.457487
v -0.1020784 0.6955705 2.376078
v -0.09788318 0.6506079 2.390586
v -0.2284179 0.6485962 2.463451
v -0.1353304 0.6897144 2.457487
v -0.133471 0.6485962 2.467354
v -0.1512536 0.730418 2.445285
v -0.2332556 0.714735 2.447692
v -0.2389891 0.784588 2.429137
v -0.2389891 0.784588 2.429137
v -0.1786136 0.784588 2.431619
v -0.1512536 0.730418 2.445285
v -0.1175997 0.7405334 2.361104
v -0.1512536 0.730418 2.445285
v -0.1786136 0.784588 2.431619
v -0.1786136 0.784588 2.431619
v -0.1454292 0.784588 2.35996
v -0.1175997 0.7405334 2.361104
v -0.2332556 0.714735 2.447692
v -0.2558033 0.7058885 2.355423
v -0.26618 0.784588 2.354996
v -0.26618 0.784588 2.354996
v -0.2389891 0.784588 2.429137
v -0.2332556 0.714735 2.447692
v -0.2504418 0.8706297 2.429759
v -0.2765779 0.874067 2.354569
v -0.3036802 0.9401212 2.380226
v -0.3036802 0.9401212 2.380226
v -0.2807717 0.9340514 2.41921
v -0.2504418 0.8706297 2.429759
v -0.232441 1.027672 2.356881
v -0.2114861 1.060324 2.357244
v -0.2344499 1.029176 2.364261
v -0.2321626 0.9517386 2.44458
v -0.2504418 0.8706297 2.429759
v -0.2807717 0.9340514 2.41921
v -0.2807717 0.9340514 2.41921
v -0.2522561 0.9771774 2.431781
v -0.2321626 0.9517386 2.44458
v -0.2765779 0.874067 2.354569
v -0.293638 0.9386113 2.353867
v -0.3036802 0.9401212 2.380226
v -0.1841943 1.057978 2.444303
v -0.2118081 0.997191 2.4446
v -0.2257595 1.023453 2.428355
v -0.2778993 0.9792985 2.354514
v -0.2903584 0.9780588 2.380343
v -0.3036802 0.9401212 2.380226
v -0.3036802 0.9401212 2.380226
v -0.293638 0.9386113 2.353867
v -0.2778993 0.9792985 2.354514
v -0.2447448 0.6489424 2.355877
v -0.2441084 0.600778 2.4158
v -0.2278274 0.5968673 2.370388
v -0.1521764 0.5970058 2.472838
v -0.2262958 0.5968779 2.469791
v -0.2284179 0.6485962 2.463451
v -0.2284179 0.6485962 2.463451
v -0.133471 0.6485962 2.467354
v -0.1521764 0.5970058 2.472838
v -0.1040153 0.629166 2.38644
v -0.1254254 0.5977678 2.424898
v -0.133471 0.6485962 2.467354
v -0.133471 0.6485962 2.467354
v -0.09788318 0.6506079 2.390586
v -0.1040153 0.629166 2.38644
v -0.2078421 0.4909777 2.378896
v -0.1367644 0.500858 2.385267
v -0.1342389 0.5967327 2.379092
v -0.1342389 0.5967327 2.379092
v -0.2278274 0.5968673 2.370388
v -0.2078421 0.4909777 2.378896
v -0.2272605 0.5968673 2.356596
v -0.2447448 0.6489424 2.355877
v -0.2278274 0.5968673 2.370388
v -0.2441084 0.600778 2.4158
v -0.2284179 0.6485962 2.463451
v -0.2262958 0.5968779 2.469791
v -0.1521764 0.5970058 2.472838
v -0.133471 0.6485962 2.467354
v -0.1254254 0.5977678 2.424898
v -0.2441084 0.600778 2.4158
v -0.2447448 0.6489424 2.355877
v -0.244888 0.6491765 2.412081
v -0.1784396 0.3664473 2.390785
v -0.1304549 0.3815716 2.396207
v -0.1367644 0.500858 2.385267
v -0.1367644 0.500858 2.385267
v -0.2078421 0.4909777 2.378896
v -0.1784396 0.3664473 2.390785
v -0.1367644 0.500858 2.385267
v -0.1293158 0.5028467 2.424428
v -0.1254254 0.5977678 2.424898
v -0.1254254 0.5977678 2.424898
v -0.1342389 0.5967327 2.379092
v -0.1367644 0.500858 2.385267
v -0.1293158 0.5028467 2.424428
v -0.1558014 0.499683 2.463901
v -0.1521764 0.5970058 2.472838
v -0.1521764 0.5970058 2.472838
v -0.1254254 0.5977678 2.424898
v -0.1293158 0.5028467 2.424428
v -0.2347984 0.48928 2.415814
v -0.2078421 0.4909777 2.378896
v -0.2278274 0.5968673 2.370388
v -0.2278274 0.5968673 2.370388
v -0.2441084 0.600778 2.4158
v -0.2347984 0.48928 2.415814
v -0.1558014 0.499683 2.463901
v -0.2198476 0.4914408 2.461268
v -0.2262958 0.5968779 2.469791
v -0.2262958 0.5968779 2.469791
v -0.1521764 0.5970058 2.472838
v -0.1558014 0.499683 2.463901
v -0.2198476 0.4914408 2.461268
v -0.2347984 0.48928 2.415814
v -0.2441084 0.600778 2.4158
v -0.2441084 0.600778 2.4158
v -0.2262958 0.5968779 2.469791
v -0.2198476 0.4914408 2.461268
v -0.1722207 0.3145748 2.402835
v -0.1208782 0.344553 2.407813
v -0.1304549 0.3815716 2.396207
v -0.1304549 0.3815716 2.396207
v -0.1784396 0.3664473 2.390785
v -0.1722207 0.3145748 2.402835
v -0.2006754 0.3665138 2.418826
v -0.1784396 0.3664473 2.390785
v -0.2078421 0.4909777 2.378896
v -0.2078421 0.4909777 2.378896
v -0.2347984 0.48928 2.415814
v -0.2006754 0.3665138 2.418826
v -0.1909412 0.3730837 2.45375
v -0.2006754 0.3665138 2.418826
v -0.2347984 0.48928 2.415814
v -0.2347984 0.48928 2.415814
v -0.2198476 0.4914408 2.461268
v -0.1909412 0.3730837 2.45375
v -0.1304549 0.3815716 2.396207
v -0.1301458 0.3866782 2.429107
v -0.1293158 0.5028467 2.424428
v -0.1293158 0.5028467 2.424428
v -0.1367644 0.500858 2.385267
v -0.1304549 0.3815716 2.396207
v -0.1301458 0.3866782 2.429107
v -0.1454739 0.385545 2.455619
v -0.1558014 0.499683 2.463901
v -0.1558014 0.499683 2.463901
v -0.1293158 0.5028467 2.424428
v -0.1301458 0.3866782 2.429107
v -0.1454739 0.385545 2.455619
v -0.1909412 0.3730837 2.45375
v -0.2198476 0.4914408 2.461268
v -0.2198476 0.4914408 2.461268
v -0.1558014 0.499683 2.463901
v -0.1454739 0.385545 2.455619
v -0.1194562 0.3478113 2.43521
v -0.1376626 0.3438315 2.459429
v -0.1454739 0.385545 2.455619
v -0.1454739 0.385545 2.455619
v -0.1301458 0.3866782 2.429107
v -0.1194562 0.3478113 2.43521
v -0.1651919 0.09232364 2.413465
v -0.1328094 0.09350893 2.412233
v -0.1103053 0.2598036 2.404992
v -0.1103053 0.2598036 2.404992
v -0.1655879 0.2446995 2.409921
v -0.1651919 0.09232364 2.413465
v -0.1376626 0.3438315 2.459429
v -0.1771913 0.3219354 2.460702
v -0.1909412 0.3730837 2.45375
v -0.1909412 0.3730837 2.45375
v -0.1454739 0.385545 2.455619
v -0.1376626 0.3438315 2.459429
v -0.1852414 0.3107756 2.433589
v -0.1722207 0.3145748 2.402835
v -0.1784396 0.3664473 2.390785
v -0.1784396 0.3664473 2.390785
v -0.2006754 0.3665138 2.418826
v -0.1852414 0.3107756 2.433589
v -0.1771913 0.3219354 2.460702
v -0.1852414 0.3107756 2.433589
v -0.2006754 0.3665138 2.418826
v -0.2006754 0.3665138 2.418826
v -0.1909412 0.3730837 2.45375
v -0.1771913 0.3219354 2.460702
v -0.1208782 0.344553 2.407813
v -0.1194562 0.3478113 2.43521
v -0.1301458 0.3866782 2.429107
v -0.1301458 0.3866782 2.429107
v -0.1304549 0.3815716 2.396207
v -0.1208782 0.344553 2.407813
v -0.1667526 0.09233221 2.443573
v -0.171676 0.09223796 2.427503
v -0.1767283 0.2427649 2.434883
v -0.1767283 0.2427649 2.434883
v -0.1692064 0.2448945 2.460759
v -0.1667526 0.09233221 2.443573
v -0.1328094 0.09350893 2.412233
v -0.1231109 0.09298108 2.429027
v -0.09771444 0.259517 2.443373
v -0.09771444 0.259517 2.443373
v -0.1103053 0.2598036 2.404992
v -0.1328094 0.09350893 2.412233
v -0.1231109 0.09298108 2.429027
v -0.1359682 0.09285733 2.45071
v -0.1266763 0.2567235 2.471208
v -0.1266763 0.2567235 2.471208
v -0.09771444 0.259517 2.443373
v -0.1231109 0.09298108 2.429027
v -0.1359682 0.09285733 2.45071
v -0.1667526 0.09233221 2.443573
v -0.1692064 0.2448945 2.460759
v -0.1692064 0.2448945 2.460759
v -0.1266763 0.2567235 2.471208
v -0.1359682 0.09285733 2.45071
v -0.1655879 0.2446995 2.409921
v -0.1103053 0.2598036 2.404992
v -0.1208782 0.344553 2.407813
v -0.1208782 0.344553 2.407813
v -0.1722207 0.3145748 2.402835
v -0.1655879 0.2446995 2.409921
v -0.171676 0.09223796 2.427503
v -0.1651919 0.09232364 2.413465
v -0.1655879 0.2446995 2.409921
v -0.1655879 0.2446995 2.409921
v -0.1767283 0.2427649 2.434883
v -0.171676 0.09223796 2.427503
v -0.1767283 0.2427649 2.434883
v -0.1655879 0.2446995 2.409921
v -0.1722207 0.3145748 2.402835
v -0.1722207 0.3145748 2.402835
v -0.1852414 0.3107756 2.433589
v -0.1767283 0.2427649 2.434883
v -0.1266763 0.2567235 2.471208
v -0.1692064 0.2448945 2.460759
v -0.1771913 0.3219354 2.460702
v -0.1771913 0.3219354 2.460702
v -0.1376626 0.3438315 2.459429
v -0.1266763 0.2567235 2.471208
v -0.09771444 0.259517 2.443373
v -0.1266763 0.2567235 2.471208
v -0.1376626 0.3438315 2.459429
v -0.1376626 0.3438315 2.459429
v -0.1194562 0.3478113 2.43521
v -0.09771444 0.259517 2.443373
v -0.1103053 0.2598036 2.404992
v -0.09771444 0.259517 2.443373
v -0.1194562 0.3478113 2.43521
v -0.1194562 0.3478113 2.43521
v -0.1208782 0.344553 2.407813
v -0.1103053 0.2598036 2.404992
v -0.1692064 0.2448945 2.460759
v -0.1767283 0.2427649 2.434883
v -0.1852414 0.3107756 2.433589
v -0.1852414 0.3107756 2.433589
v -0.1771913 0.3219354 2.460702
v -0.1692064 0.2448945 2.460759
v -0.1342389 0.5967327 2.379092
v -0.1461794 0.6080549 2.359929
v -0.2272605 0.5968673 2.356596
v -0.2272605 0.5968673 2.356596
v -0.2278274 0.5968673 2.370388
v -0.1342389 0.5967327 2.379092
v -0.244888 0.6491765 2.412081
v -0.2447448 0.6489424 2.355877
v -0.2558033 0.7058885 2.355423
v -0.2441084 0.600778 2.4158
v -0.244888 0.6491765 2.412081
v -0.2284179 0.6485962 2.463451
v -0.2332556 0.714735 2.447692
v -0.2284179 0.6485962 2.463451
v -0.244888 0.6491765 2.412081
v -0.1253428 0.0003325711 2.410396
v -0.113075 0.0005920465 2.428546
v -0.1134605 0.02092985 2.42791
v -0.1134605 0.02092985 2.42791
v -0.1254982 0.02084621 2.405553
v -0.1253428 0.0003325711 2.410396
v -0.1651736 9.50328E-05 2.41363
v -0.1253428 0.0003325711 2.410396
v -0.1254982 0.02084621 2.405553
v -0.1254982 0.02084621 2.405553
v -0.1645825 0.02043284 2.40714
v -0.1651736 9.50328E-05 2.41363
v -0.284375 0.005568697 2.446769
v -0.2851956 0.03157863 2.438951
v -0.238913 0.0421729 2.446713
v -0.238913 0.0421729 2.446713
v -0.238317 0.01131555 2.455116
v -0.284375 0.005568697 2.446769
v -0.1299071 9.50328E-05 2.450025
v -0.1666388 9.50328E-05 2.442775
v -0.1665843 0.02043284 2.449455
v -0.1665843 0.02043284 2.449455
v -0.130115 0.02124828 2.454351
v -0.1299071 9.50328E-05 2.450025
v -0.113075 0.0005920465 2.428546
v -0.1299071 9.50328E-05 2.450025
v -0.130115 0.02124828 2.454351
v -0.130115 0.02124828 2.454351
v -0.1134605 0.02092985 2.42791
v -0.113075 0.0005920465 2.428546
v -0.2878559 9.50328E-05 2.422375
v -0.2791755 9.50328E-05 2.440305
v -0.2382846 9.50328E-05 2.446322
v -0.2382846 9.50328E-05 2.446322
v -0.2460609 9.50328E-05 2.423871
v -0.2878559 9.50328E-05 2.422375
v -0.1748058 0.07544608 2.44467
v -0.1802484 0.07544608 2.426551
v -0.171676 0.09223796 2.427503
v -0.171676 0.09223796 2.427503
v -0.1667526 0.09233221 2.443573
v -0.1748058 0.07544608 2.44467
v -0.1193776 0.06667602 2.428032
v -0.1331243 0.06667602 2.451999
v -0.1359682 0.09285733 2.45071
v -0.1359682 0.09285733 2.45071
v -0.1231109 0.09298108 2.429027
v -0.1193776 0.06667602 2.428032
v -0.1331243 0.06667602 2.451999
v -0.1748058 0.07544608 2.44467
v -0.1667526 0.09233221 2.443573
v -0.1667526 0.09233221 2.443573
v -0.1359682 0.09285733 2.45071
v -0.1331243 0.06667602 2.451999
v -0.1802484 0.07544608 2.426551
v -0.1731163 0.07544608 2.410951
v -0.1651919 0.09232364 2.413465
v -0.1651919 0.09232364 2.413465
v -0.171676 0.09223796 2.427503
v -0.1802484 0.07544608 2.426551
v -0.1731163 0.07544608 2.410951
v -0.1331155 0.06625407 2.410179
v -0.1328094 0.09350893 2.412233
v -0.1328094 0.09350893 2.412233
v -0.1651919 0.09232364 2.413465
v -0.1731163 0.07544608 2.410951
v -0.1331155 0.06625407 2.410179
v -0.1193776 0.06667602 2.428032
v -0.1231109 0.09298108 2.429027
v -0.1231109 0.09298108 2.429027
v -0.1328094 0.09350893 2.412233
v -0.1331155 0.06625407 2.410179
v -0.2878559 9.50328E-05 2.422375
v -0.2815882 9.50328E-05 2.408844
v -0.286251 0.005568697 2.402138
v -0.286251 0.005568697 2.402138
v -0.2945557 0.005568697 2.421814
v -0.2878559 9.50328E-05 2.422375
v -0.2791755 9.50328E-05 2.440305
v -0.2878559 9.50328E-05 2.422375
v -0.2945557 0.005568697 2.421814
v -0.2945557 0.005568697 2.421814
v -0.284375 0.005568697 2.446769
v -0.2791755 9.50328E-05 2.440305
v -0.2851956 0.03157863 2.438951
v -0.2935721 0.03157863 2.421034
v -0.2465556 0.0421729 2.423805
v -0.2465556 0.0421729 2.423805
v -0.238913 0.0421729 2.446713
v -0.2851956 0.03157863 2.438951
v -0.2815882 9.50328E-05 2.408844
v -0.2878559 9.50328E-05 2.422375
v -0.2460609 9.50328E-05 2.423871
v -0.2460609 9.50328E-05 2.423871
v -0.2396137 9.50328E-05 2.405975
v -0.2815882 9.50328E-05 2.408844
v -0.286251 0.005568697 2.402138
v -0.2815882 9.50328E-05 2.408844
v -0.2396137 9.50328E-05 2.405975
v -0.2396137 9.50328E-05 2.405975
v -0.2389378 0.01131555 2.397423
v -0.286251 0.005568697 2.402138
v -0.2935721 0.03157863 2.421034
v -0.2876231 0.03157863 2.40749
v -0.2402129 0.0421729 2.40551
v -0.2402129 0.0421729 2.40551
v -0.2465556 0.0421729 2.423805
v -0.2935721 0.03157863 2.421034
v -0.2876231 0.03157863 2.40749
v -0.286251 0.005568697 2.402138
v -0.2389378 0.01131555 2.397423
v -0.2389378 0.01131555 2.397423
v -0.2402129 0.0421729 2.40551
v -0.2876231 0.03157863 2.40749
v -0.284375 0.005568697 2.446769
v -0.2945557 0.005568697 2.421814
v -0.2935721 0.03157863 2.421034
v -0.2935721 0.03157863 2.421034
v -0.2851956 0.03157863 2.438951
v -0.284375 0.005568697 2.446769
v -0.2945557 0.005568697 2.421814
v -0.286251 0.005568697 2.402138
v -0.2876231 0.03157863 2.40749
v -0.2876231 0.03157863 2.40749
v -0.2935721 0.03157863 2.421034
v -0.2945557 0.005568697 2.421814
v -0.1134605 0.02092985 2.42791
v -0.130115 0.02124828 2.454351
v -0.1331243 0.06667602 2.451999
v -0.1331243 0.06667602 2.451999
v -0.1193776 0.06667602 2.428032
v -0.1134605 0.02092985 2.42791
v -0.130115 0.02124828 2.454351
v -0.1665843 0.02043284 2.449455
v -0.1748058 0.07544608 2.44467
v -0.1748058 0.07544608 2.44467
v -0.1331243 0.06667602 2.451999
v -0.130115 0.02124828 2.454351
v -0.2791755 9.50328E-05 2.440305
v -0.284375 0.005568697 2.446769
v -0.238317 0.01131555 2.455116
v -0.238317 0.01131555 2.455116
v -0.2382846 9.50328E-05 2.446322
v -0.2791755 9.50328E-05 2.440305
v -0.1645825 0.02043284 2.40714
v -0.1254982 0.02084621 2.405553
v -0.1331155 0.06625407 2.410179
v -0.1331155 0.06625407 2.410179
v -0.1731163 0.07544608 2.410951
v -0.1645825 0.02043284 2.40714
v -0.1254982 0.02084621 2.405553
v -0.1134605 0.02092985 2.42791
v -0.1193776 0.06667602 2.428032
v -0.1193776 0.06667602 2.428032
v -0.1331155 0.06625407 2.410179
v -0.1254982 0.02084621 2.405553
v -0.2382846 9.50328E-05 2.446322
v -0.238317 0.01131555 2.455116
v -0.1665843 0.02043284 2.449455
v -0.1665843 0.02043284 2.449455
v -0.1666388 9.50328E-05 2.442775
v -0.2382846 9.50328E-05 2.446322
v -0.2402129 0.0421729 2.40551
v -0.2389378 0.01131555 2.397423
v -0.1645825 0.02043284 2.40714
v -0.1645825 0.02043284 2.40714
v -0.1731163 0.07544608 2.410951
v -0.2402129 0.0421729 2.40551
v -0.2465556 0.0421729 2.423805
v -0.2402129 0.0421729 2.40551
v -0.1731163 0.07544608 2.410951
v -0.1731163 0.07544608 2.410951
v -0.1802484 0.07544608 2.426551
v -0.2465556 0.0421729 2.423805
v -0.2389378 0.01131555 2.397423
v -0.2396137 9.50328E-05 2.405975
v -0.1651736 9.50328E-05 2.41363
v -0.1651736 9.50328E-05 2.41363
v -0.1645825 0.02043284 2.40714
v -0.2389378 0.01131555 2.397423
v -0.2396137 9.50328E-05 2.405975
v -0.2460609 9.50328E-05 2.423871
v -0.1714414 9.50328E-05 2.427161
v -0.1714414 9.50328E-05 2.427161
v -0.1651736 9.50328E-05 2.41363
v -0.2396137 9.50328E-05 2.405975
v -0.238913 0.0421729 2.446713
v -0.2465556 0.0421729 2.423805
v -0.1802484 0.07544608 2.426551
v -0.1802484 0.07544608 2.426551
v -0.1748058 0.07544608 2.44467
v -0.238913 0.0421729 2.446713
v -0.2460609 9.50328E-05 2.423871
v -0.2382846 9.50328E-05 2.446322
v -0.1666388 9.50328E-05 2.442775
v -0.1666388 9.50328E-05 2.442775
v -0.1714414 9.50328E-05 2.427161
v -0.2460609 9.50328E-05 2.423871
v -0.238317 0.01131555 2.455116
v -0.238913 0.0421729 2.446713
v -0.1748058 0.07544608 2.44467
v -0.1748058 0.07544608 2.44467
v -0.1665843 0.02043284 2.449455
v -0.238317 0.01131555 2.455116
v -0.1253428 0.0003325711 2.410396
v -0.1651736 9.50328E-05 2.41363
v -0.1714414 9.50328E-05 2.427161
v -0.1714414 9.50328E-05 2.427161
v -0.113075 0.0005920465 2.428546
v -0.1253428 0.0003325711 2.410396
v -0.1299071 9.50328E-05 2.450025
v -0.113075 0.0005920465 2.428546
v -0.1714414 9.50328E-05 2.427161
v -0.1714414 9.50328E-05 2.427161
v -0.1666388 9.50328E-05 2.442775
v -0.1299071 9.50328E-05 2.450025
v -0.1985995 1.1715 2.402896
v -0.2033435 1.145597 2.397234
v -0.2474706 1.149211 2.383653
v -0.2474706 1.149211 2.383653
v -0.2478012 1.179153 2.394141
v -0.1985995 1.1715 2.402896
v -0.2698879 1.195559 2.354844
v -0.265732 1.216162 2.355015
v -0.260553 1.217949 2.363941
v -0.260553 1.217949 2.363941
v -0.258245 1.199214 2.364549
v -0.2698879 1.195559 2.354844
v -0.2085627 1.205912 2.408642
v -0.202164 1.225769 2.411085
v -0.1705965 1.225345 2.416422
v -0.1705965 1.225345 2.416422
v -0.1819873 1.20643 2.415285
v -0.2085627 1.205912 2.408642
v -0.2188713 1.121717 2.356941
v -0.2512967 1.117754 2.355608
v -0.2448245 1.120682 2.372009
v -0.1809202 1.292868 2.405591
v -0.1949063 1.247309 2.413152
v -0.2441851 1.241769 2.398301
v -0.2441851 1.241769 2.398301
v -0.2312823 1.290069 2.391098
v -0.1809202 1.292868 2.405591
v -0.2448245 1.120682 2.372009
v -0.2512967 1.117754 2.355608
v -0.2620702 1.147563 2.355165
v -0.2620702 1.147563 2.355165
v -0.2474706 1.149211 2.383653
v -0.2448245 1.120682 2.372009
v -0.1369622 1.196249 2.395607
v -0.1287264 1.226701 2.39882
v -0.1139227 1.217554 2.361255
v -0.1139227 1.217554 2.361255
v -0.1223731 1.191646 2.360908
v -0.1369622 1.196249 2.395607
v -0.265732 1.216162 2.355015
v -0.267684 1.236589 2.354934
v -0.2628981 1.234445 2.365475
v -0.2628981 1.234445 2.365475
v -0.260553 1.217949 2.363941
v -0.265732 1.216162 2.355015
v -0.1586638 1.154346 2.359416
v -0.2188713 1.121717 2.356941
v -0.1743216 1.163608 2.386983
v -0.1850294 1.168592 2.397125
v -0.1819873 1.20643 2.415285
v -0.1635371 1.172753 2.393863
v -0.2391644 1.199791 2.397863
v -0.2085627 1.205912 2.408642
v -0.1985995 1.1715 2.402896
v -0.2600504 1.172515 2.365655
v -0.2474706 1.149211 2.383653
v -0.264877 1.161829 2.35505
v -0.2600504 1.172515 2.365655
v -0.2478012 1.179153 2.394141
v -0.2474706 1.149211 2.383653
v -0.2033435 1.145597 2.397234
v -0.1924084 1.150981 2.396087
v -0.2188713 1.121717 2.356941
v -0.2188713 1.121717 2.356941
v -0.2448245 1.120682 2.372009
v -0.2033435 1.145597 2.397234
v -0.1924084 1.150981 2.396087
v -0.1850294 1.168592 2.397125
v -0.1743216 1.163608 2.386983
v -0.2033435 1.145597 2.397234
v -0.2448245 1.120682 2.372009
v -0.2474706 1.149211 2.383653
v -0.1635371 1.172753 2.393863
v -0.1369622 1.196249 2.395607
v -0.1223731 1.191646 2.360908
v -0.1223731 1.191646 2.360908
v -0.1586638 1.154346 2.359416
v -0.1635371 1.172753 2.393863
v -0.2391644 1.199791 2.397863
v -0.1985995 1.1715 2.402896
v -0.2478012 1.179153 2.394141
v -0.2430488 1.222824 2.396682
v -0.2441851 1.241769 2.398301
v -0.1949063 1.247309 2.413152
v -0.1949063 1.247309 2.413152
v -0.202164 1.225769 2.411085
v -0.2430488 1.222824 2.396682
v -0.2498462 1.268123 2.383666
v -0.2312823 1.290069 2.391098
v -0.2441851 1.241769 2.398301
v -0.1287264 1.226701 2.39882
v -0.1291704 1.251916 2.397404
v -0.113856 1.238476 2.361258
v -0.113856 1.238476 2.361258
v -0.1139227 1.217554 2.361255
v -0.1287264 1.226701 2.39882
v -0.2796007 1.175213 2.354445
v -0.2698879 1.195559 2.354844
v -0.258245 1.199214 2.364549
v -0.258245 1.199214 2.364549
v -0.2600504 1.172515 2.365655
v -0.2796007 1.175213 2.354445
v -0.1705965 1.225345 2.416422
v -0.1654583 1.244872 2.415874
v -0.1287264 1.226701 2.39882
v -0.1287264 1.226701 2.39882
v -0.1369622 1.196249 2.395607
v -0.1705965 1.225345 2.416422
v -0.264877 1.161829 2.35505
v -0.2474706 1.149211 2.383653
v -0.2620702 1.147563 2.355165
v -0.1654583 1.244872 2.415874
v -0.1809202 1.292868 2.405591
v -0.1549744 1.300528 2.391725
v -0.1549744 1.300528 2.391725
v -0.1291704 1.251916 2.397404
v -0.1654583 1.244872 2.415874
v -0.260553 1.217949 2.363941
v -0.2628981 1.234445 2.365475
v -0.2441851 1.241769 2.398301
v -0.2441851 1.241769 2.398301
v -0.2430488 1.222824 2.396682
v -0.260553 1.217949 2.363941
v -0.2391644 1.199791 2.397863
v -0.2430488 1.222824 2.396682
v -0.202164 1.225769 2.411085
v -0.202164 1.225769 2.411085
v -0.2085627 1.205912 2.408642
v -0.2391644 1.199791 2.397863
v -0.1743216 1.163608 2.386983
v -0.1635371 1.172753 2.393863
v -0.1586638 1.154346 2.359416
v -0.1743216 1.163608 2.386983
v -0.2188713 1.121717 2.356941
v -0.1924084 1.150981 2.396087
v -0.1549744 1.300528 2.391725
v -0.1765812 1.317232 2.358679
v -0.1386154 1.307046 2.36024
v -0.1809202 1.292868 2.405591
v -0.2151179 1.315136 2.357095
v -0.1549744 1.300528 2.391725
v -0.1819873 1.20643 2.415285
v -0.1705965 1.225345 2.416422
v -0.1369622 1.196249 2.395607
v -0.1369622 1.196249 2.395607
v -0.1635371 1.172753 2.393863
v -0.1819873 1.20643 2.415285
v -0.2607745 1.272846 2.355218
v -0.2498462 1.268123 2.383666
v -0.2441851 1.241769 2.398301
v -0.2441851 1.241769 2.398301
v -0.2628981 1.234445 2.365475
v -0.2607745 1.272846 2.355218
v -0.1291704 1.251916 2.397404
v -0.1549744 1.300528 2.391725
v -0.1386154 1.307046 2.36024
v -0.1386154 1.307046 2.36024
v -0.1151888 1.265521 2.361203
v -0.1291704 1.251916 2.397404
v -0.202164 1.225769 2.411085
v -0.1949063 1.247309 2.413152
v -0.1654583 1.244872 2.415874
v -0.1654583 1.244872 2.415874
v -0.1705965 1.225345 2.416422
v -0.202164 1.225769 2.411085
v -0.2438335 1.300949 2.355915
v -0.2151179 1.315136 2.357095
v -0.1809202 1.292868 2.405591
v -0.1809202 1.292868 2.405591
v -0.2312823 1.290069 2.391098
v -0.2438335 1.300949 2.355915
v -0.1850294 1.168592 2.397125
v -0.1985995 1.1715 2.402896
v -0.2085627 1.205912 2.408642
v -0.2085627 1.205912 2.408642
v -0.1819873 1.20643 2.415285
v -0.1850294 1.168592 2.397125
v -0.2600504 1.172515 2.365655
v -0.258245 1.199214 2.364549
v -0.2391644 1.199791 2.397863
v -0.2391644 1.199791 2.397863
v -0.2478012 1.179153 2.394141
v -0.2600504 1.172515 2.365655
v -0.1949063 1.247309 2.413152
v -0.1809202 1.292868 2.405591
v -0.1654583 1.244872 2.415874
v -0.2312823 1.290069 2.391098
v -0.2498462 1.268123 2.383666
v -0.2438335 1.300949 2.355915
v -0.2628981 1.234445 2.365475
v -0.267684 1.236589 2.354934
v -0.2607745 1.272846 2.355218
v -0.1654583 1.244872 2.415874
v -0.1291704 1.251916 2.397404
v -0.1287264 1.226701 2.39882
v -0.1850294 1.168592 2.397125
v -0.1635371 1.172753 2.393863
v -0.1743216 1.163608 2.386983
v -0.1291704 1.251916 2.397404
v -0.1151888 1.265521 2.361203
v -0.113856 1.238476 2.361258
v -0.2498462 1.268123 2.383666
v -0.2607745 1.272846 2.355218
v -0.2438335 1.300949 2.355915
v -0.2796007 1.175213 2.354445
v -0.2600504 1.172515 2.365655
v -0.264877 1.161829 2.35505
v -0.2033435 1.145597 2.397234
v -0.1985995 1.1715 2.402896
v -0.1850294 1.168592 2.397125
v -0.1850294 1.168592 2.397125
v -0.1924084 1.150981 2.396087
v -0.2033435 1.145597 2.397234
v -0.258245 1.199214 2.364549
v -0.260553 1.217949 2.363941
v -0.2430488 1.222824 2.396682
v -0.2430488 1.222824 2.396682
v -0.2391644 1.199791 2.397863
v -0.258245 1.199214 2.364549
v -0.2151179 1.315136 2.357095
v -0.1765812 1.317232 2.358679
v -0.1549744 1.300528 2.391725
v -0.1004868 1.293428 2.383668
v -0.1140199 1.302292 2.375021
v -0.1065978 1.308432 2.361556
v -0.1065978 1.308432 2.361556
v -0.08849461 1.303363 2.3623
v -0.1004868 1.293428 2.383668
v -0.08286567 1.261327 2.376301
v -0.07544321 1.267468 2.362837
v -0.08548037 1.250352 2.362424
v -0.08858684 1.277781 2.384157
v -0.1004868 1.293428 2.383668
v -0.08849461 1.303363 2.3623
v -0.08849461 1.303363 2.3623
v -0.07659463 1.287716 2.36279
v -0.08858684 1.277781 2.384157
v -0.1140199 1.302292 2.375021
v -0.1239896 1.300986 2.360841
v -0.1065978 1.308432 2.361556
v -0.08286567 1.261327 2.376301
v -0.08858684 1.277781 2.384157
v -0.07659463 1.287716 2.36279
v -0.07659463 1.287716 2.36279
v -0.07544321 1.267468 2.362837
v -0.08286567 1.261327 2.376301
v -0.09657983 1.249047 2.375737
v -0.110777 1.257911 2.383245
v -0.08858684 1.277781 2.384157
v -0.08858684 1.277781 2.384157
v -0.08286567 1.261327 2.376301
v -0.09657983 1.249047 2.375737
v -0.122677 1.273558 2.382756
v -0.1277344 1.290011 2.374457
v -0.1140199 1.302292 2.375021
v -0.1140199 1.302292 2.375021
v -0.1004868 1.293428 2.383668
v -0.122677 1.273558 2.382756
v -0.09657983 1.249047 2.375737
v -0.08286567 1.261327 2.376301
v -0.08548037 1.250352 2.362424
v -0.110777 1.257911 2.383245
v -0.122677 1.273558 2.382756
v -0.1004868 1.293428 2.383668
v -0.1004868 1.293428 2.383668
v -0.08858684 1.277781 2.384157
v -0.110777 1.257911 2.383245
v -0.1277344 1.290011 2.374457
v -0.1239896 1.300986 2.360841
v -0.1140199 1.302292 2.375021
v -0.1028718 1.242907 2.361709
v -0.120975 1.247976 2.360965
v -0.110777 1.257911 2.383245
v -0.110777 1.257911 2.383245
v -0.09657983 1.249047 2.375737
v -0.1028718 1.242907 2.361709
v -0.132875 1.263622 2.360476
v -0.1340264 1.283871 2.360429
v -0.1277344 1.290011 2.374457
v -0.1277344 1.290011 2.374457
v -0.122677 1.273558 2.382756
v -0.132875 1.263622 2.360476
v -0.1028718 1.242907 2.361709
v -0.09657983 1.249047 2.375737
v -0.08548037 1.250352 2.362424
v -0.120975 1.247976 2.360965
v -0.132875 1.263622 2.360476
v -0.122677 1.273558 2.382756
v -0.122677 1.273558 2.382756
v -0.110777 1.257911 2.383245
v -0.120975 1.247976 2.360965
v -0.1340264 1.283871 2.360429
v -0.1239896 1.300986 2.360841
v -0.1277344 1.290011 2.374457
v -0.1188007 0.6373894 2.361054
v -0.1461794 0.6080549 2.359929
v -0.1342389 0.5967327 2.379092
v -0.1342389 0.5967327 2.379092
v -0.1040153 0.629166 2.38644
v -0.1188007 0.6373894 2.361054
v -0.1040153 0.629166 2.38644
v -0.1342389 0.5967327 2.379092
v -0.1254254 0.5977678 2.424898
v -0.09788318 0.6506079 2.390586
v -0.1020784 0.6955705 2.376078
v -0.1119004 0.6949069 2.361338
v -0.1119004 0.6949069 2.361338
v -0.1071961 0.6572446 2.361531
v -0.09788318 0.6506079 2.390586
v -0.09788318 0.6506079 2.390586
v -0.1071961 0.6572446 2.361531
v -0.1188007 0.6373894 2.361054
v -0.1188007 0.6373894 2.361054
v -0.1040153 0.629166 2.38644
v -0.09788318 0.6506079 2.390586
v -0.1353304 0.6897144 2.457487
v -0.2332556 0.714735 2.447692
v -0.1512536 0.730418 2.445285
v -0.1020784 0.6955705 2.376078
v -0.1353304 0.6897144 2.457487
v -0.1512536 0.730418 2.445285
v -0.1512536 0.730418 2.445285
v -0.1175997 0.7405334 2.361104
v -0.1020784 0.6955705 2.376078
v -0.244888 0.6491765 2.412081
v -0.2558033 0.7058885 2.355423
v -0.2332556 0.714735 2.447692
v -0.1353304 0.6897144 2.457487
v -0.2284179 0.6485962 2.463451
v -0.2332556 0.714735 2.447692
v -0.1175997 0.7405334 2.361104
v -0.1119004 0.6949069 2.361338
v -0.1020784 0.6955705 2.376078
v -0.1956168 0.877508 2.518864
v -0.1946083 1.005853 2.457999
v -0.174247 1.031067 2.473511
v -0.174247 1.031067 2.473511
v -0.1818359 0.8913932 2.53778
v -0.1956168 0.877508 2.518864
v -0.1821179 0.8600283 2.502027
v -0.1729916 0.9700489 2.443966
v -0.1946083 1.005853 2.457999
v -0.1946083 1.005853 2.457999
v -0.1956168 0.877508 2.518864
v -0.1821179 0.8600283 2.502027
v -0.1548382 0.8564333 2.504105
v -0.1284244 0.9742036 2.443654
v -0.1729916 0.9700489 2.443966
v -0.1729916 0.9700489 2.443966
v -0.1821179 0.8600283 2.502027
v -0.1548382 0.8564333 2.504105
v -0.1410573 0.8703192 2.523021
v -0.1224337 1.004463 2.461101
v -0.1284244 0.9742036 2.443654
v -0.1284244 0.9742036 2.443654
v -0.1548382 0.8564333 2.504105
v -0.1410573 0.8703192 2.523021
v -0.1818359 0.8913932 2.53778
v -0.174247 1.031067 2.473511
v -0.1398349 1.029892 2.475848
v -0.1398349 1.029892 2.475848
v -0.1545562 0.887799 2.539858
v -0.1818359 0.8913932 2.53778
v -0.1946083 1.005853 2.457999
v -0.1729916 0.9700489 2.443966
v -0.2118081 0.997191 2.4446
v -0.1753334 1.050421 2.45862
v -0.174247 1.031067 2.473511
v -0.1946083 1.005853 2.457999
v -0.1409432 1.049879 2.461491
v -0.1216955 1.02048 2.443143
v -0.1224337 1.004463 2.461101
v -0.1224337 1.004463 2.461101
v -0.1398349 1.029892 2.475848
v -0.1409432 1.049879 2.461491
v -0.2321626 0.9517386 2.44458
v -0.2522561 0.9771774 2.431781
v -0.2257595 1.023453 2.428355
v -0.2257595 1.023453 2.428355
v -0.2118081 0.997191 2.4446
v -0.2321626 0.9517386 2.44458
v -0.1753334 1.050421 2.45862
v -0.1409432 1.049879 2.461491
v -0.1398349 1.029892 2.475848
v -0.1398349 1.029892 2.475848
v -0.174247 1.031067 2.473511
v -0.1753334 1.050421 2.45862
v -0.1984203 0.8301049 2.54986
v -0.1862289 0.8102597 2.530616
v -0.1821179 0.8600283 2.502027
v -0.1821179 0.8600283 2.502027
v -0.1956168 0.877508 2.518864
v -0.1984203 0.8301049 2.54986
v -0.1620631 0.8417889 2.573274
v -0.1863375 0.8458698 2.57119
v -0.1818359 0.8913932 2.53778
v -0.1818359 0.8913932 2.53778
v -0.1545562 0.887799 2.539858
v -0.1620631 0.8417889 2.573274
v -0.1862289 0.8102597 2.530616
v -0.1619546 0.806179 2.5327
v -0.1548382 0.8564333 2.504105
v -0.1548382 0.8564333 2.504105
v -0.1821179 0.8600283 2.502027
v -0.1862289 0.8102597 2.530616
v -0.1498718 0.8219433 2.554029
v -0.1620631 0.8417889 2.573274
v -0.1545562 0.887799 2.539858
v -0.1545562 0.887799 2.539858
v -0.1410573 0.8703192 2.523021
v -0.1498718 0.8219433 2.554029
v -0.1863375 0.8458698 2.57119
v -0.1984203 0.8301049 2.54986
v -0.1956168 0.877508 2.518864
v -0.1956168 0.877508 2.518864
v -0.1818359 0.8913932 2.53778
v -0.1863375 0.8458698 2.57119
v -0.1619546 0.806179 2.5327
v -0.1498718 0.8219433 2.554029
v -0.1410573 0.8703192 2.523021
v -0.1410573 0.8703192 2.523021
v -0.1548382 0.8564333 2.504105
v -0.1619546 0.806179 2.5327
v -0.2026998 0.7142445 2.635338
v -0.2116223 0.7063022 2.624476
v -0.1984203 0.8301049 2.54986
v -0.1984203 0.8301049 2.54986
v -0.1863375 0.8458698 2.57119
v -0.2026998 0.7142445 2.635338
v -0.176505 0.7021907 2.627014
v -0.1851409 0.7121885 2.636607
v -0.1620631 0.8417889 2.573274
v -0.1620631 0.8417889 2.573274
v -0.1498718 0.8219433 2.554029
v -0.176505 0.7021907 2.627014
v -0.1854275 0.6942488 2.616153
v -0.176505 0.7021907 2.627014
v -0.1498718 0.8219433 2.554029
v -0.1498718 0.8219433 2.554029
v -0.1619546 0.806179 2.5327
v -0.1854275 0.6942488 2.616153
v -0.2116223 0.7063022 2.624476
v -0.2029864 0.6963047 2.614883
v -0.1862289 0.8102597 2.530616
v -0.1862289 0.8102597 2.530616
v -0.1984203 0.8301049 2.54986
v -0.2116223 0.7063022 2.624476
v -0.1851409 0.7121885 2.636607
v -0.2026998 0.7142445 2.635338
v -0.1863375 0.8458698 2.57119
v -0.1863375 0.8458698 2.57119
v -0.1620631 0.8417889 2.573274
v -0.1851409 0.7121885 2.636607
v -0.2029864 0.6963047 2.614883
v -0.1854275 0.6942488 2.616153
v -0.1619546 0.806179 2.5327
v -0.1619546 0.806179 2.5327
v -0.1862289 0.8102597 2.530616
v -0.2029864 0.6963047 2.614883
v -0.1425685 0.8504983 2.360077
v -0.1262663 0.9449298 2.399924
v -0.1131876 0.9531432 2.361285
v -0.1216955 1.02048 2.443143
v -0.1284244 0.9742036 2.443654
v -0.1224337 1.004463 2.461101
v -0.2118081 0.997191 2.4446
v -0.1841943 1.057978 2.444303
v -0.1753334 1.050421 2.45862
v -0.1753334 1.050421 2.45862
v -0.1946083 1.005853 2.457999
v -0.2118081 0.997191 2.4446
v -0.1729916 0.9700489 2.443966
v -0.1478748 0.9270304 2.44216
v -0.2321626 0.9517386 2.44458
v -0.2321626 0.9517386 2.44458
v -0.2118081 0.997191 2.4446
v -0.1729916 0.9700489 2.443966
v -0.1478748 0.9270304 2.44216
v -0.1729916 0.9700489 2.443966
v -0.1284244 0.9742036 2.443654
v -0.1284244 0.9742036 2.443654
v -0.1216955 1.02048 2.443143
v -0.1140959 1.016807 2.395904
v -0.1236703 1.058124 2.393117
v -0.1140959 1.016807 2.395904
v -0.1216955 1.02048 2.443143
v -0.1216955 1.02048 2.443143
v -0.1363137 1.056274 2.444188
v -0.1236703 1.058124 2.393117
v -0.1131876 0.9531432 2.361285
v -0.1262663 0.9449298 2.399924
v -0.1140959 1.016807 2.395904
v -0.1140959 1.016807 2.395904
v -0.1183547 1.014842 2.361073
v -0.1131876 0.9531432 2.361285
v -0.1167294 1.060324 2.36114
v -0.1236703 1.058124 2.393117
v -0.1474496 1.086633 2.388974
v -0.1474496 1.086633 2.388974
v -0.1284035 1.086645 2.36066
v -0.1167294 1.060324 2.36114
v -0.1284244 0.9742036 2.443654
v -0.1140959 1.016807 2.395904
v -0.1262663 0.9449298 2.399924
v -0.1425685 0.8504983 2.360077
v -0.1755913 0.8557118 2.430593
v -0.1478748 0.9270304 2.44216
v -0.1478748 0.9270304 2.44216
v -0.1262663 0.9449298 2.399924
v -0.1425685 0.8504983 2.360077
v -0.1140959 1.016807 2.395904
v -0.1236703 1.058124 2.393117
v -0.1167294 1.060324 2.36114
v -0.1167294 1.060324 2.36114
v -0.1183547 1.014842 2.361073
v -0.1140959 1.016807 2.395904
v -0.1478748 0.9270304 2.44216
v -0.1284244 0.9742036 2.443654
v -0.1262663 0.9449298 2.399924
v -0.1812739 0.6694862 2.623976
v -0.1716693 0.6757294 2.63705
v -0.176505 0.7021907 2.627014
v -0.176505 0.7021907 2.627014
v -0.1854275 0.6942488 2.616153
v -0.1812739 0.6694862 2.623976
v -0.210448 0.6831897 2.615168
v -0.2188441 0.6641818 2.620727
v -0.2074014 0.6624204 2.62308
v -0.1810418 0.6802978 2.648058
v -0.2068566 0.6848319 2.645089
v -0.2026998 0.7142445 2.635338
v -0.2026998 0.7142445 2.635338
v -0.1851409 0.7121885 2.636607
v -0.1810418 0.6802978 2.648058
v -0.2074014 0.6624204 2.62308
v -0.1812739 0.6694862 2.623976
v -0.1854275 0.6942488 2.616153
v -0.1854275 0.6942488 2.616153
v -0.2029864 0.6963047 2.614883
v -0.2074014 0.6624204 2.62308
v -0.2068566 0.6848319 2.645089
v -0.2194148 0.6691691 2.637327
v -0.2116223 0.7063022 2.624476
v -0.2116223 0.7063022 2.624476
v -0.2026998 0.7142445 2.635338
v -0.2068566 0.6848319 2.645089
v -0.1716693 0.6757294 2.63705
v -0.1810418 0.6802978 2.648058
v -0.1851409 0.7121885 2.636607
v -0.1851409 0.7121885 2.636607
v -0.176505 0.7021907 2.627014
v -0.1716693 0.6757294 2.63705
v -0.209138 0.6296915 2.640801
v -0.1819287 0.6278546 2.64256
v -0.1812739 0.6694862 2.623976
v -0.1812739 0.6694862 2.623976
v -0.2074014 0.6624204 2.62308
v -0.209138 0.6296915 2.640801
v -0.2081521 0.6357287 2.656466
v -0.2188756 0.6334338 2.648056
v -0.2194148 0.6691691 2.637327
v -0.2194148 0.6691691 2.637327
v -0.2068566 0.6848319 2.645089
v -0.2081521 0.6357287 2.656466
v -0.1712137 0.6302159 2.651138
v -0.1809431 0.6338918 2.658226
v -0.1810418 0.6802978 2.648058
v -0.1810418 0.6802978 2.648058
v -0.1716693 0.6757294 2.63705
v -0.1712137 0.6302159 2.651138
v -0.1819287 0.6278546 2.64256
v -0.1712137 0.6302159 2.651138
v -0.1716693 0.6757294 2.63705
v -0.1716693 0.6757294 2.63705
v -0.1812739 0.6694862 2.623976
v -0.1819287 0.6278546 2.64256
v -0.2188756 0.6334338 2.648056
v -0.209138 0.6296915 2.640801
v -0.2074014 0.6624204 2.62308
v -0.2074014 0.6624204 2.62308
v -0.2194148 0.6691691 2.637327
v -0.2188756 0.6334338 2.648056
v -0.1809431 0.6338918 2.658226
v -0.2081521 0.6357287 2.656466
v -0.2068566 0.6848319 2.645089
v -0.2068566 0.6848319 2.645089
v -0.1810418 0.6802978 2.648058
v -0.1809431 0.6338918 2.658226
v -0.1863323 0.5821643 2.656866
v -0.1768778 0.5903369 2.660739
v -0.1712137 0.6302159 2.651138
v -0.1712137 0.6302159 2.651138
v -0.1819287 0.6278546 2.64256
v -0.1863323 0.5821643 2.656866
v -0.2157491 0.5814843 2.661137
v -0.2075104 0.5733113 2.657991
v -0.209138 0.6296915 2.640801
v -0.209138 0.6296915 2.640801
v -0.2188756 0.6334338 2.648056
v -0.2157491 0.5814843 2.661137
v -0.1853308 0.5861703 2.666897
v -0.2065093 0.5773172 2.668022
v -0.2081521 0.6357287 2.656466
v -0.2081521 0.6357287 2.656466
v -0.1809431 0.6338918 2.658226
v -0.1853308 0.5861703 2.666897
v -0.2075104 0.5733113 2.657991
v -0.1863323 0.5821643 2.656866
v -0.1819287 0.6278546 2.64256
v -0.1819287 0.6278546 2.64256
v -0.209138 0.6296915 2.640801
v -0.2075104 0.5733113 2.657991
v -0.2065093 0.5773172 2.668022
v -0.2157491 0.5814843 2.661137
v -0.2188756 0.6334338 2.648056
v -0.2188756 0.6334338 2.648056
v -0.2081521 0.6357287 2.656466
v -0.2065093 0.5773172 2.668022
v -0.1768778 0.5903369 2.660739
v -0.1853308 0.5861703 2.666897
v -0.1809431 0.6338918 2.658226
v -0.1809431 0.6338918 2.658226
v -0.1712137 0.6302159 2.651138
v -0.1768778 0.5903369 2.660739
v -0.2245065 0.6671392 2.627615
v -0.2188441 0.6641818 2.620727
v -0.210448 0.6831897 2.615168
v -0.210448 0.6831897 2.615168
v -0.2197887 0.6910319 2.6263
v -0.2245065 0.6671392 2.627615
v -0.2197887 0.6910319 2.6263
v -0.210448 0.6831897 2.615168
v -0.2029864 0.6963047 2.614883
v -0.2029864 0.6963047 2.614883
v -0.2116223 0.7063022 2.624476
v -0.2197887 0.6910319 2.6263
v -0.2197887 0.6910319 2.6263
v -0.2116223 0.7063022 2.624476
v -0.2194148 0.6691691 2.637327
v -0.2281092 0.6350346 2.635409
v -0.2234067 0.632058 2.629557
v -0.2188441 0.6641818 2.620727
v -0.2188441 0.6641818 2.620727
v -0.2245065 0.6671392 2.627615
v -0.2281092 0.6350346 2.635409
v -0.2225723 0.6168624 2.6359
v -0.2172616 0.6163301 2.640169
v -0.2143439 0.6313053 2.634483
v -0.2143439 0.6313053 2.634483
v -0.2234067 0.632058 2.629557
v -0.2225723 0.6168624 2.6359
v -0.2234067 0.632058 2.629557
v -0.2143439 0.6313053 2.634483
v -0.2074014 0.6624204 2.62308
v -0.2074014 0.6624204 2.62308
v -0.2188441 0.6641818 2.620727
v -0.2234067 0.632058 2.629557
v -0.2143439 0.6313053 2.634483
v -0.2218145 0.6368834 2.643121
v -0.2194148 0.6691691 2.637327
v -0.2194148 0.6691691 2.637327
v -0.2074014 0.6624204 2.62308
v -0.2143439 0.6313053 2.634483
v -0.2218145 0.6368834 2.643121
v -0.2281092 0.6350346 2.635409
v -0.2245065 0.6671392 2.627615
v -0.2245065 0.6671392 2.627615
v -0.2194148 0.6691691 2.637327
v -0.2218145 0.6368834 2.643121
v -0.2225723 0.6168624 2.6359
v -0.2272204 0.6197173 2.641297
v -0.220828 0.6196587 2.644357
v -0.220828 0.6196587 2.644357
v -0.2172616 0.6163301 2.640169
v -0.2225723 0.6168624 2.6359
v -0.2172616 0.6163301 2.640169
v -0.220828 0.6196587 2.644357
v -0.2218145 0.6368834 2.643121
v -0.2218145 0.6368834 2.643121
v -0.2143439 0.6313053 2.634483
v -0.2172616 0.6163301 2.640169
v -0.220828 0.6196587 2.644357
v -0.2272204 0.6197173 2.641297
v -0.2281092 0.6350346 2.635409
v -0.2281092 0.6350346 2.635409
v -0.2218145 0.6368834 2.643121
v -0.220828 0.6196587 2.644357
v -0.2272204 0.6197173 2.641297
v -0.2225723 0.6168624 2.6359
v -0.2234067 0.632058 2.629557
v -0.2234067 0.632058 2.629557
v -0.2281092 0.6350346 2.635409
v -0.2272204 0.6197173 2.641297
v -0.1853308 0.5861703 2.666897
v -0.1863323 0.5821643 2.656866
v -0.2075104 0.5733113 2.657991
v -0.2075104 0.5733113 2.657991
v -0.2065093 0.5773172 2.668022
v -0.1853308 0.5861703 2.666897
v -0.2065093 0.5773172 2.668022
v -0.2075104 0.5733113 2.657991
v -0.2157491 0.5814843 2.661137
v -0.1863323 0.5821643 2.656866
v -0.1853308 0.5861703 2.666897
v -0.1768778 0.5903369 2.660739
v -0.210448 0.6831897 2.615168
v -0.2074014 0.6624204 2.62308
v -0.2029864 0.6963047 2.614883
v -0.2197887 0.6910319 2.6263
v -0.2194148 0.6691691 2.637327
v -0.2245065 0.6671392 2.627615
v -0.199812 1.086645 2.357724
v -0.209266 1.109745 2.357336
v -0.1934923 1.114811 2.386243
v -0.1934923 1.114811 2.386243
v -0.1831537 1.086634 2.387507
v -0.199812 1.086645 2.357724
v -0.1831537 1.086634 2.387507
v -0.1934923 1.114811 2.386243
v -0.1596254 1.124944 2.387635
v -0.1596254 1.124944 2.387635
v -0.1474496 1.086633 2.388974
v -0.1831537 1.086634 2.387507
v -0.1474496 1.086633 2.388974
v -0.1596254 1.124944 2.387635
v -0.1415323 1.130011 2.36012
v -0.1415323 1.130011 2.36012
v -0.1284035 1.086645 2.36066
v -0.1474496 1.086633 2.388974
v -0.1545562 0.887799 2.539858
v -0.1398349 1.029892 2.475848
v -0.1224337 1.004463 2.461101
v -0.1224337 1.004463 2.461101
v -0.1410573 0.8703192 2.523021
v -0.1545562 0.887799 2.539858
v -0.1551994 1.173376 2.359558
v -0.1699738 1.163243 2.328725
v -0.157306 1.124944 2.331213
v -0.157306 1.124944 2.331213
v -0.1415323 1.130011 2.36012
v -0.1551994 1.173376 2.359558
v -0.1699738 1.163243 2.328725
v -0.2020034 1.142978 2.327409
v -0.1911729 1.114811 2.32982
v -0.1911729 1.114811 2.32982
v -0.157306 1.124944 2.331213
v -0.1699738 1.163243 2.328725
v -0.2020034 1.142978 2.327409
v -0.2192586 1.132845 2.356925
v -0.209266 1.109745 2.357336
v -0.209266 1.109745 2.357336
v -0.1911729 1.114811 2.32982
v -0.2020034 1.142978 2.327409
v -0.199812 1.086645 2.357724
v -0.2114861 1.060324 2.357244
v -0.1771409 1.057978 2.272719
v -0.1771409 1.057978 2.272719
v -0.1807655 1.086634 2.32941
v -0.199812 1.086645 2.357724
v -0.1807655 1.086634 2.32941
v -0.1771409 1.057978 2.272719
v -0.1294312 1.056274 2.276764
v -0.1294312 1.056274 2.276764
v -0.1450615 1.086633 2.330878
v -0.1807655 1.086634 2.32941
v -0.1294312 1.056274 2.276764
v -0.1210223 1.058124 2.3287
v -0.1450615 1.086633 2.330878
v -0.2249247 0.9517386 2.268507
v -0.2443586 0.8706297 2.281778
v -0.1696922 0.8557118 2.28709
v -0.1696922 0.8557118 2.28709
v -0.1411198 0.9270304 2.277837
v -0.2249247 0.9517386 2.268507
v -0.2881964 0.9780588 2.32775
v -0.3014829 0.9401212 2.326773
v -0.275452 0.9340514 2.289801
v -0.275452 0.9340514 2.289801
v -0.2460008 0.9771774 2.279613
v -0.2881964 0.9780588 2.32775
v -0.2338374 1.029176 2.349361
v -0.2881964 0.9780588 2.32775
v -0.2460008 0.9771774 2.279613
v -0.2460008 0.9771774 2.279613
v -0.2198748 1.023453 2.285202
v -0.2338374 1.029176 2.349361
v -0.1671348 1.050421 2.259179
v -0.132625 1.049879 2.25914
v -0.1294312 1.056274 2.276764
v -0.1294312 1.056274 2.276764
v -0.1771409 1.057978 2.272719
v -0.1671348 1.050421 2.259179
v -0.132625 1.049879 2.25914
v -0.1149481 1.02048 2.279005
v -0.1294312 1.056274 2.276764
v -0.2765779 0.874067 2.354569
v -0.26618 0.784588 2.354996
v -0.2329956 0.784588 2.283337
v -0.2329956 0.784588 2.283337
v -0.2443586 0.8706297 2.281778
v -0.2765779 0.874067 2.354569
v -0.1696922 0.8557118 2.28709
v -0.17262 0.784588 2.285819
v -0.1454292 0.784588 2.35996
v -0.1454292 0.784588 2.35996
v -0.1425685 0.8504983 2.360077
v -0.1696922 0.8557118 2.28709
v -0.2443586 0.8706297 2.281778
v -0.2329956 0.784588 2.283337
v -0.17262 0.784588 2.285819
v -0.17262 0.784588 2.285819
v -0.1696922 0.8557118 2.28709
v -0.2443586 0.8706297 2.281778
v -0.1273598 0.6897144 2.26359
v -0.1246969 0.6485962 2.25391
v -0.09552993 0.6506079 2.33334
v -0.09552993 0.6506079 2.33334
v -0.1009018 0.6955705 2.347455
v -0.1273598 0.6897144 2.26359
v -0.1273598 0.6897144 2.26359
v -0.2196437 0.6485962 2.250007
v -0.1246969 0.6485962 2.25391
v -0.2329956 0.784588 2.283337
v -0.2257586 0.714735 2.265315
v -0.1442307 0.730418 2.274445
v -0.1442307 0.730418 2.274445
v -0.17262 0.784588 2.285819
v -0.2329956 0.784588 2.283337
v -0.17262 0.784588 2.285819
v -0.1442307 0.730418 2.274445
v -0.1175997 0.7405334 2.361104
v -0.1175997 0.7405334 2.361104
v -0.1454292 0.784588 2.35996
v -0.17262 0.784588 2.285819
v -0.26618 0.784588 2.354996
v -0.2558033 0.7058885 2.355423
v -0.2257586 0.714735 2.265315
v -0.2257586 0.714735 2.265315
v -0.2329956 0.784588 2.283337
v -0.26618 0.784588 2.354996
v -0.3014829 0.9401212 2.326773
v -0.2765779 0.874067 2.354569
v -0.2443586 0.8706297 2.281778
v -0.2443586 0.8706297 2.281778
v -0.275452 0.9340514 2.289801
v -0.3014829 0.9401212 2.326773
v -0.2114861 1.060324 2.357244
v -0.232441 1.027672 2.356881
v -0.2338374 1.029176 2.349361
v -0.275452 0.9340514 2.289801
v -0.2443586 0.8706297 2.281778
v -0.2249247 0.9517386 2.268507
v -0.2249247 0.9517386 2.268507
v -0.2460008 0.9771774 2.279613
v -0.275452 0.9340514 2.289801
v -0.293638 0.9386113 2.353867
v -0.2765779 0.874067 2.354569
v -0.3014829 0.9401212 2.326773
v -0.2046371 0.997191 2.270157
v -0.1771409 1.057978 2.272719
v -0.2198748 1.023453 2.285202
v -0.3014829 0.9401212 2.326773
v -0.2881964 0.9780588 2.32775
v -0.2778993 0.9792985 2.354514
v -0.2778993 0.9792985 2.354514
v -0.293638 0.9386113 2.353867
v -0.3014829 0.9401212 2.326773
v -0.2391923 0.600778 2.296209
v -0.2447448 0.6489424 2.355877
v -0.2266935 0.5968673 2.342804
v -0.2196437 0.6485962 2.250007
v -0.2170084 0.5968779 2.243862
v -0.142889 0.5970058 2.246909
v -0.142889 0.5970058 2.246909
v -0.1246969 0.6485962 2.25391
v -0.2196437 0.6485962 2.250007
v -0.1246969 0.6485962 2.25391
v -0.120163 0.5977678 2.296883
v -0.1019817 0.629166 2.336969
v -0.1019817 0.629166 2.336969
v -0.09552993 0.6506079 2.33334
v -0.1246969 0.6485962 2.25391
v -0.1327064 0.5967327 2.341811
v -0.1347165 0.500858 2.335449
v -0.2060772 0.4909777 2.335964
v -0.2060772 0.4909777 2.335964
v -0.2266935 0.5968673 2.342804
v -0.1327064 0.5967327 2.341811
v -0.2447448 0.6489424 2.355877
v -0.2272605 0.5968673 2.356596
v -0.2266935 0.5968673 2.342804
v -0.2196437 0.6485962 2.250007
v -0.2391923 0.600778 2.296209
v -0.2170084 0.5968779 2.243862
v -0.1246969 0.6485962 2.25391
v -0.142889 0.5970058 2.246909
v -0.120163 0.5977678 2.296883
v -0.2447448 0.6489424 2.355877
v -0.2391923 0.600778 2.296209
v -0.2402745 0.6491765 2.299852
v -0.1347165 0.500858 2.335449
v -0.1275304 0.3815716 2.325064
v -0.1757981 0.3664473 2.326529
v -0.1757981 0.3664473 2.326529
v -0.2060772 0.4909777 2.335964
v -0.1347165 0.500858 2.335449
v -0.120163 0.5977678 2.296883
v -0.1240789 0.5028467 2.297032
v -0.1347165 0.500858 2.335449
v -0.1347165 0.500858 2.335449
v -0.1327064 0.5967327 2.341811
v -0.120163 0.5977678 2.296883
v -0.142889 0.5970058 2.246909
v -0.1472352 0.499683 2.255518
v -0.1240789 0.5028467 2.297032
v -0.1240789 0.5028467 2.297032
v -0.120163 0.5977678 2.296883
v -0.142889 0.5970058 2.246909
v -0.2266935 0.5968673 2.342804
v -0.2060772 0.4909777 2.335964
v -0.2299126 0.48928 2.296959
v -0.2299126 0.48928 2.296959
v -0.2391923 0.600778 2.296209
v -0.2266935 0.5968673 2.342804
v -0.2170084 0.5968779 2.243862
v -0.2112815 0.4914408 2.252885
v -0.1472352 0.499683 2.255518
v -0.1472352 0.499683 2.255518
v -0.142889 0.5970058 2.246909
v -0.2170084 0.5968779 2.243862
v -0.2391923 0.600778 2.296209
v -0.2299126 0.48928 2.296959
v -0.2112815 0.4914408 2.252885
v -0.2112815 0.4914408 2.252885
v -0.2170084 0.5968779 2.243862
v -0.2391923 0.600778 2.296209
v -0.1275304 0.3815716 2.325064
v -0.1170334 0.344553 2.314283
v -0.1686112 0.3145748 2.31503
v -0.1686112 0.3145748 2.31503
v -0.1757981 0.3664473 2.326529
v -0.1275304 0.3815716 2.325064
v -0.2060772 0.4909777 2.335964
v -0.1757981 0.3664473 2.326529
v -0.1956575 0.3665138 2.296758
v -0.1956575 0.3665138 2.296758
v -0.2299126 0.48928 2.296959
v -0.2060772 0.4909777 2.335964
v -0.2299126 0.48928 2.296959
v -0.1956575 0.3665138 2.296758
v -0.1830897 0.3730837 2.262751
v -0.1830897 0.3730837 2.262751
v -0.2112815 0.4914408 2.252885
v -0.2299126 0.48928 2.296959
v -0.1240789 0.5028467 2.297032
v -0.124522 0.3866782 2.292301
v -0.1275304 0.3815716 2.325064
v -0.1275304 0.3815716 2.325064
v -0.1347165 0.500858 2.335449
v -0.1240789 0.5028467 2.297032
v -0.1472352 0.499683 2.255518
v -0.1376224 0.385545 2.26462
v -0.124522 0.3866782 2.292301
v -0.124522 0.3866782 2.292301
v -0.1240789 0.5028467 2.297032
v -0.1472352 0.499683 2.255518
v -0.2112815 0.4914408 2.252885
v -0.1830897 0.3730837 2.262751
v -0.1376224 0.385545 2.26462
v -0.1376224 0.385545 2.26462
v -0.1472352 0.499683 2.255518
v -0.2112815 0.4914408 2.252885
v -0.1376224 0.385545 2.26462
v -0.1295247 0.3438315 2.261464
v -0.1133676 0.3478113 2.287096
v -0.1133676 0.3478113 2.287096
v -0.124522 0.3866782 2.292301
v -0.1376224 0.385545 2.26462
v -0.1067277 0.2598036 2.317962
v -0.1285616 0.09350893 2.308899
v -0.1607337 0.09232364 2.305013
v -0.1607337 0.09232364 2.305013
v -0.1614193 0.2446995 2.308513
v -0.1067277 0.2598036 2.317962
v -0.1830897 0.3730837 2.262751
v -0.1688155 0.3219354 2.25695
v -0.1295247 0.3438315 2.261464
v -0.1295247 0.3438315 2.261464
v -0.1376224 0.385545 2.26462
v -0.1830897 0.3730837 2.262751
v -0.1757981 0.3664473 2.326529
v -0.1686112 0.3145748 2.31503
v -0.1790639 0.3107756 2.283312
v -0.1790639 0.3107756 2.283312
v -0.1956575 0.3665138 2.296758
v -0.1757981 0.3664473 2.326529
v -0.1956575 0.3665138 2.296758
v -0.1790639 0.3107756 2.283312
v -0.1688155 0.3219354 2.25695
v -0.1688155 0.3219354 2.25695
v -0.1830897 0.3730837 2.262751
v -0.1956575 0.3665138 2.296758
v -0.124522 0.3866782 2.292301
v -0.1133676 0.3478113 2.287096
v -0.1170334 0.344553 2.314283
v -0.1170334 0.344553 2.314283
v -0.1275304 0.3815716 2.325064
v -0.124522 0.3866782 2.292301
v -0.1704732 0.2427649 2.282721
v -0.1660437 0.09223796 2.29049
v -0.159818 0.09233221 2.274879
v -0.159818 0.09233221 2.274879
v -0.1608529 0.2448945 2.257549
v -0.1704732 0.2427649 2.282721
v -0.09102915 0.259517 2.280744
v -0.1175174 0.09298108 2.292958
v -0.1285616 0.09350893 2.308899
v -0.1285616 0.09350893 2.308899
v -0.1067277 0.2598036 2.317962
v -0.09102915 0.259517 2.280744
v -0.1176087 0.2567235 2.250627
v -0.1285517 0.09285733 2.270293
v -0.1175174 0.09298108 2.292958
v -0.1175174 0.09298108 2.292958
v -0.09102915 0.259517 2.280744
v -0.1176087 0.2567235 2.250627
v -0.1608529 0.2448945 2.257549
v -0.159818 0.09233221 2.274879
v -0.1285517 0.09285733 2.270293
v -0.1285517 0.09285733 2.270293
v -0.1176087 0.2567235 2.250627
v -0.1608529 0.2448945 2.257549
v -0.1170334 0.344553 2.314283
v -0.1067277 0.2598036 2.317962
v -0.1614193 0.2446995 2.308513
v -0.1614193 0.2446995 2.308513
v -0.1686112 0.3145748 2.31503
v -0.1170334 0.344553 2.314283
v -0.1614193 0.2446995 2.308513
v -0.1607337 0.09232364 2.305013
v -0.1660437 0.09223796 2.29049
v -0.1660437 0.09223796 2.29049
v -0.1704732 0.2427649 2.282721
v -0.1614193 0.2446995 2.308513
v -0.1686112 0.3145748 2.31503
v -0.1614193 0.2446995 2.308513
v -0.1704732 0.2427649 2.282721
v -0.1704732 0.2427649 2.282721
v -0.1790639 0.3107756 2.283312
v -0.1686112 0.3145748 2.31503
v -0.1688155 0.3219354 2.25695
v -0.1608529 0.2448945 2.257549
v -0.1176087 0.2567235 2.250627
v -0.1176087 0.2567235 2.250627
v -0.1295247 0.3438315 2.261464
v -0.1688155 0.3219354 2.25695
v -0.1295247 0.3438315 2.261464
v -0.1176087 0.2567235 2.250627
v -0.09102915 0.259517 2.280744
v -0.09102915 0.259517 2.280744
v -0.1133676 0.3478113 2.287096
v -0.1295247 0.3438315 2.261464
v -0.1133676 0.3478113 2.287096
v -0.09102915 0.259517 2.280744
v -0.1067277 0.2598036 2.317962
v -0.1067277 0.2598036 2.317962
v -0.1170334 0.344553 2.314283
v -0.1133676 0.3478113 2.287096
v -0.1790639 0.3107756 2.283312
v -0.1704732 0.2427649 2.282721
v -0.1608529 0.2448945 2.257549
v -0.1608529 0.2448945 2.257549
v -0.1688155 0.3219354 2.25695
v -0.1790639 0.3107756 2.283312
v -0.2272605 0.5968673 2.356596
v -0.1461794 0.6080549 2.359929
v -0.1327064 0.5967327 2.341811
v -0.1327064 0.5967327 2.341811
v -0.2266935 0.5968673 2.342804
v -0.2272605 0.5968673 2.356596
v -0.2447448 0.6489424 2.355877
v -0.2402745 0.6491765 2.299852
v -0.2558033 0.7058885 2.355423
v -0.2402745 0.6491765 2.299852
v -0.2391923 0.600778 2.296209
v -0.2196437 0.6485962 2.250007
v -0.2196437 0.6485962 2.250007
v -0.2257586 0.714735 2.265315
v -0.2402745 0.6491765 2.299852
v -0.1079912 0.02092985 2.294863
v -0.1075548 0.0005920465 2.294261
v -0.121271 0.0003325711 2.311343
v -0.121271 0.0003325711 2.311343
v -0.1218233 0.02084621 2.316156
v -0.1079912 0.02092985 2.294863
v -0.1218233 0.02084621 2.316156
v -0.121271 0.0003325711 2.311343
v -0.160702 9.50328E-05 2.304851
v -0.160702 9.50328E-05 2.304851
v -0.1606455 0.02043284 2.311367
v -0.1218233 0.02084621 2.316156
v -0.2314771 0.0421729 2.265826
v -0.2782407 0.03157863 2.269763
v -0.2767812 0.005568697 2.26204
v -0.2767812 0.005568697 2.26204
v -0.2301936 0.01131555 2.257501
v -0.2314771 0.0421729 2.265826
v -0.1591675 0.02043284 2.269031
v -0.1597701 9.50328E-05 2.275683
v -0.1225672 9.50328E-05 2.271473
v -0.1225672 9.50328E-05 2.271473
v -0.1224193 0.02124828 2.267144
v -0.1591675 0.02043284 2.269031
v -0.1224193 0.02124828 2.267144
v -0.1225672 9.50328E-05 2.271473
v -0.1075548 0.0005920465 2.294261
v -0.1075548 0.0005920465 2.294261
v -0.1079912 0.02092985 2.294863
v -0.1224193 0.02124828 2.267144
v -0.230883 9.50328E-05 2.266268
v -0.2721298 9.50328E-05 2.268909
v -0.2822526 9.50328E-05 2.286065
v -0.2822526 9.50328E-05 2.286065
v -0.2404757 9.50328E-05 2.288005
v -0.230883 9.50328E-05 2.266268
v -0.1660437 0.09223796 2.29049
v -0.1746653 0.07544608 2.290735
v -0.167754 0.07544608 2.273124
v -0.167754 0.07544608 2.273124
v -0.159818 0.09233221 2.274879
v -0.1660437 0.09223796 2.29049
v -0.1285517 0.09285733 2.270293
v -0.1256116 0.06667602 2.269241
v -0.1138784 0.06667602 2.294255
v -0.1138784 0.06667602 2.294255
v -0.1175174 0.09298108 2.292958
v -0.1285517 0.09285733 2.270293
v -0.159818 0.09233221 2.274879
v -0.167754 0.07544608 2.273124
v -0.1256116 0.06667602 2.269241
v -0.1256116 0.06667602 2.269241
v -0.1285517 0.09285733 2.270293
v -0.159818 0.09233221 2.274879
v -0.1607337 0.09232364 2.305013
v -0.1688377 0.07544608 2.306868
v -0.1746653 0.07544608 2.290735
v -0.1746653 0.07544608 2.290735
v -0.1660437 0.09223796 2.29049
v -0.1607337 0.09232364 2.305013
v -0.1285616 0.09350893 2.308899
v -0.1290352 0.06625407 2.310921
v -0.1688377 0.07544608 2.306868
v -0.1688377 0.07544608 2.306868
v -0.1607337 0.09232364 2.305013
v -0.1285616 0.09350893 2.308899
v -0.1175174 0.09298108 2.292958
v -0.1138784 0.06667602 2.294255
v -0.1290352 0.06625407 2.310921
v -0.1290352 0.06625407 2.310921
v -0.1285616 0.09350893 2.308899
v -0.1175174 0.09298108 2.292958
v -0.2823141 0.005568697 2.306366
v -0.2771166 9.50328E-05 2.300065
v -0.2822526 9.50328E-05 2.286065
v -0.2822526 9.50328E-05 2.286065
v -0.2889758 0.005568697 2.286075
v -0.2823141 0.005568697 2.306366
v -0.2889758 0.005568697 2.286075
v -0.2822526 9.50328E-05 2.286065
v -0.2721298 9.50328E-05 2.268909
v -0.2721298 9.50328E-05 2.268909
v -0.2767812 0.005568697 2.26204
v -0.2889758 0.005568697 2.286075
v -0.2409742 0.0421729 2.28803
v -0.2880595 0.03157863 2.286932
v -0.2782407 0.03157863 2.269763
v -0.2782407 0.03157863 2.269763
v -0.2314771 0.0421729 2.265826
v -0.2409742 0.0421729 2.28803
v -0.2404757 9.50328E-05 2.288005
v -0.2822526 9.50328E-05 2.286065
v -0.2771166 9.50328E-05 2.300065
v -0.2771166 9.50328E-05 2.300065
v -0.2355192 9.50328E-05 2.30637
v -0.2404757 9.50328E-05 2.288005
v -0.2355192 9.50328E-05 2.30637
v -0.2771166 9.50328E-05 2.300065
v -0.2823141 0.005568697 2.306366
v -0.2823141 0.005568697 2.306366
v -0.2355475 0.01131555 2.314949
v -0.2355192 9.50328E-05 2.30637
v -0.2361545 0.0421729 2.306783
v -0.2832423 0.03157863 2.30092
v -0.2880595 0.03157863 2.286932
v -0.2880595 0.03157863 2.286932
v -0.2409742 0.0421729 2.28803
v -0.2361545 0.0421729 2.306783
v -0.2355475 0.01131555 2.314949
v -0.2823141 0.005568697 2.306366
v -0.2832423 0.03157863 2.30092
v -0.2832423 0.03157863 2.30092
v -0.2361545 0.0421729 2.306783
v -0.2355475 0.01131555 2.314949
v -0.2880595 0.03157863 2.286932
v -0.2889758 0.005568697 2.286075
v -0.2767812 0.005568697 2.26204
v -0.2767812 0.005568697 2.26204
v -0.2782407 0.03157863 2.269763
v -0.2880595 0.03157863 2.286932
v -0.2832423 0.03157863 2.30092
v -0.2823141 0.005568697 2.306366
v -0.2889758 0.005568697 2.286075
v -0.2889758 0.005568697 2.286075
v -0.2880595 0.03157863 2.286932
v -0.2832423 0.03157863 2.30092
v -0.1256116 0.06667602 2.269241
v -0.1224193 0.02124828 2.267144
v -0.1079912 0.02092985 2.294863
v -0.1079912 0.02092985 2.294863
v -0.1138784 0.06667602 2.294255
v -0.1256116 0.06667602 2.269241
v -0.167754 0.07544608 2.273124
v -0.1591675 0.02043284 2.269031
v -0.1224193 0.02124828 2.267144
v -0.1224193 0.02124828 2.267144
v -0.1256116 0.06667602 2.269241
v -0.167754 0.07544608 2.273124
v -0.2301936 0.01131555 2.257501
v -0.2767812 0.005568697 2.26204
v -0.2721298 9.50328E-05 2.268909
v -0.2721298 9.50328E-05 2.268909
v -0.230883 9.50328E-05 2.266268
v -0.2301936 0.01131555 2.257501
v -0.1290352 0.06625407 2.310921
v -0.1218233 0.02084621 2.316156
v -0.1606455 0.02043284 2.311367
v -0.1606455 0.02043284 2.311367
v -0.1688377 0.07544608 2.306868
v -0.1290352 0.06625407 2.310921
v -0.1138784 0.06667602 2.294255
v -0.1079912 0.02092985 2.294863
v -0.1218233 0.02084621 2.316156
v -0.1218233 0.02084621 2.316156
v -0.1290352 0.06625407 2.310921
v -0.1138784 0.06667602 2.294255
v -0.1591675 0.02043284 2.269031
v -0.2301936 0.01131555 2.257501
v -0.230883 9.50328E-05 2.266268
v -0.230883 9.50328E-05 2.266268
v -0.1597701 9.50328E-05 2.275683
v -0.1591675 0.02043284 2.269031
v -0.1606455 0.02043284 2.311367
v -0.2355475 0.01131555 2.314949
v -0.2361545 0.0421729 2.306783
v -0.2361545 0.0421729 2.306783
v -0.1688377 0.07544608 2.306868
v -0.1606455 0.02043284 2.311367
v -0.1688377 0.07544608 2.306868
v -0.2361545 0.0421729 2.306783
v -0.2409742 0.0421729 2.28803
v -0.2409742 0.0421729 2.28803
v -0.1746653 0.07544608 2.290735
v -0.1688377 0.07544608 2.306868
v -0.160702 9.50328E-05 2.304851
v -0.2355192 9.50328E-05 2.30637
v -0.2355475 0.01131555 2.314949
v -0.2355475 0.01131555 2.314949
v -0.1606455 0.02043284 2.311367
v -0.160702 9.50328E-05 2.304851
v -0.165838 9.50328E-05 2.290851
v -0.2404757 9.50328E-05 2.288005
v -0.2355192 9.50328E-05 2.30637
v -0.2355192 9.50328E-05 2.30637
v -0.160702 9.50328E-05 2.304851
v -0.165838 9.50328E-05 2.290851
v -0.1746653 0.07544608 2.290735
v -0.2409742 0.0421729 2.28803
v -0.2314771 0.0421729 2.265826
v -0.2314771 0.0421729 2.265826
v -0.167754 0.07544608 2.273124
v -0.1746653 0.07544608 2.290735
v -0.1597701 9.50328E-05 2.275683
v -0.230883 9.50328E-05 2.266268
v -0.2404757 9.50328E-05 2.288005
v -0.2404757 9.50328E-05 2.288005
v -0.165838 9.50328E-05 2.290851
v -0.1597701 9.50328E-05 2.275683
v -0.167754 0.07544608 2.273124
v -0.2314771 0.0421729 2.265826
v -0.2301936 0.01131555 2.257501
v -0.2301936 0.01131555 2.257501
v -0.1591675 0.02043284 2.269031
v -0.167754 0.07544608 2.273124
v -0.165838 9.50328E-05 2.290851
v -0.160702 9.50328E-05 2.304851
v -0.121271 0.0003325711 2.311343
v -0.121271 0.0003325711 2.311343
v -0.1075548 0.0005920465 2.294261
v -0.165838 9.50328E-05 2.290851
v -0.165838 9.50328E-05 2.290851
v -0.1075548 0.0005920465 2.294261
v -0.1225672 9.50328E-05 2.271473
v -0.1225672 9.50328E-05 2.271473
v -0.1597701 9.50328E-05 2.275683
v -0.165838 9.50328E-05 2.290851
v -0.2451817 1.149211 2.327972
v -0.2000888 1.145597 2.318058
v -0.1948961 1.1715 2.312804
v -0.1948961 1.1715 2.312804
v -0.2446503 1.179153 2.317492
v -0.2451817 1.149211 2.327972
v -0.2598378 1.217949 2.346543
v -0.265732 1.216162 2.355015
v -0.2698879 1.195559 2.354844
v -0.2698879 1.195559 2.354844
v -0.2574877 1.199214 2.346126
v -0.2598378 1.217949 2.346543
v -0.1658774 1.225345 2.301623
v -0.1977764 1.225769 2.30435
v -0.204354 1.205912 2.30626
v -0.204354 1.205912 2.30626
v -0.1773231 1.20643 2.301821
v -0.1658774 1.225345 2.301623
v -0.2512967 1.117754 2.355608
v -0.2188713 1.121717 2.356941
v -0.2435001 1.120682 2.339793
v -0.2407051 1.241769 2.313643
v -0.1903736 1.247309 2.302887
v -0.1770552 1.292868 2.311569
v -0.1770552 1.292868 2.311569
v -0.2284369 1.290069 2.32188
v -0.2407051 1.241769 2.313643
v -0.2620702 1.147563 2.355165
v -0.2512967 1.117754 2.355608
v -0.2435001 1.120682 2.339793
v -0.2435001 1.120682 2.339793
v -0.2451817 1.149211 2.327972
v -0.2620702 1.147563 2.355165
v -0.1139227 1.217554 2.361255
v -0.1255933 1.226701 2.322602
v -0.134065 1.196249 2.325128
v -0.134065 1.196249 2.325128
v -0.1223731 1.191646 2.360908
v -0.1139227 1.217554 2.361255
v -0.2620491 1.234445 2.344822
v -0.267684 1.236589 2.354934
v -0.265732 1.216162 2.355015
v -0.265732 1.216162 2.355015
v -0.2598378 1.217949 2.346543
v -0.2620491 1.234445 2.344822
v -0.2188713 1.121717 2.356941
v -0.1586638 1.154346 2.359416
v -0.1720062 1.163608 2.330656
v -0.1773231 1.20643 2.301821
v -0.1818453 1.168592 2.31967
v -0.1606933 1.172753 2.324685
v -0.204354 1.205912 2.30626
v -0.2357373 1.199791 2.314492
v -0.1948961 1.1715 2.312804
v -0.2451817 1.149211 2.327972
v -0.2591963 1.172515 2.344876
v -0.264877 1.161829 2.35505
v -0.2446503 1.179153 2.317492
v -0.2591963 1.172515 2.344876
v -0.2451817 1.149211 2.327972
v -0.2188713 1.121717 2.356941
v -0.1892848 1.150981 2.320099
v -0.2000888 1.145597 2.318058
v -0.2000888 1.145597 2.318058
v -0.2435001 1.120682 2.339793
v -0.2188713 1.121717 2.356941
v -0.1818453 1.168592 2.31967
v -0.1892848 1.150981 2.320099
v -0.1720062 1.163608 2.330656
v -0.2435001 1.120682 2.339793
v -0.2000888 1.145597 2.318058
v -0.2451817 1.149211 2.327972
v -0.1223731 1.191646 2.360908
v -0.134065 1.196249 2.325128
v -0.1606933 1.172753 2.324685
v -0.1606933 1.172753 2.324685
v -0.1586638 1.154346 2.359416
v -0.1223731 1.191646 2.360908
v -0.1948961 1.1715 2.312804
v -0.2357373 1.199791 2.314492
v -0.2446503 1.179153 2.317492
v -0.1903736 1.247309 2.302887
v -0.2407051 1.241769 2.313643
v -0.2397054 1.222824 2.315349
v -0.2397054 1.222824 2.315349
v -0.1977764 1.225769 2.30435
v -0.1903736 1.247309 2.302887
v -0.2284369 1.290069 2.32188
v -0.2475483 1.268123 2.327764
v -0.2407051 1.241769 2.313643
v -0.113856 1.238476 2.361258
v -0.1261519 1.251916 2.323977
v -0.1255933 1.226701 2.322602
v -0.1255933 1.226701 2.322602
v -0.1139227 1.217554 2.361255
v -0.113856 1.238476 2.361258
v -0.2574877 1.199214 2.346126
v -0.2698879 1.195559 2.354844
v -0.2796007 1.175213 2.354445
v -0.2796007 1.175213 2.354445
v -0.2591963 1.172515 2.344876
v -0.2574877 1.199214 2.346126
v -0.1255933 1.226701 2.322602
v -0.1608015 1.244872 2.30259
v -0.1658774 1.225345 2.301623
v -0.1658774 1.225345 2.301623
v -0.134065 1.196249 2.325128
v -0.1255933 1.226701 2.322602
v -0.2451817 1.149211 2.327972
v -0.264877 1.161829 2.35505
v -0.2620702 1.147563 2.355165
v -0.152335 1.300528 2.327519
v -0.1770552 1.292868 2.311569
v -0.1608015 1.244872 2.30259
v -0.1608015 1.244872 2.30259
v -0.1261519 1.251916 2.323977
v -0.152335 1.300528 2.327519
v -0.2407051 1.241769 2.313643
v -0.2620491 1.234445 2.344822
v -0.2598378 1.217949 2.346543
v -0.2598378 1.217949 2.346543
v -0.2397054 1.222824 2.315349
v -0.2407051 1.241769 2.313643
v -0.1977764 1.225769 2.30435
v -0.2397054 1.222824 2.315349
v -0.2357373 1.199791 2.314492
v -0.2357373 1.199791 2.314492
v -0.204354 1.205912 2.30626
v -0.1977764 1.225769 2.30435
v -0.1606933 1.172753 2.324685
v -0.1720062 1.163608 2.330656
v -0.1586638 1.154346 2.359416
v -0.2188713 1.121717 2.356941
v -0.1720062 1.163608 2.330656
v -0.1892848 1.150981 2.320099
v -0.1765812 1.317232 2.358679
v -0.152335 1.300528 2.327519
v -0.1386154 1.307046 2.36024
v -0.2151179 1.315136 2.357095
v -0.1770552 1.292868 2.311569
v -0.152335 1.300528 2.327519
v -0.134065 1.196249 2.325128
v -0.1658774 1.225345 2.301623
v -0.1773231 1.20643 2.301821
v -0.1773231 1.20643 2.301821
v -0.1606933 1.172753 2.324685
v -0.134065 1.196249 2.325128
v -0.2407051 1.241769 2.313643
v -0.2475483 1.268123 2.327764
v -0.2607745 1.272846 2.355218
v -0.2607745 1.272846 2.355218
v -0.2620491 1.234445 2.344822
v -0.2407051 1.241769 2.313643
v -0.1386154 1.307046 2.36024
v -0.152335 1.300528 2.327519
v -0.1261519 1.251916 2.323977
v -0.1261519 1.251916 2.323977
v -0.1151888 1.265521 2.361203
v -0.1386154 1.307046 2.36024
v -0.1608015 1.244872 2.30259
v -0.1903736 1.247309 2.302887
v -0.1977764 1.225769 2.30435
v -0.1977764 1.225769 2.30435
v -0.1658774 1.225345 2.301623
v -0.1608015 1.244872 2.30259
v -0.1770552 1.292868 2.311569
v -0.2151179 1.315136 2.357095
v -0.2438335 1.300949 2.355915
v -0.2438335 1.300949 2.355915
v -0.2284369 1.290069 2.32188
v -0.1770552 1.292868 2.311569
v -0.204354 1.205912 2.30626
v -0.1948961 1.1715 2.312804
v -0.1818453 1.168592 2.31967
v -0.1818453 1.168592 2.31967
v -0.1773231 1.20643 2.301821
v -0.204354 1.205912 2.30626
v -0.2357373 1.199791 2.314492
v -0.2574877 1.199214 2.346126
v -0.2591963 1.172515 2.344876
v -0.2591963 1.172515 2.344876
v -0.2446503 1.179153 2.317492
v -0.2357373 1.199791 2.314492
v -0.1770552 1.292868 2.311569
v -0.1903736 1.247309 2.302887
v -0.1608015 1.244872 2.30259
v -0.2475483 1.268123 2.327764
v -0.2284369 1.290069 2.32188
v -0.2438335 1.300949 2.355915
v -0.267684 1.236589 2.354934
v -0.2620491 1.234445 2.344822
v -0.2607745 1.272846 2.355218
v -0.1261519 1.251916 2.323977
v -0.1608015 1.244872 2.30259
v -0.1255933 1.226701 2.322602
v -0.1606933 1.172753 2.324685
v -0.1818453 1.168592 2.31967
v -0.1720062 1.163608 2.330656
v -0.1151888 1.265521 2.361203
v -0.1261519 1.251916 2.323977
v -0.113856 1.238476 2.361258
v -0.2607745 1.272846 2.355218
v -0.2475483 1.268123 2.327764
v -0.2438335 1.300949 2.355915
v -0.2591963 1.172515 2.344876
v -0.2796007 1.175213 2.354445
v -0.264877 1.161829 2.35505
v -0.1818453 1.168592 2.31967
v -0.1948961 1.1715 2.312804
v -0.2000888 1.145597 2.318058
v -0.2000888 1.145597 2.318058
v -0.1892848 1.150981 2.320099
v -0.1818453 1.168592 2.31967
v -0.2397054 1.222824 2.315349
v -0.2598378 1.217949 2.346543
v -0.2574877 1.199214 2.346126
v -0.2574877 1.199214 2.346126
v -0.2357373 1.199791 2.314492
v -0.2397054 1.222824 2.315349
v -0.1765812 1.317232 2.358679
v -0.2151179 1.315136 2.357095
v -0.152335 1.300528 2.327519
v -0.1065978 1.308432 2.361556
v -0.1128898 1.302292 2.347528
v -0.09869259 1.293428 2.34002
v -0.09869259 1.293428 2.34002
v -0.08849461 1.303363 2.3623
v -0.1065978 1.308432 2.361556
v -0.07544321 1.267468 2.362837
v -0.08173552 1.261327 2.348809
v -0.08548037 1.250352 2.362424
v -0.08849461 1.303363 2.3623
v -0.09869259 1.293428 2.34002
v -0.0867926 1.277781 2.34051
v -0.0867926 1.277781 2.34051
v -0.07659463 1.287716 2.36279
v -0.08849461 1.303363 2.3623
v -0.1239896 1.300986 2.360841
v -0.1128898 1.302292 2.347528
v -0.1065978 1.308432 2.361556
v -0.07659463 1.287716 2.36279
v -0.0867926 1.277781 2.34051
v -0.08173552 1.261327 2.348809
v -0.08173552 1.261327 2.348809
v -0.07544321 1.267468 2.362837
v -0.07659463 1.287716 2.36279
v -0.0867926 1.277781 2.34051
v -0.1089828 1.257911 2.339597
v -0.09544969 1.249047 2.348245
v -0.09544969 1.249047 2.348245
v -0.08173552 1.261327 2.348809
v -0.0867926 1.277781 2.34051
v -0.1128898 1.302292 2.347528
v -0.1266043 1.290011 2.346964
v -0.1208828 1.273558 2.339108
v -0.1208828 1.273558 2.339108
v -0.09869259 1.293428 2.34002
v -0.1128898 1.302292 2.347528
v -0.08173552 1.261327 2.348809
v -0.09544969 1.249047 2.348245
v -0.08548037 1.250352 2.362424
v -0.09869259 1.293428 2.34002
v -0.1208828 1.273558 2.339108
v -0.1089828 1.257911 2.339597
v -0.1089828 1.257911 2.339597
v -0.0867926 1.277781 2.34051
v -0.09869259 1.293428 2.34002
v -0.1239896 1.300986 2.360841
v -0.1266043 1.290011 2.346964
v -0.1128898 1.302292 2.347528
v -0.1089828 1.257911 2.339597
v -0.120975 1.247976 2.360965
v -0.1028718 1.242907 2.361709
v -0.1028718 1.242907 2.361709
v -0.09544969 1.249047 2.348245
v -0.1089828 1.257911 2.339597
v -0.1266043 1.290011 2.346964
v -0.1340264 1.283871 2.360429
v -0.132875 1.263622 2.360476
v -0.132875 1.263622 2.360476
v -0.1208828 1.273558 2.339108
v -0.1266043 1.290011 2.346964
v -0.09544969 1.249047 2.348245
v -0.1028718 1.242907 2.361709
v -0.08548037 1.250352 2.362424
v -0.1208828 1.273558 2.339108
v -0.132875 1.263622 2.360476
v -0.120975 1.247976 2.360965
v -0.120975 1.247976 2.360965
v -0.1089828 1.257911 2.339597
v -0.1208828 1.273558 2.339108
v -0.1239896 1.300986 2.360841
v -0.1340264 1.283871 2.360429
v -0.1266043 1.290011 2.346964
v -0.1327064 0.5967327 2.341811
v -0.1461794 0.6080549 2.359929
v -0.1188007 0.6373894 2.361054
v -0.1188007 0.6373894 2.361054
v -0.1019817 0.629166 2.336969
v -0.1327064 0.5967327 2.341811
v -0.1327064 0.5967327 2.341811
v -0.1019817 0.629166 2.336969
v -0.120163 0.5977678 2.296883
v -0.1119004 0.6949069 2.361338
v -0.1009018 0.6955705 2.347455
v -0.09552993 0.6506079 2.33334
v -0.09552993 0.6506079 2.33334
v -0.1071961 0.6572446 2.361531
v -0.1119004 0.6949069 2.361338
v -0.1188007 0.6373894 2.361054
v -0.1071961 0.6572446 2.361531
v -0.09552993 0.6506079 2.33334
v -0.09552993 0.6506079 2.33334
v -0.1019817 0.629166 2.336969
v -0.1188007 0.6373894 2.361054
v -0.2257586 0.714735 2.265315
v -0.1273598 0.6897144 2.26359
v -0.1442307 0.730418 2.274445
v -0.1442307 0.730418 2.274445
v -0.1273598 0.6897144 2.26359
v -0.1009018 0.6955705 2.347455
v -0.1009018 0.6955705 2.347455
v -0.1175997 0.7405334 2.361104
v -0.1442307 0.730418 2.274445
v -0.2558033 0.7058885 2.355423
v -0.2402745 0.6491765 2.299852
v -0.2257586 0.714735 2.265315
v -0.2196437 0.6485962 2.250007
v -0.1273598 0.6897144 2.26359
v -0.2257586 0.714735 2.265315
v -0.1119004 0.6949069 2.361338
v -0.1175997 0.7405334 2.361104
v -0.1009018 0.6955705 2.347455
v -0.1648299 1.031067 2.244427
v -0.1863957 1.005853 2.258215
v -0.1824051 0.877508 2.197473
v -0.1824051 0.877508 2.197473
v -0.1671182 0.8913932 2.179752
v -0.1648299 1.031067 2.244427
v -0.1863957 1.005853 2.258215
v -0.1660037 0.9700489 2.273975
v -0.1703338 0.8600283 2.215361
v -0.1703338 0.8600283 2.215361
v -0.1824051 0.877508 2.197473
v -0.1863957 1.005853 2.258215
v -0.1660037 0.9700489 2.273975
v -0.1216125 0.9742036 2.277944
v -0.1429755 0.8564333 2.215529
v -0.1429755 0.8564333 2.215529
v -0.1703338 0.8600283 2.215361
v -0.1660037 0.9700489 2.273975
v -0.1216125 0.9742036 2.277944
v -0.11421 1.004463 2.261048
v -0.1276886 0.8703192 2.197808
v -0.1276886 0.8703192 2.197808
v -0.1429755 0.8564333 2.215529
v -0.1216125 0.9742036 2.277944
v -0.130342 1.029892 2.244921
v -0.1648299 1.031067 2.244427
v -0.1671182 0.8913932 2.179752
v -0.1671182 0.8913932 2.179752
v -0.13976 0.887799 2.17992
v -0.130342 1.029892 2.244921
v -0.1660037 0.9700489 2.273975
v -0.1863957 1.005853 2.258215
v -0.2046371 0.997191 2.270157
v -0.1648299 1.031067 2.244427
v -0.1671348 1.050421 2.259179
v -0.1863957 1.005853 2.258215
v -0.11421 1.004463 2.261048
v -0.1149481 1.02048 2.279005
v -0.132625 1.049879 2.25914
v -0.132625 1.049879 2.25914
v -0.130342 1.029892 2.244921
v -0.11421 1.004463 2.261048
v -0.2198748 1.023453 2.285202
v -0.2460008 0.9771774 2.279613
v -0.2249247 0.9517386 2.268507
v -0.2249247 0.9517386 2.268507
v -0.2046371 0.997191 2.270157
v -0.2198748 1.023453 2.285202
v -0.130342 1.029892 2.244921
v -0.132625 1.049879 2.25914
v -0.1671348 1.050421 2.259179
v -0.1671348 1.050421 2.259179
v -0.1648299 1.031067 2.244427
v -0.130342 1.029892 2.244921
v -0.1703338 0.8600283 2.215361
v -0.1720844 0.8102597 2.186531
v -0.1826551 0.8301049 2.166351
v -0.1826551 0.8301049 2.166351
v -0.1824051 0.877508 2.197473
v -0.1703338 0.8600283 2.215361
v -0.1671182 0.8913932 2.179752
v -0.1688625 0.8458698 2.146085
v -0.1444989 0.8417889 2.146
v -0.1444989 0.8417889 2.146
v -0.13976 0.887799 2.17992
v -0.1671182 0.8913932 2.179752
v -0.1429755 0.8564333 2.215529
v -0.1477209 0.806179 2.186446
v -0.1720844 0.8102597 2.186531
v -0.1720844 0.8102597 2.186531
v -0.1703338 0.8600283 2.215361
v -0.1429755 0.8564333 2.215529
v -0.13976 0.887799 2.17992
v -0.1444989 0.8417889 2.146
v -0.1339283 0.8219433 2.166181
v -0.1339283 0.8219433 2.166181
v -0.1276886 0.8703192 2.197808
v -0.13976 0.887799 2.17992
v -0.1824051 0.877508 2.197473
v -0.1826551 0.8301049 2.166351
v -0.1688625 0.8458698 2.146085
v -0.1688625 0.8458698 2.146085
v -0.1671182 0.8913932 2.179752
v -0.1824051 0.877508 2.197473
v -0.1276886 0.8703192 2.197808
v -0.1339283 0.8219433 2.166181
v -0.1477209 0.806179 2.186446
v -0.1477209 0.806179 2.186446
v -0.1429755 0.8564333 2.215529
v -0.1276886 0.8703192 2.197808
v -0.1826551 0.8301049 2.166351
v -0.1896884 0.7063022 2.090903
v -0.1799045 0.7142445 2.08081
v -0.1799045 0.7142445 2.08081
v -0.1688625 0.8458698 2.146085
v -0.1826551 0.8301049 2.166351
v -0.1444989 0.8417889 2.146
v -0.1623007 0.7121885 2.080986
v -0.1544812 0.7021907 2.091256
v -0.1544812 0.7021907 2.091256
v -0.1339283 0.8219433 2.166181
v -0.1444989 0.8417889 2.146
v -0.1339283 0.8219433 2.166181
v -0.1544812 0.7021907 2.091256
v -0.1642652 0.6942488 2.101349
v -0.1642652 0.6942488 2.101349
v -0.1477209 0.806179 2.186446
v -0.1339283 0.8219433 2.166181
v -0.1720844 0.8102597 2.186531
v -0.1818689 0.6963047 2.101172
v -0.1896884 0.7063022 2.090903
v -0.1896884 0.7063022 2.090903
v -0.1826551 0.8301049 2.166351
v -0.1720844 0.8102597 2.186531
v -0.1688625 0.8458698 2.146085
v -0.1799045 0.7142445 2.08081
v -0.1623007 0.7121885 2.080986
v -0.1623007 0.7121885 2.080986
v -0.1444989 0.8417889 2.146
v -0.1688625 0.8458698 2.146085
v -0.1477209 0.806179 2.186446
v -0.1642652 0.6942488 2.101349
v -0.1818689 0.6963047 2.101172
v -0.1818689 0.6963047 2.101172
v -0.1720844 0.8102597 2.186531
v -0.1477209 0.806179 2.186446
v -0.1230509 0.9449298 2.321704
v -0.1425685 0.8504983 2.360077
v -0.1131876 0.9531432 2.361285
v -0.1216125 0.9742036 2.277944
v -0.1149481 1.02048 2.279005
v -0.11421 1.004463 2.261048
v -0.1671348 1.050421 2.259179
v -0.1771409 1.057978 2.272719
v -0.2046371 0.997191 2.270157
v -0.2046371 0.997191 2.270157
v -0.1863957 1.005853 2.258215
v -0.1671348 1.050421 2.259179
v -0.2249247 0.9517386 2.268507
v -0.1411198 0.9270304 2.277837
v -0.1660037 0.9700489 2.273975
v -0.1660037 0.9700489 2.273975
v -0.2046371 0.997191 2.270157
v -0.2249247 0.9517386 2.268507
v -0.1660037 0.9700489 2.273975
v -0.1411198 0.9270304 2.277837
v -0.1216125 0.9742036 2.277944
v -0.1149481 1.02048 2.279005
v -0.1216125 0.9742036 2.277944
v -0.1112514 1.016807 2.326709
v -0.1149481 1.02048 2.279005
v -0.1112514 1.016807 2.326709
v -0.1210223 1.058124 2.3287
v -0.1210223 1.058124 2.3287
v -0.1294312 1.056274 2.276764
v -0.1149481 1.02048 2.279005
v -0.1112514 1.016807 2.326709
v -0.1230509 0.9449298 2.321704
v -0.1131876 0.9531432 2.361285
v -0.1131876 0.9531432 2.361285
v -0.1183547 1.014842 2.361073
v -0.1112514 1.016807 2.326709
v -0.1450615 1.086633 2.330878
v -0.1210223 1.058124 2.3287
v -0.1167294 1.060324 2.36114
v -0.1167294 1.060324 2.36114
v -0.1284035 1.086645 2.36066
v -0.1450615 1.086633 2.330878
v -0.1112514 1.016807 2.326709
v -0.1216125 0.9742036 2.277944
v -0.1230509 0.9449298 2.321704
v -0.1411198 0.9270304 2.277837
v -0.1696922 0.8557118 2.28709
v -0.1425685 0.8504983 2.360077
v -0.1425685 0.8504983 2.360077
v -0.1230509 0.9449298 2.321704
v -0.1411198 0.9270304 2.277837
v -0.1167294 1.060324 2.36114
v -0.1210223 1.058124 2.3287
v -0.1112514 1.016807 2.326709
v -0.1112514 1.016807 2.326709
v -0.1183547 1.014842 2.361073
v -0.1167294 1.060324 2.36114
v -0.1216125 0.9742036 2.277944
v -0.1411198 0.9270304 2.277837
v -0.1230509 0.9449298 2.321704
v -0.1544812 0.7021907 2.091256
v -0.1488381 0.675729 2.08165
v -0.1594835 0.6694862 2.093893
v -0.1594835 0.6694862 2.093893
v -0.1642652 0.6942488 2.101349
v -0.1544812 0.7021907 2.091256
v -0.1971935 0.6641818 2.094047
v -0.189282 0.6831897 2.100277
v -0.1855963 0.6624204 2.092641
v -0.1799045 0.7142445 2.08081
v -0.1832469 0.6848319 2.070751
v -0.1572756 0.6802978 2.069911
v -0.1572756 0.6802978 2.069911
v -0.1623007 0.7121885 2.080986
v -0.1799045 0.7142445 2.08081
v -0.1642652 0.6942488 2.101349
v -0.1594835 0.6694862 2.093893
v -0.1855963 0.6624204 2.092641
v -0.1855963 0.6624204 2.092641
v -0.1818689 0.6963047 2.101172
v -0.1642652 0.6942488 2.101349
v -0.1896884 0.7063022 2.090903
v -0.1963998 0.6691691 2.077456
v -0.1832469 0.6848319 2.070751
v -0.1832469 0.6848319 2.070751
v -0.1799045 0.7142445 2.08081
v -0.1896884 0.7063022 2.090903
v -0.1623007 0.7121885 2.080986
v -0.1572756 0.6802978 2.069911
v -0.1488381 0.675729 2.08165
v -0.1488381 0.675729 2.08165
v -0.1544812 0.7021907 2.091256
v -0.1623007 0.7121885 2.080986
v -0.1594835 0.6694862 2.093893
v -0.1586107 0.6278546 2.075318
v -0.1858726 0.6296915 2.074837
v -0.1858726 0.6296915 2.074837
v -0.1855963 0.6624204 2.092641
v -0.1594835 0.6694862 2.093893
v -0.1963998 0.6691691 2.077456
v -0.1949818 0.6334338 2.066807
v -0.1836042 0.6357287 2.059306
v -0.1836042 0.6357287 2.059306
v -0.1832469 0.6848319 2.070751
v -0.1963998 0.6691691 2.077456
v -0.1572756 0.6802978 2.069911
v -0.1563426 0.6338915 2.059786
v -0.1472278 0.6302159 2.067648
v -0.1472278 0.6302159 2.067648
v -0.1488381 0.675729 2.08165
v -0.1572756 0.6802978 2.069911
v -0.1488381 0.675729 2.08165
v -0.1472278 0.6302159 2.067648
v -0.1586107 0.6278546 2.075318
v -0.1586107 0.6278546 2.075318
v -0.1594835 0.6694862 2.093893
v -0.1488381 0.675729 2.08165
v -0.1855963 0.6624204 2.092641
v -0.1858726 0.6296915 2.074837
v -0.1949818 0.6334338 2.066807
v -0.1949818 0.6334338 2.066807
v -0.1963998 0.6691691 2.077456
v -0.1855963 0.6624204 2.092641
v -0.1832469 0.6848319 2.070751
v -0.1836042 0.6357287 2.059306
v -0.1563426 0.6338915 2.059786
v -0.1563426 0.6338915 2.059786
v -0.1572756 0.6802978 2.069911
v -0.1832469 0.6848319 2.070751
v -0.1472278 0.6302159 2.067648
v -0.1520848 0.5903369 2.057615
v -0.1618252 0.5821643 2.060698
v -0.1618252 0.5821643 2.060698
v -0.1586107 0.6278546 2.075318
v -0.1472278 0.6302159 2.067648
v -0.1858726 0.6296915 2.074837
v -0.1828395 0.5733113 2.057838
v -0.1907922 0.5814843 2.054028
v -0.1907922 0.5814843 2.054028
v -0.1949818 0.6334338 2.066807
v -0.1858726 0.6296915 2.074837
v -0.1836042 0.6357287 2.059306
v -0.1810185 0.5773172 2.047924
v -0.1600038 0.5861703 2.050784
v -0.1600038 0.5861703 2.050784
v -0.1563426 0.6338915 2.059786
v -0.1836042 0.6357287 2.059306
v -0.1586107 0.6278546 2.075318
v -0.1618252 0.5821643 2.060698
v -0.1828395 0.5733113 2.057838
v -0.1828395 0.5733113 2.057838
v -0.1858726 0.6296915 2.074837
v -0.1586107 0.6278546 2.075318
v -0.1949818 0.6334338 2.066807
v -0.1907922 0.5814843 2.054028
v -0.1810185 0.5773172 2.047924
v -0.1810185 0.5773172 2.047924
v -0.1836042 0.6357287 2.059306
v -0.1949818 0.6334338 2.066807
v -0.1563426 0.6338915 2.059786
v -0.1600038 0.5861703 2.050784
v -0.1520848 0.5903369 2.057615
v -0.1520848 0.5903369 2.057615
v -0.1472278 0.6302159 2.067648
v -0.1563426 0.6338915 2.059786
v -0.189282 0.6831897 2.100277
v -0.1971935 0.6641818 2.094047
v -0.2022715 0.6671392 2.086717
v -0.2022715 0.6671392 2.086717
v -0.1976775 0.6910319 2.088415
v -0.189282 0.6831897 2.100277
v -0.1818689 0.6963047 2.101172
v -0.189282 0.6831897 2.100277
v -0.1976775 0.6910319 2.088415
v -0.1976775 0.6910319 2.088415
v -0.1896884 0.7063022 2.090903
v -0.1818689 0.6963047 2.101172
v -0.1896884 0.7063022 2.090903
v -0.1976775 0.6910319 2.088415
v -0.1963998 0.6691691 2.077456
v -0.1971935 0.6641818 2.094047
v -0.201016 0.632058 2.084872
v -0.2052223 0.6350342 2.078654
v -0.2052223 0.6350342 2.078654
v -0.2022715 0.6671392 2.086717
v -0.1971935 0.6641818 2.094047
v -0.1915795 0.6313053 2.080707
v -0.1940206 0.6163301 2.0748
v -0.1996638 0.6168624 2.078619
v -0.1996638 0.6168624 2.078619
v -0.201016 0.632058 2.084872
v -0.1915795 0.6313053 2.080707
v -0.1855963 0.6624204 2.092641
v -0.1915795 0.6313053 2.080707
v -0.201016 0.632058 2.084872
v -0.201016 0.632058 2.084872
v -0.1971935 0.6641818 2.094047
v -0.1855963 0.6624204 2.092641
v -0.1963998 0.6691691 2.077456
v -0.1983159 0.6368834 2.071484
v -0.1915795 0.6313053 2.080707
v -0.1915795 0.6313053 2.080707
v -0.1855963 0.6624204 2.092641
v -0.1963998 0.6691691 2.077456
v -0.2022715 0.6671392 2.086717
v -0.2052223 0.6350342 2.078654
v -0.1983159 0.6368834 2.071484
v -0.1983159 0.6368834 2.071484
v -0.1963998 0.6691691 2.077456
v -0.2022715 0.6671392 2.086717
v -0.1972313 0.6196587 2.070334
v -0.2038532 0.6197173 2.072859
v -0.1996638 0.6168624 2.078619
v -0.1996638 0.6168624 2.078619
v -0.1940206 0.6163301 2.0748
v -0.1972313 0.6196587 2.070334
v -0.1983159 0.6368834 2.071484
v -0.1972313 0.6196587 2.070334
v -0.1940206 0.6163301 2.0748
v -0.1940206 0.6163301 2.0748
v -0.1915795 0.6313053 2.080707
v -0.1983159 0.6368834 2.071484
v -0.2052223 0.6350342 2.078654
v -0.2038532 0.6197173 2.072859
v -0.1972313 0.6196587 2.070334
v -0.1972313 0.6196587 2.070334
v -0.1983159 0.6368834 2.071484
v -0.2052223 0.6350342 2.078654
v -0.201016 0.632058 2.084872
v -0.1996638 0.6168624 2.078619
v -0.2038532 0.6197173 2.072859
v -0.2038532 0.6197173 2.072859
v -0.2052223 0.6350342 2.078654
v -0.201016 0.632058 2.084872
v -0.1828395 0.5733113 2.057838
v -0.1618252 0.5821643 2.060698
v -0.1600038 0.5861703 2.050784
v -0.1600038 0.5861703 2.050784
v -0.1810185 0.5773172 2.047924
v -0.1828395 0.5733113 2.057838
v -0.1828395 0.5733113 2.057838
v -0.1810185 0.5773172 2.047924
v -0.1907922 0.5814843 2.054028
v -0.1600038 0.5861703 2.050784
v -0.1618252 0.5821643 2.060698
v -0.1520848 0.5903369 2.057615
v -0.1855963 0.6624204 2.092641
v -0.189282 0.6831897 2.100277
v -0.1818689 0.6963047 2.101172
v -0.1963998 0.6691691 2.077456
v -0.1976775 0.6910319 2.088415
v -0.2022715 0.6671392 2.086717
v -0.1911729 1.114811 2.32982
v -0.209266 1.109745 2.357336
v -0.199812 1.086645 2.357724
v -0.199812 1.086645 2.357724
v -0.1807655 1.086634 2.32941
v -0.1911729 1.114811 2.32982
v -0.157306 1.124944 2.331213
v -0.1911729 1.114811 2.32982
v -0.1807655 1.086634 2.32941
v -0.1807655 1.086634 2.32941
v -0.1450615 1.086633 2.330878
v -0.157306 1.124944 2.331213
v -0.1415323 1.130011 2.36012
v -0.157306 1.124944 2.331213
v -0.1450615 1.086633 2.330878
v -0.1450615 1.086633 2.330878
v -0.1284035 1.086645 2.36066
v -0.1415323 1.130011 2.36012
v -0.11421 1.004463 2.261048
v -0.130342 1.029892 2.244921
v -0.13976 0.887799 2.17992
v -0.13976 0.887799 2.17992
v -0.1276886 0.8703192 2.197808
v -0.11421 1.004463 2.261048
v -0.2778993 0.9792985 2.354514
v -0.232441 1.027672 2.356881
v -0.2344499 1.029176 2.364261
v -0.2344499 1.029176 2.364261
v -0.2903584 0.9780588 2.380343
v -0.2778993 0.9792985 2.354514
v -0.2338374 1.029176 2.349361
v -0.232441 1.027672 2.356881
v -0.2778993 0.9792985 2.354514
v -0.2778993 0.9792985 2.354514
v -0.2881964 0.9780588 2.32775
v -0.2338374 1.029176 2.349361
v -0.2903584 0.9780588 2.380343
v -0.2344499 1.029176 2.364261
v -0.2257595 1.023453 2.428355
v -0.2257595 1.023453 2.428355
v -0.2522561 0.9771774 2.431781
v -0.2903584 0.9780588 2.380343
v -0.2344499 1.029176 2.364261
v -0.2114861 1.060324 2.357244
v -0.1841943 1.057978 2.444303
v -0.1841943 1.057978 2.444303
v -0.2257595 1.023453 2.428355
v -0.2344499 1.029176 2.364261
v -0.1072569 1.217475 2.349641
v -0.1101049 1.215915 2.352599
v -0.1362353 1.349882 2.381955
v -0.1362353 1.349882 2.381955
v -0.1307771 1.352873 2.376287
v -0.1072569 1.217475 2.349641
v -0.1172501 1.225481 2.342771
v -0.1282172 1.338735 2.390059
v -0.1260311 1.336426 2.394017
v -0.1260311 1.336426 2.394017
v -0.1161095 1.224275 2.344837
v -0.1172501 1.225481 2.342771
v -0.1161095 1.224275 2.344837
v -0.1144197 1.226323 2.3419
v -0.1172501 1.225481 2.342771
v -0.1260311 1.336426 2.394017
v -0.1282172 1.338735 2.390059
v -0.1227928 1.34035 2.388389
v -0.1282172 1.338735 2.390059
v -0.1172501 1.225481 2.342771
v -0.1144197 1.226323 2.3419
v -0.1144197 1.226323 2.3419
v -0.1227928 1.34035 2.388389
v -0.1282172 1.338735 2.390059
v -0.1105922 1.21665 2.349936
v -0.137169 1.351291 2.376852
v -0.1362353 1.349882 2.381955
v -0.1362353 1.349882 2.381955
v -0.1101049 1.215915 2.352599
v -0.1105922 1.21665 2.349936
v -0.1101049 1.215915 2.352599
v -0.1072569 1.217475 2.349641
v -0.1105922 1.21665 2.349936
v -0.1362353 1.349882 2.381955
v -0.137169 1.351291 2.376852
v -0.1307771 1.352873 2.376287
v -0.137169 1.351291 2.376852
v -0.1105922 1.21665 2.349936
v -0.1072569 1.217475 2.349641
v -0.1072569 1.217475 2.349641
v -0.1307771 1.352873 2.376287
v -0.137169 1.351291 2.376852
v -0.1144197 1.226323 2.3419
v -0.1161095 1.224275 2.344837
v -0.1260311 1.336426 2.394017
v -0.1260311 1.336426 2.394017
v -0.1227928 1.34035 2.388389
v -0.1144197 1.226323 2.3419
vt 0.129744 0.306075
vt 0.128542 0.360092
vt 0.185494 0.365978
vt 0.185494 0.365978
vt 0.185494 0.305003
vt 0.129744 0.306075
vt 0.078057 0.307844
vt 0.07533 0.347936
vt 0.128542 0.360092
vt 0.128542 0.360092
vt 0.129744 0.306075
vt 0.078057 0.307844
vt 0.022339 0.305556
vt 0.01883 0.338672
vt 0.07533 0.347936
vt 0.07533 0.347936
vt 0.078057 0.307844
vt 0.022339 0.305556
vt 0.947217 0.942018
vt 0.82742 0.944673
vt 0.82742 0.971296
vt 0.82742 0.971296
vt 0.863554 0.971296
vt 0.947217 0.942018
vt 0.952221 0.945797
vt 0.947217 0.942018
vt 0.863554 0.971296
vt 0.863554 0.971296
vt 0.863554 0.971296
vt 0.952221 0.945797
vt 0.744825 0.929905
vt 0.664742 0.927512
vt 0.749564 0.959174
vt 0.947127 0.737723
vt 0.919429 0.752811
vt 0.950773 0.836647
vt 0.950773 0.836647
vt 0.974105 0.811285
vt 0.947127 0.737723
vt 0.907882 0.816958
vt 0.860655 0.823097
vt 0.860121 0.861468
vt 0.860121 0.861468
vt 0.917725 0.860079
vt 0.907882 0.816958
vt 0.836684 0.921101
vt 0.917986 0.911533
vt 0.947217 0.942018
vt 0.947217 0.942018
vt 0.82742 0.944673
vt 0.836684 0.921101
vt 0.952221 0.945797
vt 0.970237 0.941467
vt 0.979151 0.929374
vt 0.979151 0.929374
vt 0.947217 0.942018
vt 0.952221 0.945797
vt 0.678606 0.891994
vt 0.64515 0.913955
vt 0.664742 0.927512
vt 0.918073 0.665787
vt 0.82742 0.665787
vt 0.82742 0.760582
vt 0.82742 0.760582
vt 0.919429 0.752811
vt 0.918073 0.665787
vt 0.787557 0.63794
vt 0.692239 0.63794
vt 0.693741 0.713579
vt 0.693741 0.713579
vt 0.787557 0.708034
vt 0.787557 0.63794
vt 0.948556 0.665787
vt 0.918073 0.665787
vt 0.919429 0.752811
vt 0.919429 0.752811
vt 0.947127 0.737723
vt 0.948556 0.665787
vt 0.752091 0.489374
vt 0.658691 0.487661
vt 0.67038 0.522679
vt 0.67038 0.522679
vt 0.769206 0.527666
vt 0.752091 0.489374
vt 0.927975 0.505426
vt 0.975263 0.539374
vt 0.981615 0.501944
vt 0.964124 0.610997
vt 0.940814 0.595135
vt 0.918073 0.665787
vt 0.918073 0.665787
vt 0.948556 0.665787
vt 0.964124 0.610997
vt 0.787557 0.591088
vt 0.675869 0.58033
vt 0.692239 0.63794
vt 0.692239 0.63794
vt 0.787557 0.63794
vt 0.787557 0.591088
vt 0.940814 0.595135
vt 0.82742 0.586188
vt 0.82742 0.665787
vt 0.82742 0.665787
vt 0.918073 0.665787
vt 0.940814 0.595135
vt 0.919429 0.752811
vt 0.82742 0.760582
vt 0.860655 0.823097
vt 0.860655 0.823097
vt 0.907882 0.816958
vt 0.919429 0.752811
vt 0.82742 0.91958
vt 0.82742 0.944673
vt 0.836684 0.921101
vt 0.950773 0.836647
vt 0.919429 0.752811
vt 0.907882 0.816958
vt 0.907882 0.816958
vt 0.917725 0.860079
vt 0.950773 0.836647
vt 0.82742 0.760582
vt 0.82742 0.82157
vt 0.860655 0.823097
vt 0.947217 0.942018
vt 0.945822 0.885298
vt 0.917986 0.911533
vt 0.82742 0.862722
vt 0.860121 0.861468
vt 0.860655 0.823097
vt 0.860655 0.823097
vt 0.82742 0.82157
vt 0.82742 0.862722
vt 0.811813 0.510769
vt 0.875056 0.465302
vt 0.824827 0.464011
vt 0.983069 0.455742
vt 0.932785 0.45934
vt 0.927975 0.505426
vt 0.927975 0.505426
vt 0.981615 0.501944
vt 0.983069 0.455742
vt 0.75674 0.471113
vt 0.709774 0.444372
vt 0.658691 0.487661
vt 0.658691 0.487661
vt 0.752091 0.489374
vt 0.75674 0.471113
vt 0.774372 0.352194
vt 0.756532 0.361839
vt 0.764029 0.443491
vt 0.764029 0.443491
vt 0.788512 0.433685
vt 0.774372 0.352194
vt 0.809814 0.464661
vt 0.811813 0.510769
vt 0.824827 0.464011
vt 0.875056 0.465302
vt 0.927975 0.505426
vt 0.932785 0.45934
vt 0.651226 0.443723
vt 0.658691 0.487661
vt 0.709774 0.444372
vt 0.875056 0.465302
vt 0.811813 0.510769
vt 0.872907 0.508328
vt 0.765166 0.247999
vt 0.743781 0.260249
vt 0.756532 0.361839
vt 0.756532 0.361839
vt 0.774372 0.352194
vt 0.765166 0.247999
vt 0.756532 0.361839
vt 0.710145 0.363533
vt 0.709774 0.444372
vt 0.709774 0.444372
vt 0.764029 0.443491
vt 0.756532 0.361839
vt 0.710145 0.363533
vt 0.661717 0.360838
vt 0.651226 0.443723
vt 0.651226 0.443723
vt 0.709774 0.444372
vt 0.710145 0.363533
vt 0.870375 0.366598
vt 0.829116 0.369893
vt 0.824827 0.464011
vt 0.824827 0.464011
vt 0.875056 0.465302
vt 0.870375 0.366598
vt 0.963574 0.371181
vt 0.919188 0.366399
vt 0.932785 0.45934
vt 0.932785 0.45934
vt 0.983069 0.455742
vt 0.963574 0.371181
vt 0.919188 0.366399
vt 0.870375 0.366598
vt 0.875056 0.465302
vt 0.875056 0.465302
vt 0.932785 0.45934
vt 0.919188 0.366399
vt 0.756756 0.205064
vt 0.728068 0.231148
vt 0.743781 0.260249
vt 0.743781 0.260249
vt 0.765166 0.247999
vt 0.756756 0.205064
vt 0.867411 0.257824
vt 0.835943 0.259129
vt 0.829116 0.369893
vt 0.829116 0.369893
vt 0.870375 0.366598
vt 0.867411 0.257824
vt 0.905182 0.262014
vt 0.867411 0.257824
vt 0.870375 0.366598
vt 0.870375 0.366598
vt 0.919188 0.366399
vt 0.905182 0.262014
vt 0.743781 0.260249
vt 0.704517 0.264597
vt 0.710145 0.363533
vt 0.710145 0.363533
vt 0.756532 0.361839
vt 0.743781 0.260249
vt 0.704517 0.264597
vt 0.672113 0.263632
vt 0.661717 0.360838
vt 0.661717 0.360838
vt 0.710145 0.363533
vt 0.704517 0.264597
vt 0.942437 0.271808
vt 0.905182 0.262014
vt 0.919188 0.366399
vt 0.919188 0.366399
vt 0.963574 0.371181
vt 0.942437 0.271808
vt 0.697756 0.231496
vt 0.667947 0.228107
vt 0.672113 0.263632
vt 0.672113 0.263632
vt 0.704517 0.264597
vt 0.697756 0.231496
vt 0.752208 0.015162
vt 0.724532 0.014919
vt 0.734282 0.156545
vt 0.734282 0.156545
vt 0.756421 0.144934
vt 0.752208 0.015162
vt 0.94192 0.234649
vt 0.91016 0.216426
vt 0.905182 0.262014
vt 0.905182 0.262014
vt 0.942437 0.271808
vt 0.94192 0.234649
vt 0.880625 0.207807
vt 0.846769 0.212645
vt 0.835943 0.259129
vt 0.835943 0.259129
vt 0.867411 0.257824
vt 0.880625 0.207807
vt 0.91016 0.216426
vt 0.880625 0.207807
vt 0.867411 0.257824
vt 0.867411 0.257824
vt 0.905182 0.262014
vt 0.91016 0.216426
vt 0.728068 0.231148
vt 0.697756 0.231496
vt 0.704517 0.264597
vt 0.704517 0.264597
vt 0.743781 0.260249
vt 0.728068 0.231148
vt 0.882265 0.013961
vt 0.865017 0.014625
vt 0.879042 0.147545
vt 0.879042 0.147545
vt 0.906908 0.148226
vt 0.882265 0.013961
vt 0.724532 0.014919
vt 0.704958 0.01447
vt 0.689076 0.1563
vt 0.689076 0.1563
vt 0.734282 0.156545
vt 0.724532 0.014919
vt 0.704958 0.01447
vt 0.67844 0.014364
vt 0.654423 0.153921
vt 0.654423 0.153921
vt 0.689076 0.1563
vt 0.704958 0.01447
vt 0.906633 0.014834
vt 0.882265 0.013961
vt 0.906908 0.148226
vt 0.906908 0.148226
vt 0.945207 0.156542
vt 0.906633 0.014834
vt 0.756421 0.144934
vt 0.734282 0.156545
vt 0.728068 0.231148
vt 0.728068 0.231148
vt 0.756756 0.205064
vt 0.756421 0.144934
vt 0.865017 0.014625
vt 0.849475 0.015375
vt 0.85149 0.150456
vt 0.85149 0.150456
vt 0.879042 0.147545
vt 0.865017 0.014625
vt 0.879042 0.147545
vt 0.85149 0.150456
vt 0.846769 0.212645
vt 0.846769 0.212645
vt 0.880625 0.207807
vt 0.879042 0.147545
vt 0.945207 0.156542
vt 0.906908 0.148226
vt 0.91016 0.216426
vt 0.91016 0.216426
vt 0.94192 0.234649
vt 0.945207 0.156542
vt 0.689076 0.1563
vt 0.654423 0.153921
vt 0.667947 0.228107
vt 0.667947 0.228107
vt 0.697756 0.231496
vt 0.689076 0.1563
vt 0.734282 0.156545
vt 0.689076 0.1563
vt 0.697756 0.231496
vt 0.697756 0.231496
vt 0.728068 0.231148
vt 0.734282 0.156545
vt 0.906908 0.148226
vt 0.879042 0.147545
vt 0.880625 0.207807
vt 0.880625 0.207807
vt 0.91016 0.216426
vt 0.906908 0.148226
vt 0.764029 0.443491
vt 0.786322 0.453133
vt 0.801462 0.439892
vt 0.801462 0.439892
vt 0.788512 0.433685
vt 0.764029 0.443491
vt 0.872907 0.508328
vt 0.811813 0.510769
vt 0.813999 0.56119
vt 0.875056 0.465302
vt 0.872907 0.508328
vt 0.927975 0.505426
vt 0.913603 0.564719
vt 0.927975 0.505426
vt 0.872907 0.508328
vt 0.301758 0.297181
vt 0.287372 0.278987
vt 0.273425 0.290789
vt 0.273425 0.290789
vt 0.289601 0.310651
vt 0.301758 0.297181
vt 0.328777 0.324216
vt 0.301758 0.297181
vt 0.289601 0.310651
vt 0.289601 0.310651
vt 0.314285 0.337022
vt 0.328777 0.324216
vt 0.372369 0.438469
vt 0.364384 0.428207
vt 0.335706 0.433113
vt 0.335706 0.433113
vt 0.345262 0.455783
vt 0.372369 0.438469
vt 0.256049 0.502436
vt 0.290492 0.490909
vt 0.28308 0.472663
vt 0.28308 0.472663
vt 0.250186 0.484574
vt 0.256049 0.502436
vt 0.230227 0.515141
vt 0.256049 0.502436
vt 0.250186 0.484574
vt 0.250186 0.484574
vt 0.221635 0.499128
vt 0.230227 0.515141
vt 0.354307 0.114426
vt 0.333729 0.124089
vt 0.328541 0.166535
vt 0.328541 0.166535
vt 0.354448 0.157627
vt 0.354307 0.114426
vt 0.27016 0.419059
vt 0.279044 0.39844
vt 0.262209 0.395349
vt 0.262209 0.395349
vt 0.254261 0.410538
vt 0.27016 0.419059
vt 0.207724 0.459388
vt 0.235928 0.447942
vt 0.226788 0.425584
vt 0.226788 0.425584
vt 0.201142 0.435901
vt 0.207724 0.459388
vt 0.235928 0.447942
vt 0.27016 0.419059
vt 0.254261 0.410538
vt 0.254261 0.410538
vt 0.226788 0.425584
vt 0.235928 0.447942
vt 0.279044 0.39844
vt 0.279224 0.378607
vt 0.261473 0.379803
vt 0.261473 0.379803
vt 0.262209 0.395349
vt 0.279044 0.39844
vt 0.279224 0.378607
vt 0.261979 0.339496
vt 0.241642 0.354811
vt 0.241642 0.354811
vt 0.261473 0.379803
vt 0.279224 0.378607
vt 0.261979 0.339496
vt 0.244846 0.321679
vt 0.227418 0.339
vt 0.227418 0.339
vt 0.241642 0.354811
vt 0.261979 0.339496
vt 0.386305 0.42456
vt 0.388439 0.408419
vt 0.379859 0.408908
vt 0.379859 0.408908
vt 0.380484 0.422781
vt 0.386305 0.42456
vt 0.379618 0.44325
vt 0.386305 0.42456
vt 0.380484 0.422781
vt 0.380484 0.422781
vt 0.372369 0.438469
vt 0.379618 0.44325
vt 0.364384 0.428207
vt 0.368416 0.419877
vt 0.34402 0.413973
vt 0.34402 0.413973
vt 0.335706 0.433113
vt 0.364384 0.428207
vt 0.370416 0.120365
vt 0.354307 0.114426
vt 0.354448 0.157627
vt 0.354448 0.157627
vt 0.375671 0.16358
vt 0.370416 0.120365
vt 0.379859 0.408908
vt 0.388439 0.408419
vt 0.374267 0.375304
vt 0.374267 0.375304
vt 0.364179 0.381145
vt 0.379859 0.408908
vt 0.368416 0.419877
vt 0.368976 0.412921
vt 0.345757 0.397425
vt 0.345757 0.397425
vt 0.34402 0.413973
vt 0.368416 0.419877
vt 0.368976 0.412921
vt 0.379859 0.408908
vt 0.364179 0.381145
vt 0.364179 0.381145
vt 0.345757 0.397425
vt 0.368976 0.412921
vt 0.372369 0.438469
vt 0.380484 0.422781
vt 0.368416 0.419877
vt 0.368416 0.419877
vt 0.364384 0.428207
vt 0.372369 0.438469
vt 0.380484 0.422781
vt 0.379859 0.408908
vt 0.368976 0.412921
vt 0.368976 0.412921
vt 0.368416 0.419877
vt 0.380484 0.422781
vt 0.221635 0.499128
vt 0.250186 0.484574
vt 0.235928 0.447942
vt 0.235928 0.447942
vt 0.207724 0.459388
vt 0.221635 0.499128
vt 0.250186 0.484574
vt 0.28308 0.472663
vt 0.27016 0.419059
vt 0.27016 0.419059
vt 0.235928 0.447942
vt 0.250186 0.484574
vt 0.379618 0.44325
vt 0.372369 0.438469
vt 0.345262 0.455783
vt 0.345262 0.455783
vt 0.351628 0.465843
vt 0.379618 0.44325
vt 0.314285 0.337022
vt 0.289601 0.310651
vt 0.261979 0.339496
vt 0.261979 0.339496
vt 0.279224 0.378607
vt 0.314285 0.337022
vt 0.289601 0.310651
vt 0.273425 0.290789
vt 0.244846 0.321679
vt 0.244846 0.321679
vt 0.261979 0.339496
vt 0.289601 0.310651
vt 0.351628 0.465843
vt 0.345262 0.455783
vt 0.28308 0.472663
vt 0.28308 0.472663
vt 0.290492 0.490909
vt 0.351628 0.465843
vt 0.345757 0.397425
vt 0.364179 0.381145
vt 0.314285 0.337022
vt 0.314285 0.337022
vt 0.279224 0.378607
vt 0.345757 0.397425
vt 0.34402 0.413973
vt 0.345757 0.397425
vt 0.279224 0.378607
vt 0.279224 0.378607
vt 0.279044 0.39844
vt 0.34402 0.413973
vt 0.364179 0.381145
vt 0.374267 0.375304
vt 0.328777 0.324216
vt 0.328777 0.324216
vt 0.314285 0.337022
vt 0.364179 0.381145
vt 0.375671 0.16358
vt 0.354448 0.157627
vt 0.353977 0.234783
vt 0.353977 0.234783
vt 0.370086 0.240722
vt 0.375671 0.16358
vt 0.335706 0.433113
vt 0.34402 0.413973
vt 0.279044 0.39844
vt 0.279044 0.39844
vt 0.27016 0.419059
vt 0.335706 0.433113
vt 0.354448 0.157627
vt 0.328541 0.166535
vt 0.335931 0.240352
vt 0.335931 0.240352
vt 0.353977 0.234783
vt 0.354448 0.157627
vt 0.345262 0.455783
vt 0.335706 0.433113
vt 0.27016 0.419059
vt 0.27016 0.419059
vt 0.28308 0.472663
vt 0.345262 0.455783
vt 0.375671 0.28171
vt 0.370086 0.240722
vt 0.353977 0.234783
vt 0.353977 0.234783
vt 0.354998 0.295087
vt 0.375671 0.28171
vt 0.329113 0.278552
vt 0.354998 0.295087
vt 0.353977 0.234783
vt 0.353977 0.234783
vt 0.335931 0.240352
vt 0.329113 0.278552
vt 0.351693 0.675528
vt 0.339572 0.635195
vt 0.267142 0.643776
vt 0.267142 0.643776
vt 0.28092 0.699352
vt 0.351693 0.675528
vt 0.020111 0.688707
vt 0.020111 0.76722
vt 0.060867 0.774029
vt 0.060867 0.774029
vt 0.059751 0.702486
vt 0.020111 0.688707
vt 0.349362 0.732595
vt 0.365566 0.761015
vt 0.416139 0.75242
vt 0.416139 0.75242
vt 0.394181 0.727375
vt 0.349362 0.732595
vt 0.307727 0.537063
vt 0.228322 0.553356
vt 0.259808 0.583131
vt 0.417321 0.850359
vt 0.383651 0.790459
vt 0.300162 0.802
vt 0.300162 0.802
vt 0.335963 0.874072
vt 0.417321 0.850359
vt 0.093475 0.390905
vt 0.020111 0.379573
vt 0.020111 0.505812
vt 0.020111 0.505812
vt 0.153578 0.512227
vt 0.093475 0.390905
vt 0.472699 0.694844
vt 0.489187 0.742757
vt 0.576134 0.704171
vt 0.576134 0.704171
vt 0.547082 0.649915
vt 0.472699 0.694844
vt 0.020111 0.76722
vt 0.020111 0.845058
vt 0.06849 0.836889
vt 0.06849 0.836889
vt 0.060867 0.774029
vt 0.020111 0.76722
vt 0.461244 0.580685
vt 0.307727 0.537063
vt 0.395483 0.634712
vt 0.381691 0.661803
vt 0.394181 0.727375
vt 0.422716 0.658594
vt 0.29584 0.730391
vt 0.349362 0.732595
vt 0.351693 0.675528
vt 0.065268 0.600748
vt 0.153578 0.512227
vt 0.020111 0.556677
vt 0.065268 0.600748
vt 0.202762 0.633798
vt 0.153578 0.512227
vt 0.339572 0.635195
vt 0.360628 0.637128
vt 0.307727 0.537063
vt 0.307727 0.537063
vt 0.259808 0.583131
vt 0.339572 0.635195
vt 0.360628 0.637128
vt 0.381691 0.661803
vt 0.395483 0.634712
vt 0.339572 0.635195
vt 0.259808 0.583131
vt 0.267142 0.643776
vt 0.422716 0.658594
vt 0.472699 0.694844
vt 0.547082 0.649915
vt 0.547082 0.649915
vt 0.461244 0.580685
vt 0.422716 0.658594
vt 0.29584 0.730391
vt 0.351693 0.675528
vt 0.28092 0.699352
vt 0.30108 0.767328
vt 0.300162 0.802
vt 0.383651 0.790459
vt 0.383651 0.790459
vt 0.365566 0.761015
vt 0.30108 0.767328
vt 0.287915 0.853872
vt 0.335963 0.874072
vt 0.300162 0.802
vt 0.489187 0.742757
vt 0.495497 0.781747
vt 0.585393 0.750135
vt 0.585393 0.750135
vt 0.576134 0.704171
vt 0.489187 0.742757
vt 0.020111 0.611174
vt 0.020111 0.688707
vt 0.059751 0.702486
vt 0.059751 0.702486
vt 0.065268 0.600748
vt 0.020111 0.611174
vt 0.416139 0.75242
vt 0.428479 0.778975
vt 0.489187 0.742757
vt 0.489187 0.742757
vt 0.472699 0.694844
vt 0.416139 0.75242
vt 0.020111 0.556677
vt 0.153578 0.512227
vt 0.020111 0.505812
vt 0.428479 0.778975
vt 0.417321 0.850359
vt 0.467902 0.86468
vt 0.467902 0.86468
vt 0.495497 0.781747
vt 0.428479 0.778975
vt 0.060867 0.774029
vt 0.06849 0.836889
vt 0.210982 0.866294
vt 0.210982 0.866294
vt 0.221639 0.788624
vt 0.060867 0.774029
vt 0.29584 0.730391
vt 0.30108 0.767328
vt 0.365566 0.761015
vt 0.365566 0.761015
vt 0.349362 0.732595
vt 0.29584 0.730391
vt 0.395483 0.634712
vt 0.422716 0.658594
vt 0.461244 0.580685
vt 0.395483 0.634712
vt 0.307727 0.537063
vt 0.360628 0.637128
vt 0.467902 0.86468
vt 0.452692 0.953049
vt 0.533837 0.907981
vt 0.417321 0.850359
vt 0.367345 0.974957
vt 0.467902 0.86468
vt 0.394181 0.727375
vt 0.416139 0.75242
vt 0.472699 0.694844
vt 0.472699 0.694844
vt 0.422716 0.658594
vt 0.394181 0.727375
vt 0.020111 0.983224
vt 0.151063 0.965223
vt 0.210982 0.866294
vt 0.210982 0.866294
vt 0.06849 0.836889
vt 0.020111 0.983224
vt 0.495497 0.781747
vt 0.467902 0.86468
vt 0.533837 0.907981
vt 0.533837 0.907981
vt 0.585416 0.813107
vt 0.495497 0.781747
vt 0.365566 0.761015
vt 0.383651 0.790459
vt 0.428479 0.778975
vt 0.428479 0.778975
vt 0.416139 0.75242
vt 0.365566 0.761015
vt 0.286674 0.9526
vt 0.367345 0.974957
vt 0.417321 0.850359
vt 0.417321 0.850359
vt 0.335963 0.874072
vt 0.286674 0.9526
vt 0.381691 0.661803
vt 0.351693 0.675528
vt 0.349362 0.732595
vt 0.349362 0.732595
vt 0.394181 0.727375
vt 0.381691 0.661803
vt 0.065268 0.600748
vt 0.059751 0.702486
vt 0.216667 0.705611
vt 0.216667 0.705611
vt 0.202762 0.633798
vt 0.065268 0.600748
vt 0.383651 0.790459
vt 0.417321 0.850359
vt 0.428479 0.778975
vt 0.335963 0.874072
vt 0.287915 0.853872
vt 0.286674 0.9526
vt 0.06849 0.836889
vt 0.020111 0.845058
vt 0.020111 0.983224
vt 0.428479 0.778975
vt 0.495497 0.781747
vt 0.489187 0.742757
vt 0.381691 0.661803
vt 0.422716 0.658594
vt 0.395483 0.634712
vt 0.495497 0.781747
vt 0.585416 0.813107
vt 0.585393 0.750135
vt 0.287915 0.853872
vt 0.228322 0.899846
vt 0.286674 0.9526
vt 0.020111 0.611174
vt 0.065268 0.600748
vt 0.020111 0.556677
vt 0.339572 0.635195
vt 0.351693 0.675528
vt 0.381691 0.661803
vt 0.381691 0.661803
vt 0.360628 0.637128
vt 0.339572 0.635195
vt 0.059751 0.702486
vt 0.060867 0.774029
vt 0.221639 0.788624
vt 0.221639 0.788624
vt 0.216667 0.705611
vt 0.059751 0.702486
vt 0.367345 0.974957
vt 0.452692 0.953049
vt 0.467902 0.86468
vt 0.531675 0.560985
vt 0.518432 0.552782
vt 0.50139 0.566206
vt 0.50139 0.566206
vt 0.516794 0.587494
vt 0.531675 0.560985
vt 0.56 0.568826
vt 0.564264 0.589316
vt 0.582375 0.568814
vt 0.545047 0.566673
vt 0.531675 0.560985
vt 0.516794 0.587494
vt 0.516794 0.587494
vt 0.540053 0.595013
vt 0.545047 0.566673
vt 0.518432 0.552782
vt 0.50139 0.538272
vt 0.50139 0.566206
vt 0.56 0.568826
vt 0.545047 0.566673
vt 0.540053 0.595013
vt 0.540053 0.595013
vt 0.564264 0.589316
vt 0.56 0.568826
vt 0.565333 0.554303
vt 0.55209 0.5461
vt 0.545047 0.566673
vt 0.545047 0.566673
vt 0.56 0.568826
vt 0.565333 0.554303
vt 0.538718 0.540412
vt 0.523765 0.538259
vt 0.518432 0.552782
vt 0.518432 0.552782
vt 0.531675 0.560985
vt 0.538718 0.540412
vt 0.565333 0.554303
vt 0.56 0.568826
vt 0.582375 0.568814
vt 0.55209 0.5461
vt 0.538718 0.540412
vt 0.531675 0.560985
vt 0.531675 0.560985
vt 0.545047 0.566673
vt 0.55209 0.5461
vt 0.523765 0.538259
vt 0.50139 0.538272
vt 0.518432 0.552782
vt 0.582375 0.540879
vt 0.566971 0.519591
vt 0.55209 0.5461
vt 0.55209 0.5461
vt 0.565333 0.554303
vt 0.582375 0.540879
vt 0.543712 0.512073
vt 0.519501 0.517769
vt 0.523765 0.538259
vt 0.523765 0.538259
vt 0.538718 0.540412
vt 0.543712 0.512073
vt 0.582375 0.540879
vt 0.565333 0.554303
vt 0.582375 0.568814
vt 0.566971 0.519591
vt 0.543712 0.512073
vt 0.538718 0.540412
vt 0.538718 0.540412
vt 0.55209 0.5461
vt 0.566971 0.519591
vt 0.519501 0.517769
vt 0.50139 0.538272
vt 0.523765 0.538259
vt 0.786322 0.478116
vt 0.786322 0.453133
vt 0.764029 0.443491
vt 0.764029 0.443491
vt 0.75674 0.471113
vt 0.786322 0.478116
vt 0.75674 0.471113
vt 0.764029 0.443491
vt 0.709774 0.444372
vt 0.752091 0.489374
vt 0.769206 0.527666
vt 0.786322 0.527101
vt 0.786322 0.527101
vt 0.786322 0.495026
vt 0.752091 0.489374
vt 0.752091 0.489374
vt 0.786322 0.495026
vt 0.786322 0.478116
vt 0.786322 0.478116
vt 0.75674 0.471113
vt 0.752091 0.489374
vt 0.975263 0.539374
vt 0.913603 0.564719
vt 0.96697 0.57666
vt 0.769206 0.527666
vt 0.67038 0.522679
vt 0.684167 0.557344
vt 0.684167 0.557344
vt 0.786322 0.565959
vt 0.769206 0.527666
vt 0.872907 0.508328
vt 0.813999 0.56119
vt 0.913603 0.564719
vt 0.975263 0.539374
vt 0.927975 0.505426
vt 0.913603 0.564719
vt 0.786322 0.565959
vt 0.786322 0.527101
vt 0.769206 0.527666
vt 0.461821 0.26594
vt 0.469231 0.437871
vt 0.502573 0.451188
vt 0.502573 0.451188
vt 0.492471 0.265388
vt 0.461821 0.26594
vt 0.430067 0.262252
vt 0.441341 0.406478
vt 0.469231 0.437871
vt 0.469231 0.437871
vt 0.461821 0.26594
vt 0.430067 0.262252
vt 0.409284 0.257547
vt 0.418072 0.392776
vt 0.441341 0.406478
vt 0.441341 0.406478
vt 0.430067 0.262252
vt 0.409284 0.257547
vt 0.60803 0.258003
vt 0.59912 0.436955
vt 0.624792 0.410262
vt 0.624792 0.410262
vt 0.63868 0.258555
vt 0.60803 0.258003
vt 0.492471 0.265388
vt 0.502573 0.451188
vt 0.526546 0.448776
vt 0.526546 0.448776
vt 0.514972 0.260591
vt 0.492471 0.265388
vt 0.977681 0.897821
vt 0.977338 0.882358
vt 0.945822 0.885298
vt 0.496913 0.481463
vt 0.502573 0.451188
vt 0.469231 0.437871
vt 0.569325 0.480357
vt 0.610627 0.466388
vt 0.59912 0.436955
vt 0.59912 0.436955
vt 0.564701 0.449876
vt 0.569325 0.480357
vt 0.950773 0.836647
vt 0.917725 0.860079
vt 0.917986 0.911533
vt 0.917986 0.911533
vt 0.945822 0.885298
vt 0.950773 0.836647
vt 0.496913 0.481463
vt 0.521923 0.479257
vt 0.526546 0.448776
vt 0.526546 0.448776
vt 0.502573 0.451188
vt 0.496913 0.481463
vt 0.469397 0.195822
vt 0.433346 0.191634
vt 0.430067 0.262252
vt 0.430067 0.262252
vt 0.461821 0.26594
vt 0.469397 0.195822
vt 0.526546 0.189824
vt 0.504195 0.195195
vt 0.492471 0.265388
vt 0.492471 0.265388
vt 0.514972 0.260591
vt 0.526546 0.189824
vt 0.433346 0.191634
vt 0.412413 0.186356
vt 0.409284 0.257547
vt 0.409284 0.257547
vt 0.430067 0.262252
vt 0.433346 0.191634
vt 0.600752 0.186737
vt 0.564701 0.190924
vt 0.576276 0.261691
vt 0.576276 0.261691
vt 0.60803 0.258003
vt 0.600752 0.186737
vt 0.504195 0.195195
vt 0.469397 0.195822
vt 0.461821 0.26594
vt 0.461821 0.26594
vt 0.492471 0.265388
vt 0.504195 0.195195
vt 0.63555 0.187363
vt 0.600752 0.186737
vt 0.60803 0.258003
vt 0.60803 0.258003
vt 0.63868 0.258555
vt 0.63555 0.187363
vt 0.499418 0.017059
vt 0.481887 0.017375
vt 0.469397 0.195822
vt 0.469397 0.195822
vt 0.504195 0.195195
vt 0.499418 0.017059
vt 0.587019 0.013067
vt 0.568857 0.015177
vt 0.564701 0.190924
vt 0.564701 0.190924
vt 0.600752 0.186737
vt 0.587019 0.013067
vt 0.60455 0.013383
vt 0.587019 0.013067
vt 0.600752 0.186737
vt 0.600752 0.186737
vt 0.63555 0.187363
vt 0.60455 0.013383
vt 0.481887 0.017375
vt 0.463725 0.015265
vt 0.433346 0.191634
vt 0.433346 0.191634
vt 0.469397 0.195822
vt 0.481887 0.017375
vt 0.522391 0.014076
vt 0.499418 0.017059
vt 0.504195 0.195195
vt 0.504195 0.195195
vt 0.526546 0.189824
vt 0.522391 0.014076
vt 0.463725 0.015265
vt 0.443414 0.012376
vt 0.412413 0.186356
vt 0.412413 0.186356
vt 0.433346 0.191634
vt 0.463725 0.015265
vt 0.787557 0.708034
vt 0.741429 0.813137
vt 0.787557 0.817196
vt 0.610627 0.466388
vt 0.624792 0.410262
vt 0.59912 0.436955
vt 0.945822 0.885298
vt 0.947217 0.942018
vt 0.979151 0.929374
vt 0.979151 0.929374
vt 0.977681 0.897821
vt 0.945822 0.885298
vt 0.977338 0.882358
vt 0.974105 0.811285
vt 0.950773 0.836647
vt 0.950773 0.836647
vt 0.945822 0.885298
vt 0.977338 0.882358
vt 0.974105 0.811285
vt 0.977338 0.882358
vt 0.988441 0.887666
vt 0.674424 0.846198
vt 0.678606 0.891994
vt 0.731729 0.898952
vt 0.744825 0.929905
vt 0.731729 0.898952
vt 0.678606 0.891994
vt 0.678606 0.891994
vt 0.664742 0.927512
vt 0.744825 0.929905
vt 0.787557 0.817196
vt 0.741429 0.813137
vt 0.731729 0.898952
vt 0.731729 0.898952
vt 0.787557 0.882812
vt 0.787557 0.817196
vt 0.787557 0.931181
vt 0.744825 0.929905
vt 0.749564 0.959174
vt 0.749564 0.959174
vt 0.787557 0.959174
vt 0.787557 0.931181
vt 0.674424 0.846198
vt 0.731729 0.898952
vt 0.741429 0.813137
vt 0.787557 0.708034
vt 0.693741 0.713579
vt 0.687691 0.790927
vt 0.687691 0.790927
vt 0.741429 0.813137
vt 0.787557 0.708034
vt 0.731729 0.898952
vt 0.744825 0.929905
vt 0.787557 0.931181
vt 0.787557 0.931181
vt 0.787557 0.882812
vt 0.731729 0.898952
vt 0.687691 0.790927
vt 0.674424 0.846198
vt 0.741429 0.813137
vt 0.279199 0.090521
vt 0.301807 0.102129
vt 0.315528 0.07025
vt 0.315528 0.07025
vt 0.295778 0.061061
vt 0.279199 0.090521
vt 0.260435 0.045795
vt 0.228415 0.048082
vt 0.230426 0.074176
vt 0.051178 0.076314
vt 0.08966 0.070132
vt 0.085969 0.025171
vt 0.085969 0.025171
vt 0.058065 0.027349
vt 0.051178 0.076314
vt 0.230426 0.074176
vt 0.279199 0.090521
vt 0.295778 0.061061
vt 0.295778 0.061061
vt 0.280132 0.044154
vt 0.230426 0.074176
vt 0.08966 0.070132
vt 0.116394 0.087494
vt 0.112193 0.028743
vt 0.112193 0.028743
vt 0.085969 0.025171
vt 0.08966 0.070132
vt 0.026625 0.074872
vt 0.051178 0.076314
vt 0.058065 0.027349
vt 0.058065 0.027349
vt 0.031799 0.032155
vt 0.026625 0.074872
vt 0.226238 0.143567
vt 0.262988 0.151896
vt 0.279199 0.090521
vt 0.279199 0.090521
vt 0.230426 0.074176
vt 0.226238 0.143567
vt 0.089467 0.14005
vt 0.110458 0.141133
vt 0.116394 0.087494
vt 0.116394 0.087494
vt 0.08966 0.070132
vt 0.089467 0.14005
vt 0.028017 0.143391
vt 0.047309 0.14134
vt 0.051178 0.076314
vt 0.051178 0.076314
vt 0.026625 0.074872
vt 0.028017 0.143391
vt 0.262988 0.151896
vt 0.281837 0.158701
vt 0.301807 0.102129
vt 0.301807 0.102129
vt 0.279199 0.090521
vt 0.262988 0.151896
vt 0.207076 0.144623
vt 0.226238 0.143567
vt 0.230426 0.074176
vt 0.230426 0.074176
vt 0.196524 0.096629
vt 0.207076 0.144623
vt 0.047309 0.14134
vt 0.089467 0.14005
vt 0.08966 0.070132
vt 0.08966 0.070132
vt 0.051178 0.076314
vt 0.047309 0.14134
vt 0.249975 0.211409
vt 0.265838 0.206505
vt 0.281837 0.158701
vt 0.281837 0.158701
vt 0.262988 0.151896
vt 0.249975 0.211409
vt 0.20925 0.211229
vt 0.222029 0.219653
vt 0.226238 0.143567
vt 0.226238 0.143567
vt 0.207076 0.144623
vt 0.20925 0.211229
vt 0.055621 0.203006
vt 0.079124 0.211565
vt 0.089467 0.14005
vt 0.089467 0.14005
vt 0.047309 0.14134
vt 0.055621 0.203006
vt 0.222029 0.219653
vt 0.249975 0.211409
vt 0.262988 0.151896
vt 0.262988 0.151896
vt 0.226238 0.143567
vt 0.222029 0.219653
vt 0.079124 0.211565
vt 0.095119 0.212175
vt 0.110458 0.141133
vt 0.110458 0.141133
vt 0.089467 0.14005
vt 0.079124 0.211565
vt 0.039788 0.200287
vt 0.055621 0.203006
vt 0.047309 0.14134
vt 0.047309 0.14134
vt 0.028017 0.143391
vt 0.039788 0.200287
vt 0.226025 0.031958
vt 0.228415 0.048082
vt 0.260435 0.045795
vt 0.260435 0.045795
vt 0.258775 0.020764
vt 0.226025 0.031958
vt 0.258775 0.020764
vt 0.260435 0.045795
vt 0.280132 0.044154
vt 0.280132 0.044154
vt 0.282561 0.020044
vt 0.258775 0.020764
vt 0.123557 0.051482
vt 0.112193 0.028743
vt 0.116394 0.087494
vt 0.179671 0.02984
vt 0.180596 0.041865
vt 0.228415 0.048082
vt 0.228415 0.048082
vt 0.226025 0.031958
vt 0.179671 0.02984
vt 0.166479 0.04269
vt 0.164876 0.046823
vt 0.175525 0.053607
vt 0.175525 0.053607
vt 0.180596 0.041865
vt 0.166479 0.04269
vt 0.180596 0.041865
vt 0.175525 0.053607
vt 0.230426 0.074176
vt 0.230426 0.074176
vt 0.228415 0.048082
vt 0.180596 0.041865
vt 0.175525 0.053607
vt 0.165095 0.067278
vt 0.196524 0.096629
vt 0.196524 0.096629
vt 0.230426 0.074176
vt 0.175525 0.053607
vt 0.123093 0.134372
vt 0.139777 0.132435
vt 0.135071 0.084497
vt 0.135071 0.084497
vt 0.116394 0.087494
vt 0.123093 0.134372
vt 0.166479 0.04269
vt 0.15932 0.036464
vt 0.155207 0.0483
vt 0.155207 0.0483
vt 0.164876 0.046823
vt 0.166479 0.04269
vt 0.164876 0.046823
vt 0.155207 0.0483
vt 0.165095 0.067278
vt 0.165095 0.067278
vt 0.175525 0.053607
vt 0.164876 0.046823
vt 0.125991 0.158933
vt 0.136929 0.156483
vt 0.139777 0.132435
vt 0.139777 0.132435
vt 0.123093 0.134372
vt 0.125991 0.158933
vt 0.15932 0.036464
vt 0.166479 0.04269
vt 0.180596 0.041865
vt 0.180596 0.041865
vt 0.179671 0.02984
vt 0.15932 0.036464
vt 0.055621 0.203006
vt 0.04943 0.219608
vt 0.082651 0.226455
vt 0.082651 0.226455
vt 0.079124 0.211565
vt 0.055621 0.203006
vt 0.079124 0.211565
vt 0.082651 0.226455
vt 0.095119 0.212175
vt 0.04943 0.219608
vt 0.055621 0.203006
vt 0.039788 0.200287
vt 0.260435 0.045795
vt 0.230426 0.074176
vt 0.280132 0.044154
vt 0.123557 0.051482
vt 0.116394 0.087494
vt 0.135071 0.084497
vt 0.025847 0.27244
vt 0.022339 0.305556
vt 0.078057 0.307844
vt 0.078057 0.307844
vt 0.080783 0.267751
vt 0.025847 0.27244
vt 0.080783 0.267751
vt 0.078057 0.307844
vt 0.129744 0.306075
vt 0.129744 0.306075
vt 0.130947 0.252057
vt 0.080783 0.267751
vt 0.130947 0.252057
vt 0.129744 0.306075
vt 0.185494 0.305003
vt 0.185494 0.305003
vt 0.185494 0.244028
vt 0.130947 0.252057
vt 0.576276 0.261691
vt 0.564701 0.449876
vt 0.59912 0.436955
vt 0.59912 0.436955
vt 0.60803 0.258003
vt 0.576276 0.261691
vt 0.185494 0.365978
vt 0.128542 0.360092
vt 0.129744 0.306075
vt 0.129744 0.306075
vt 0.185494 0.305003
vt 0.185494 0.365978
vt 0.128542 0.360092
vt 0.07533 0.347936
vt 0.078057 0.307844
vt 0.078057 0.307844
vt 0.129744 0.306075
vt 0.128542 0.360092
vt 0.07533 0.347936
vt 0.01883 0.338672
vt 0.022339 0.305556
vt 0.022339 0.305556
vt 0.078057 0.307844
vt 0.07533 0.347936
vt 0.82742 0.971296
vt 0.82742 0.944673
vt 0.947217 0.942018
vt 0.947217 0.942018
vt 0.863554 0.971296
vt 0.82742 0.971296
vt 0.863554 0.971296
vt 0.947217 0.942018
vt 0.952221 0.945797
vt 0.952221 0.945797
vt 0.863554 0.971296
vt 0.863554 0.971296
vt 0.664742 0.927512
vt 0.744825 0.929905
vt 0.749564 0.959174
vt 0.950773 0.836647
vt 0.919429 0.752811
vt 0.947127 0.737723
vt 0.947127 0.737723
vt 0.974105 0.811285
vt 0.950773 0.836647
vt 0.860121 0.861468
vt 0.860655 0.823097
vt 0.907882 0.816958
vt 0.907882 0.816958
vt 0.917725 0.860079
vt 0.860121 0.861468
vt 0.836684 0.921101
vt 0.860121 0.861468
vt 0.917725 0.860079
vt 0.917725 0.860079
vt 0.917986 0.911533
vt 0.836684 0.921101
vt 0.979151 0.929374
vt 0.970237 0.941467
vt 0.952221 0.945797
vt 0.952221 0.945797
vt 0.947217 0.942018
vt 0.979151 0.929374
vt 0.64515 0.913955
vt 0.678606 0.891994
vt 0.664742 0.927512
vt 0.82742 0.760582
vt 0.82742 0.665787
vt 0.918073 0.665787
vt 0.918073 0.665787
vt 0.919429 0.752811
vt 0.82742 0.760582
vt 0.693741 0.713579
vt 0.692239 0.63794
vt 0.787557 0.63794
vt 0.787557 0.63794
vt 0.787557 0.708034
vt 0.693741 0.713579
vt 0.919429 0.752811
vt 0.918073 0.665787
vt 0.948556 0.665787
vt 0.948556 0.665787
vt 0.947127 0.737723
vt 0.919429 0.752811
vt 0.67038 0.522679
vt 0.658691 0.487661
vt 0.752091 0.489374
vt 0.752091 0.489374
vt 0.769206 0.527666
vt 0.67038 0.522679
vt 0.975263 0.539374
vt 0.927975 0.505426
vt 0.981615 0.501944
vt 0.918073 0.665787
vt 0.940814 0.595135
vt 0.964124 0.610997
vt 0.964124 0.610997
vt 0.948556 0.665787
vt 0.918073 0.665787
vt 0.692239 0.63794
vt 0.675869 0.58033
vt 0.787557 0.591088
vt 0.787557 0.591088
vt 0.787557 0.63794
vt 0.692239 0.63794
vt 0.82742 0.665787
vt 0.82742 0.586188
vt 0.940814 0.595135
vt 0.940814 0.595135
vt 0.918073 0.665787
vt 0.82742 0.665787
vt 0.860655 0.823097
vt 0.82742 0.760582
vt 0.919429 0.752811
vt 0.919429 0.752811
vt 0.907882 0.816958
vt 0.860655 0.823097
vt 0.82742 0.944673
vt 0.82742 0.91958
vt 0.836684 0.921101
vt 0.907882 0.816958
vt 0.919429 0.752811
vt 0.950773 0.836647
vt 0.950773 0.836647
vt 0.917725 0.860079
vt 0.907882 0.816958
vt 0.82742 0.82157
vt 0.82742 0.760582
vt 0.860655 0.823097
vt 0.945822 0.885298
vt 0.947217 0.942018
vt 0.917986 0.911533
vt 0.860655 0.823097
vt 0.860121 0.861468
vt 0.82742 0.862722
vt 0.82742 0.862722
vt 0.82742 0.82157
vt 0.860655 0.823097
vt 0.875056 0.465302
vt 0.811813 0.510769
vt 0.824827 0.464011
vt 0.927975 0.505426
vt 0.932785 0.45934
vt 0.983069 0.455742
vt 0.983069 0.455742
vt 0.981615 0.501944
vt 0.927975 0.505426
vt 0.658691 0.487661
vt 0.709774 0.444372
vt 0.75674 0.471113
vt 0.75674 0.471113
vt 0.752091 0.489374
vt 0.658691 0.487661
vt 0.764029 0.443491
vt 0.756532 0.361839
vt 0.774372 0.352194
vt 0.774372 0.352194
vt 0.788512 0.433685
vt 0.764029 0.443491
vt 0.811813 0.510769
vt 0.809814 0.464661
vt 0.824827 0.464011
vt 0.927975 0.505426
vt 0.875056 0.465302
vt 0.932785 0.45934
vt 0.658691 0.487661
vt 0.651226 0.443723
vt 0.709774 0.444372
vt 0.811813 0.510769
vt 0.875056 0.465302
vt 0.872907 0.508328
vt 0.756532 0.361839
vt 0.743781 0.260249
vt 0.765166 0.247999
vt 0.765166 0.247999
vt 0.774372 0.352194
vt 0.756532 0.361839
vt 0.709774 0.444372
vt 0.710145 0.363533
vt 0.756532 0.361839
vt 0.756532 0.361839
vt 0.764029 0.443491
vt 0.709774 0.444372
vt 0.651226 0.443723
vt 0.661717 0.360838
vt 0.710145 0.363533
vt 0.710145 0.363533
vt 0.709774 0.444372
vt 0.651226 0.443723
vt 0.824827 0.464011
vt 0.829116 0.369893
vt 0.870375 0.366598
vt 0.870375 0.366598
vt 0.875056 0.465302
vt 0.824827 0.464011
vt 0.932785 0.45934
vt 0.919188 0.366399
vt 0.963574 0.371181
vt 0.963574 0.371181
vt 0.983069 0.455742
vt 0.932785 0.45934
vt 0.875056 0.465302
vt 0.870375 0.366598
vt 0.919188 0.366399
vt 0.919188 0.366399
vt 0.932785 0.45934
vt 0.875056 0.465302
vt 0.743781 0.260249
vt 0.728068 0.231148
vt 0.756756 0.205064
vt 0.756756 0.205064
vt 0.765166 0.247999
vt 0.743781 0.260249
vt 0.829116 0.369893
vt 0.835943 0.259129
vt 0.867411 0.257824
vt 0.867411 0.257824
vt 0.870375 0.366598
vt 0.829116 0.369893
vt 0.870375 0.366598
vt 0.867411 0.257824
vt 0.905182 0.262014
vt 0.905182 0.262014
vt 0.919188 0.366399
vt 0.870375 0.366598
vt 0.710145 0.363533
vt 0.704517 0.264597
vt 0.743781 0.260249
vt 0.743781 0.260249
vt 0.756532 0.361839
vt 0.710145 0.363533
vt 0.661717 0.360838
vt 0.672113 0.263632
vt 0.704517 0.264597
vt 0.704517 0.264597
vt 0.710145 0.363533
vt 0.661717 0.360838
vt 0.919188 0.366399
vt 0.905182 0.262014
vt 0.942437 0.271808
vt 0.942437 0.271808
vt 0.963574 0.371181
vt 0.919188 0.366399
vt 0.672113 0.263632
vt 0.667947 0.228107
vt 0.697756 0.231496
vt 0.697756 0.231496
vt 0.704517 0.264597
vt 0.672113 0.263632
vt 0.734282 0.156545
vt 0.724532 0.014919
vt 0.752208 0.015162
vt 0.752208 0.015162
vt 0.756421 0.144934
vt 0.734282 0.156545
vt 0.905182 0.262014
vt 0.91016 0.216426
vt 0.94192 0.234649
vt 0.94192 0.234649
vt 0.942437 0.271808
vt 0.905182 0.262014
vt 0.835943 0.259129
vt 0.846769 0.212645
vt 0.880625 0.207807
vt 0.880625 0.207807
vt 0.867411 0.257824
vt 0.835943 0.259129
vt 0.867411 0.257824
vt 0.880625 0.207807
vt 0.91016 0.216426
vt 0.91016 0.216426
vt 0.905182 0.262014
vt 0.867411 0.257824
vt 0.704517 0.264597
vt 0.697756 0.231496
vt 0.728068 0.231148
vt 0.728068 0.231148
vt 0.743781 0.260249
vt 0.704517 0.264597
vt 0.879042 0.147545
vt 0.865017 0.014625
vt 0.882265 0.013961
vt 0.882265 0.013961
vt 0.906908 0.148226
vt 0.879042 0.147545
vt 0.689076 0.1563
vt 0.704958 0.01447
vt 0.724532 0.014919
vt 0.724532 0.014919
vt 0.734282 0.156545
vt 0.689076 0.1563
vt 0.654423 0.153921
vt 0.67844 0.014364
vt 0.704958 0.01447
vt 0.704958 0.01447
vt 0.689076 0.1563
vt 0.654423 0.153921
vt 0.906908 0.148226
vt 0.882265 0.013961
vt 0.906633 0.014834
vt 0.906633 0.014834
vt 0.945207 0.156542
vt 0.906908 0.148226
vt 0.728068 0.231148
vt 0.734282 0.156545
vt 0.756421 0.144934
vt 0.756421 0.144934
vt 0.756756 0.205064
vt 0.728068 0.231148
vt 0.85149 0.150456
vt 0.849475 0.015375
vt 0.865017 0.014625
vt 0.865017 0.014625
vt 0.879042 0.147545
vt 0.85149 0.150456
vt 0.846769 0.212645
vt 0.85149 0.150456
vt 0.879042 0.147545
vt 0.879042 0.147545
vt 0.880625 0.207807
vt 0.846769 0.212645
vt 0.91016 0.216426
vt 0.906908 0.148226
vt 0.945207 0.156542
vt 0.945207 0.156542
vt 0.94192 0.234649
vt 0.91016 0.216426
vt 0.667947 0.228107
vt 0.654423 0.153921
vt 0.689076 0.1563
vt 0.689076 0.1563
vt 0.697756 0.231496
vt 0.667947 0.228107
vt 0.697756 0.231496
vt 0.689076 0.1563
vt 0.734282 0.156545
vt 0.734282 0.156545
vt 0.728068 0.231148
vt 0.697756 0.231496
vt 0.880625 0.207807
vt 0.879042 0.147545
vt 0.906908 0.148226
vt 0.906908 0.148226
vt 0.91016 0.216426
vt 0.880625 0.207807
vt 0.801462 0.439892
vt 0.786322 0.453133
vt 0.764029 0.443491
vt 0.764029 0.443491
vt 0.788512 0.433685
vt 0.801462 0.439892
vt 0.811813 0.510769
vt 0.872907 0.508328
vt 0.813999 0.56119
vt 0.872907 0.508328
vt 0.875056 0.465302
vt 0.927975 0.505426
vt 0.927975 0.505426
vt 0.913603 0.564719
vt 0.872907 0.508328
vt 0.273425 0.290789
vt 0.287372 0.278987
vt 0.301758 0.297181
vt 0.301758 0.297181
vt 0.289601 0.310651
vt 0.273425 0.290789
vt 0.289601 0.310651
vt 0.301758 0.297181
vt 0.328777 0.324216
vt 0.328777 0.324216
vt 0.314285 0.337022
vt 0.289601 0.310651
vt 0.335706 0.433113
vt 0.364384 0.428207
vt 0.372369 0.438469
vt 0.372369 0.438469
vt 0.345262 0.455783
vt 0.335706 0.433113
vt 0.28308 0.472663
vt 0.290492 0.490909
vt 0.256049 0.502436
vt 0.256049 0.502436
vt 0.250186 0.484574
vt 0.28308 0.472663
vt 0.250186 0.484574
vt 0.256049 0.502436
vt 0.230227 0.515141
vt 0.230227 0.515141
vt 0.221635 0.499128
vt 0.250186 0.484574
vt 0.328541 0.166535
vt 0.333729 0.124089
vt 0.354307 0.114426
vt 0.354307 0.114426
vt 0.354448 0.157627
vt 0.328541 0.166535
vt 0.262209 0.395349
vt 0.279044 0.39844
vt 0.27016 0.419059
vt 0.27016 0.419059
vt 0.254261 0.410538
vt 0.262209 0.395349
vt 0.226788 0.425584
vt 0.235928 0.447942
vt 0.207724 0.459388
vt 0.207724 0.459388
vt 0.201142 0.435901
vt 0.226788 0.425584
vt 0.254261 0.410538
vt 0.27016 0.419059
vt 0.235928 0.447942
vt 0.235928 0.447942
vt 0.226788 0.425584
vt 0.254261 0.410538
vt 0.261473 0.379803
vt 0.279224 0.378607
vt 0.279044 0.39844
vt 0.279044 0.39844
vt 0.262209 0.395349
vt 0.261473 0.379803
vt 0.241642 0.354811
vt 0.261979 0.339496
vt 0.279224 0.378607
vt 0.279224 0.378607
vt 0.261473 0.379803
vt 0.241642 0.354811
vt 0.227418 0.339
vt 0.244846 0.321679
vt 0.261979 0.339496
vt 0.261979 0.339496
vt 0.241642 0.354811
vt 0.227418 0.339
vt 0.379859 0.408908
vt 0.388439 0.408419
vt 0.386305 0.42456
vt 0.386305 0.42456
vt 0.380484 0.422781
vt 0.379859 0.408908
vt 0.380484 0.422781
vt 0.386305 0.42456
vt 0.379618 0.44325
vt 0.379618 0.44325
vt 0.372369 0.438469
vt 0.380484 0.422781
vt 0.34402 0.413973
vt 0.368416 0.419877
vt 0.364384 0.428207
vt 0.364384 0.428207
vt 0.335706 0.433113
vt 0.34402 0.413973
vt 0.354448 0.157627
vt 0.354307 0.114426
vt 0.370416 0.120365
vt 0.370416 0.120365
vt 0.375671 0.16358
vt 0.354448 0.157627
vt 0.374267 0.375304
vt 0.388439 0.408419
vt 0.379859 0.408908
vt 0.379859 0.408908
vt 0.364179 0.381145
vt 0.374267 0.375304
vt 0.345757 0.397425
vt 0.368976 0.412921
vt 0.368416 0.419877
vt 0.368416 0.419877
vt 0.34402 0.413973
vt 0.345757 0.397425
vt 0.364179 0.381145
vt 0.379859 0.408908
vt 0.368976 0.412921
vt 0.368976 0.412921
vt 0.345757 0.397425
vt 0.364179 0.381145
vt 0.368416 0.419877
vt 0.380484 0.422781
vt 0.372369 0.438469
vt 0.372369 0.438469
vt 0.364384 0.428207
vt 0.368416 0.419877
vt 0.368976 0.412921
vt 0.379859 0.408908
vt 0.380484 0.422781
vt 0.380484 0.422781
vt 0.368416 0.419877
vt 0.368976 0.412921
vt 0.235928 0.447942
vt 0.250186 0.484574
vt 0.221635 0.499128
vt 0.221635 0.499128
vt 0.207724 0.459388
vt 0.235928 0.447942
vt 0.27016 0.419059
vt 0.28308 0.472663
vt 0.250186 0.484574
vt 0.250186 0.484574
vt 0.235928 0.447942
vt 0.27016 0.419059
vt 0.345262 0.455783
vt 0.372369 0.438469
vt 0.379618 0.44325
vt 0.379618 0.44325
vt 0.351628 0.465843
vt 0.345262 0.455783
vt 0.261979 0.339496
vt 0.289601 0.310651
vt 0.314285 0.337022
vt 0.314285 0.337022
vt 0.279224 0.378607
vt 0.261979 0.339496
vt 0.244846 0.321679
vt 0.273425 0.290789
vt 0.289601 0.310651
vt 0.289601 0.310651
vt 0.261979 0.339496
vt 0.244846 0.321679
vt 0.28308 0.472663
vt 0.345262 0.455783
vt 0.351628 0.465843
vt 0.351628 0.465843
vt 0.290492 0.490909
vt 0.28308 0.472663
vt 0.314285 0.337022
vt 0.364179 0.381145
vt 0.345757 0.397425
vt 0.345757 0.397425
vt 0.279224 0.378607
vt 0.314285 0.337022
vt 0.279224 0.378607
vt 0.345757 0.397425
vt 0.34402 0.413973
vt 0.34402 0.413973
vt 0.279044 0.39844
vt 0.279224 0.378607
vt 0.328777 0.324216
vt 0.374267 0.375304
vt 0.364179 0.381145
vt 0.364179 0.381145
vt 0.314285 0.337022
vt 0.328777 0.324216
vt 0.353977 0.234783
vt 0.354448 0.157627
vt 0.375671 0.16358
vt 0.375671 0.16358
vt 0.370086 0.240722
vt 0.353977 0.234783
vt 0.279044 0.39844
vt 0.34402 0.413973
vt 0.335706 0.433113
vt 0.335706 0.433113
vt 0.27016 0.419059
vt 0.279044 0.39844
vt 0.335931 0.240352
vt 0.328541 0.166535
vt 0.354448 0.157627
vt 0.354448 0.157627
vt 0.353977 0.234783
vt 0.335931 0.240352
vt 0.27016 0.419059
vt 0.335706 0.433113
vt 0.345262 0.455783
vt 0.345262 0.455783
vt 0.28308 0.472663
vt 0.27016 0.419059
vt 0.353977 0.234783
vt 0.370086 0.240722
vt 0.375671 0.28171
vt 0.375671 0.28171
vt 0.354998 0.295087
vt 0.353977 0.234783
vt 0.353977 0.234783
vt 0.354998 0.295087
vt 0.329113 0.278552
vt 0.329113 0.278552
vt 0.335931 0.240352
vt 0.353977 0.234783
vt 0.267142 0.643776
vt 0.339572 0.635195
vt 0.351693 0.675528
vt 0.351693 0.675528
vt 0.28092 0.699352
vt 0.267142 0.643776
vt 0.060867 0.774029
vt 0.020111 0.76722
vt 0.020111 0.688707
vt 0.020111 0.688707
vt 0.059751 0.702486
vt 0.060867 0.774029
vt 0.416139 0.75242
vt 0.365566 0.761015
vt 0.349362 0.732595
vt 0.349362 0.732595
vt 0.394181 0.727375
vt 0.416139 0.75242
vt 0.228322 0.553356
vt 0.307727 0.537063
vt 0.259808 0.583131
vt 0.300162 0.802
vt 0.383651 0.790459
vt 0.417321 0.850359
vt 0.417321 0.850359
vt 0.335963 0.874072
vt 0.300162 0.802
vt 0.020111 0.505812
vt 0.020111 0.379573
vt 0.093475 0.390905
vt 0.093475 0.390905
vt 0.153578 0.512227
vt 0.020111 0.505812
vt 0.576134 0.704171
vt 0.489187 0.742757
vt 0.472699 0.694844
vt 0.472699 0.694844
vt 0.547082 0.649915
vt 0.576134 0.704171
vt 0.06849 0.836889
vt 0.020111 0.845058
vt 0.020111 0.76722
vt 0.020111 0.76722
vt 0.060867 0.774029
vt 0.06849 0.836889
vt 0.307727 0.537063
vt 0.461244 0.580685
vt 0.395483 0.634712
vt 0.394181 0.727375
vt 0.381691 0.661803
vt 0.422716 0.658594
vt 0.349362 0.732595
vt 0.29584 0.730391
vt 0.351693 0.675528
vt 0.153578 0.512227
vt 0.065268 0.600748
vt 0.020111 0.556677
vt 0.202762 0.633798
vt 0.065268 0.600748
vt 0.153578 0.512227
vt 0.307727 0.537063
vt 0.360628 0.637128
vt 0.339572 0.635195
vt 0.339572 0.635195
vt 0.259808 0.583131
vt 0.307727 0.537063
vt 0.381691 0.661803
vt 0.360628 0.637128
vt 0.395483 0.634712
vt 0.259808 0.583131
vt 0.339572 0.635195
vt 0.267142 0.643776
vt 0.547082 0.649915
vt 0.472699 0.694844
vt 0.422716 0.658594
vt 0.422716 0.658594
vt 0.461244 0.580685
vt 0.547082 0.649915
vt 0.351693 0.675528
vt 0.29584 0.730391
vt 0.28092 0.699352
vt 0.383651 0.790459
vt 0.300162 0.802
vt 0.30108 0.767328
vt 0.30108 0.767328
vt 0.365566 0.761015
vt 0.383651 0.790459
vt 0.335963 0.874072
vt 0.287915 0.853872
vt 0.300162 0.802
vt 0.585393 0.750135
vt 0.495497 0.781747
vt 0.489187 0.742757
vt 0.489187 0.742757
vt 0.576134 0.704171
vt 0.585393 0.750135
vt 0.059751 0.702486
vt 0.020111 0.688707
vt 0.020111 0.611174
vt 0.020111 0.611174
vt 0.065268 0.600748
vt 0.059751 0.702486
vt 0.489187 0.742757
vt 0.428479 0.778975
vt 0.416139 0.75242
vt 0.416139 0.75242
vt 0.472699 0.694844
vt 0.489187 0.742757
vt 0.153578 0.512227
vt 0.020111 0.556677
vt 0.020111 0.505812
vt 0.467902 0.86468
vt 0.417321 0.850359
vt 0.428479 0.778975
vt 0.428479 0.778975
vt 0.495497 0.781747
vt 0.467902 0.86468
vt 0.210982 0.866294
vt 0.06849 0.836889
vt 0.060867 0.774029
vt 0.060867 0.774029
vt 0.221639 0.788624
vt 0.210982 0.866294
vt 0.365566 0.761015
vt 0.30108 0.767328
vt 0.29584 0.730391
vt 0.29584 0.730391
vt 0.349362 0.732595
vt 0.365566 0.761015
vt 0.422716 0.658594
vt 0.395483 0.634712
vt 0.461244 0.580685
vt 0.307727 0.537063
vt 0.395483 0.634712
vt 0.360628 0.637128
vt 0.452692 0.953049
vt 0.467902 0.86468
vt 0.533837 0.907981
vt 0.367345 0.974957
vt 0.417321 0.850359
vt 0.467902 0.86468
vt 0.472699 0.694844
vt 0.416139 0.75242
vt 0.394181 0.727375
vt 0.394181 0.727375
vt 0.422716 0.658594
vt 0.472699 0.694844
vt 0.210982 0.866294
vt 0.151063 0.965223
vt 0.020111 0.983224
vt 0.020111 0.983224
vt 0.06849 0.836889
vt 0.210982 0.866294
vt 0.533837 0.907981
vt 0.467902 0.86468
vt 0.495497 0.781747
vt 0.495497 0.781747
vt 0.585416 0.813107
vt 0.533837 0.907981
vt 0.428479 0.778975
vt 0.383651 0.790459
vt 0.365566 0.761015
vt 0.365566 0.761015
vt 0.416139 0.75242
vt 0.428479 0.778975
vt 0.417321 0.850359
vt 0.367345 0.974957
vt 0.286674 0.9526
vt 0.286674 0.9526
vt 0.335963 0.874072
vt 0.417321 0.850359
vt 0.349362 0.732595
vt 0.351693 0.675528
vt 0.381691 0.661803
vt 0.381691 0.661803
vt 0.394181 0.727375
vt 0.349362 0.732595
vt 0.216667 0.705611
vt 0.059751 0.702486
vt 0.065268 0.600748
vt 0.065268 0.600748
vt 0.202762 0.633798
vt 0.216667 0.705611
vt 0.417321 0.850359
vt 0.383651 0.790459
vt 0.428479 0.778975
vt 0.287915 0.853872
vt 0.335963 0.874072
vt 0.286674 0.9526
vt 0.020111 0.845058
vt 0.06849 0.836889
vt 0.020111 0.983224
vt 0.495497 0.781747
vt 0.428479 0.778975
vt 0.489187 0.742757
vt 0.422716 0.658594
vt 0.381691 0.661803
vt 0.395483 0.634712
vt 0.585416 0.813107
vt 0.495497 0.781747
vt 0.585393 0.750135
vt 0.228322 0.899846
vt 0.287915 0.853872
vt 0.286674 0.9526
vt 0.065268 0.600748
vt 0.020111 0.611174
vt 0.020111 0.556677
vt 0.381691 0.661803
vt 0.351693 0.675528
vt 0.339572 0.635195
vt 0.339572 0.635195
vt 0.360628 0.637128
vt 0.381691 0.661803
vt 0.221639 0.788624
vt 0.060867 0.774029
vt 0.059751 0.702486
vt 0.059751 0.702486
vt 0.216667 0.705611
vt 0.221639 0.788624
vt 0.452692 0.953049
vt 0.367345 0.974957
vt 0.467902 0.86468
vt 0.50139 0.566206
vt 0.518432 0.552782
vt 0.531675 0.560985
vt 0.531675 0.560985
vt 0.516794 0.587494
vt 0.50139 0.566206
vt 0.564264 0.589316
vt 0.56 0.568826
vt 0.582375 0.568814
vt 0.516794 0.587494
vt 0.531675 0.560985
vt 0.545047 0.566673
vt 0.545047 0.566673
vt 0.540053 0.595013
vt 0.516794 0.587494
vt 0.50139 0.538272
vt 0.518432 0.552782
vt 0.50139 0.566206
vt 0.540053 0.595013
vt 0.545047 0.566673
vt 0.56 0.568826
vt 0.56 0.568826
vt 0.564264 0.589316
vt 0.540053 0.595013
vt 0.545047 0.566673
vt 0.55209 0.5461
vt 0.565333 0.554303
vt 0.565333 0.554303
vt 0.56 0.568826
vt 0.545047 0.566673
vt 0.518432 0.552782
vt 0.523765 0.538259
vt 0.538718 0.540412
vt 0.538718 0.540412
vt 0.531675 0.560985
vt 0.518432 0.552782
vt 0.56 0.568826
vt 0.565333 0.554303
vt 0.582375 0.568814
vt 0.531675 0.560985
vt 0.538718 0.540412
vt 0.55209 0.5461
vt 0.55209 0.5461
vt 0.545047 0.566673
vt 0.531675 0.560985
vt 0.50139 0.538272
vt 0.523765 0.538259
vt 0.518432 0.552782
vt 0.55209 0.5461
vt 0.566971 0.519591
vt 0.582375 0.540879
vt 0.582375 0.540879
vt 0.565333 0.554303
vt 0.55209 0.5461
vt 0.523765 0.538259
vt 0.519501 0.517769
vt 0.543712 0.512073
vt 0.543712 0.512073
vt 0.538718 0.540412
vt 0.523765 0.538259
vt 0.565333 0.554303
vt 0.582375 0.540879
vt 0.582375 0.568814
vt 0.538718 0.540412
vt 0.543712 0.512073
vt 0.566971 0.519591
vt 0.566971 0.519591
vt 0.55209 0.5461
vt 0.538718 0.540412
vt 0.50139 0.538272
vt 0.519501 0.517769
vt 0.523765 0.538259
vt 0.764029 0.443491
vt 0.786322 0.453133
vt 0.786322 0.478116
vt 0.786322 0.478116
vt 0.75674 0.471113
vt 0.764029 0.443491
vt 0.764029 0.443491
vt 0.75674 0.471113
vt 0.709774 0.444372
vt 0.786322 0.527101
vt 0.769206 0.527666
vt 0.752091 0.489374
vt 0.752091 0.489374
vt 0.786322 0.495026
vt 0.786322 0.527101
vt 0.786322 0.478116
vt 0.786322 0.495026
vt 0.752091 0.489374
vt 0.752091 0.489374
vt 0.75674 0.471113
vt 0.786322 0.478116
vt 0.913603 0.564719
vt 0.975263 0.539374
vt 0.96697 0.57666
vt 0.684167 0.557344
vt 0.67038 0.522679
vt 0.769206 0.527666
vt 0.769206 0.527666
vt 0.786322 0.565959
vt 0.684167 0.557344
vt 0.813999 0.56119
vt 0.872907 0.508328
vt 0.913603 0.564719
vt 0.927975 0.505426
vt 0.975263 0.539374
vt 0.913603 0.564719
vt 0.786322 0.527101
vt 0.786322 0.565959
vt 0.769206 0.527666
vt 0.502573 0.451188
vt 0.469231 0.437871
vt 0.461821 0.26594
vt 0.461821 0.26594
vt 0.492471 0.265388
vt 0.502573 0.451188
vt 0.469231 0.437871
vt 0.441341 0.406478
vt 0.430067 0.262252
vt 0.430067 0.262252
vt 0.461821 0.26594
vt 0.469231 0.437871
vt 0.441341 0.406478
vt 0.415359 0.408278
vt 0.409284 0.257547
vt 0.409284 0.257547
vt 0.430067 0.262252
vt 0.441341 0.406478
vt 0.624792 0.410262
vt 0.59912 0.436955
vt 0.60803 0.258003
vt 0.60803 0.258003
vt 0.63868 0.258555
vt 0.624792 0.410262
vt 0.526546 0.448776
vt 0.502573 0.451188
vt 0.492471 0.265388
vt 0.492471 0.265388
vt 0.514972 0.260591
vt 0.526546 0.448776
vt 0.977338 0.882358
vt 0.977681 0.897821
vt 0.945822 0.885298
vt 0.502573 0.451188
vt 0.496913 0.481463
vt 0.469231 0.437871
vt 0.59912 0.436955
vt 0.610627 0.466388
vt 0.569325 0.480357
vt 0.569325 0.480357
vt 0.564701 0.449876
vt 0.59912 0.436955
vt 0.917986 0.911533
vt 0.917725 0.860079
vt 0.950773 0.836647
vt 0.950773 0.836647
vt 0.945822 0.885298
vt 0.917986 0.911533
vt 0.526546 0.448776
vt 0.521923 0.479257
vt 0.496913 0.481463
vt 0.496913 0.481463
vt 0.502573 0.451188
vt 0.526546 0.448776
vt 0.430067 0.262252
vt 0.433346 0.191634
vt 0.469397 0.195822
vt 0.469397 0.195822
vt 0.461821 0.26594
vt 0.430067 0.262252
vt 0.492471 0.265388
vt 0.504195 0.195195
vt 0.526546 0.189824
vt 0.526546 0.189824
vt 0.514972 0.260591
vt 0.492471 0.265388
vt 0.409284 0.257547
vt 0.412413 0.186356
vt 0.433346 0.191634
vt 0.433346 0.191634
vt 0.430067 0.262252
vt 0.409284 0.257547
vt 0.576276 0.261691
vt 0.564701 0.190924
vt 0.600752 0.186737
vt 0.600752 0.186737
vt 0.60803 0.258003
vt 0.576276 0.261691
vt 0.461821 0.26594
vt 0.469397 0.195822
vt 0.504195 0.195195
vt 0.504195 0.195195
vt 0.492471 0.265388
vt 0.461821 0.26594
vt 0.60803 0.258003
vt 0.600752 0.186737
vt 0.63555 0.187363
vt 0.63555 0.187363
vt 0.63868 0.258555
vt 0.60803 0.258003
vt 0.469397 0.195822
vt 0.481887 0.017375
vt 0.499418 0.017059
vt 0.499418 0.017059
vt 0.504195 0.195195
vt 0.469397 0.195822
vt 0.564701 0.190924
vt 0.568857 0.015177
vt 0.587019 0.013067
vt 0.587019 0.013067
vt 0.600752 0.186737
vt 0.564701 0.190924
vt 0.600752 0.186737
vt 0.587019 0.013067
vt 0.60455 0.013383
vt 0.60455 0.013383
vt 0.63555 0.187363
vt 0.600752 0.186737
vt 0.433346 0.191634
vt 0.463725 0.015265
vt 0.481887 0.017375
vt 0.481887 0.017375
vt 0.469397 0.195822
vt 0.433346 0.191634
vt 0.504195 0.195195
vt 0.499418 0.017059
vt 0.522391 0.014076
vt 0.522391 0.014076
vt 0.526546 0.189824
vt 0.504195 0.195195
vt 0.412413 0.186356
vt 0.443414 0.012376
vt 0.463725 0.015265
vt 0.463725 0.015265
vt 0.433346 0.191634
vt 0.412413 0.186356
vt 0.741429 0.813137
vt 0.787557 0.708034
vt 0.787557 0.817196
vt 0.624792 0.410262
vt 0.610627 0.466388
vt 0.59912 0.436955
vt 0.979151 0.929374
vt 0.947217 0.942018
vt 0.945822 0.885298
vt 0.945822 0.885298
vt 0.977681 0.897821
vt 0.979151 0.929374
vt 0.950773 0.836647
vt 0.974105 0.811285
vt 0.977338 0.882358
vt 0.977338 0.882358
vt 0.945822 0.885298
vt 0.950773 0.836647
vt 0.977338 0.882358
vt 0.974105 0.811285
vt 0.988441 0.887666
vt 0.678606 0.891994
vt 0.674424 0.846198
vt 0.731729 0.898952
vt 0.678606 0.891994
vt 0.731729 0.898952
vt 0.744825 0.929905
vt 0.744825 0.929905
vt 0.664742 0.927512
vt 0.678606 0.891994
vt 0.731729 0.898952
vt 0.741429 0.813137
vt 0.787557 0.817196
vt 0.787557 0.817196
vt 0.787557 0.882812
vt 0.731729 0.898952
vt 0.749564 0.959174
vt 0.744825 0.929905
vt 0.787557 0.931181
vt 0.787557 0.931181
vt 0.787557 0.959174
vt 0.749564 0.959174
vt 0.731729 0.898952
vt 0.674424 0.846198
vt 0.741429 0.813137
vt 0.687691 0.790927
vt 0.693741 0.713579
vt 0.787557 0.708034
vt 0.787557 0.708034
vt 0.741429 0.813137
vt 0.687691 0.790927
vt 0.787557 0.931181
vt 0.744825 0.929905
vt 0.731729 0.898952
vt 0.731729 0.898952
vt 0.787557 0.882812
vt 0.787557 0.931181
vt 0.674424 0.846198
vt 0.687691 0.790927
vt 0.741429 0.813137
vt 0.315528 0.07025
vt 0.301807 0.102129
vt 0.279199 0.090521
vt 0.279199 0.090521
vt 0.295778 0.061061
vt 0.315528 0.07025
vt 0.228415 0.048082
vt 0.260435 0.045795
vt 0.230426 0.074176
vt 0.085969 0.025171
vt 0.08966 0.070132
vt 0.051178 0.076314
vt 0.051178 0.076314
vt 0.058065 0.027349
vt 0.085969 0.025171
vt 0.295778 0.061061
vt 0.279199 0.090521
vt 0.230426 0.074176
vt 0.230426 0.074176
vt 0.280132 0.044154
vt 0.295778 0.061061
vt 0.112193 0.028743
vt 0.116394 0.087494
vt 0.08966 0.070132
vt 0.08966 0.070132
vt 0.085969 0.025171
vt 0.112193 0.028743
vt 0.058065 0.027349
vt 0.051178 0.076314
vt 0.026625 0.074872
vt 0.026625 0.074872
vt 0.031799 0.032155
vt 0.058065 0.027349
vt 0.279199 0.090521
vt 0.262988 0.151896
vt 0.226238 0.143567
vt 0.226238 0.143567
vt 0.230426 0.074176
vt 0.279199 0.090521
vt 0.116394 0.087494
vt 0.110458 0.141133
vt 0.089467 0.14005
vt 0.089467 0.14005
vt 0.08966 0.070132
vt 0.116394 0.087494
vt 0.051178 0.076314
vt 0.047309 0.14134
vt 0.028017 0.143391
vt 0.028017 0.143391
vt 0.026625 0.074872
vt 0.051178 0.076314
vt 0.301807 0.102129
vt 0.281837 0.158701
vt 0.262988 0.151896
vt 0.262988 0.151896
vt 0.279199 0.090521
vt 0.301807 0.102129
vt 0.230426 0.074176
vt 0.226238 0.143567
vt 0.207076 0.144623
vt 0.207076 0.144623
vt 0.196524 0.096629
vt 0.230426 0.074176
vt 0.08966 0.070132
vt 0.089467 0.14005
vt 0.047309 0.14134
vt 0.047309 0.14134
vt 0.051178 0.076314
vt 0.08966 0.070132
vt 0.281837 0.158701
vt 0.265838 0.206505
vt 0.249975 0.211409
vt 0.249975 0.211409
vt 0.262988 0.151896
vt 0.281837 0.158701
vt 0.226238 0.143567
vt 0.222029 0.219653
vt 0.20925 0.211229
vt 0.20925 0.211229
vt 0.207076 0.144623
vt 0.226238 0.143567
vt 0.089467 0.14005
vt 0.079124 0.211565
vt 0.055621 0.203006
vt 0.055621 0.203006
vt 0.047309 0.14134
vt 0.089467 0.14005
vt 0.262988 0.151896
vt 0.249975 0.211409
vt 0.222029 0.219653
vt 0.222029 0.219653
vt 0.226238 0.143567
vt 0.262988 0.151896
vt 0.110458 0.141133
vt 0.095119 0.212175
vt 0.079124 0.211565
vt 0.079124 0.211565
vt 0.089467 0.14005
vt 0.110458 0.141133
vt 0.047309 0.14134
vt 0.055621 0.203006
vt 0.039788 0.200287
vt 0.039788 0.200287
vt 0.028017 0.143391
vt 0.047309 0.14134
vt 0.260435 0.045795
vt 0.228415 0.048082
vt 0.226025 0.031958
vt 0.226025 0.031958
vt 0.258775 0.020764
vt 0.260435 0.045795
vt 0.280132 0.044154
vt 0.260435 0.045795
vt 0.258775 0.020764
vt 0.258775 0.020764
vt 0.282561 0.020044
vt 0.280132 0.044154
vt 0.112193 0.028743
vt 0.123557 0.051482
vt 0.116394 0.087494
vt 0.228415 0.048082
vt 0.180596 0.041865
vt 0.179671 0.02984
vt 0.179671 0.02984
vt 0.226025 0.031958
vt 0.228415 0.048082
vt 0.175525 0.053607
vt 0.164876 0.046823
vt 0.166479 0.04269
vt 0.166479 0.04269
vt 0.180596 0.041865
vt 0.175525 0.053607
vt 0.230426 0.074176
vt 0.175525 0.053607
vt 0.180596 0.041865
vt 0.180596 0.041865
vt 0.228415 0.048082
vt 0.230426 0.074176
vt 0.196524 0.096629
vt 0.165095 0.067278
vt 0.175525 0.053607
vt 0.175525 0.053607
vt 0.230426 0.074176
vt 0.196524 0.096629
vt 0.135071 0.084497
vt 0.139777 0.132435
vt 0.123093 0.134372
vt 0.123093 0.134372
vt 0.116394 0.087494
vt 0.135071 0.084497
vt 0.155207 0.0483
vt 0.15932 0.036464
vt 0.166479 0.04269
vt 0.166479 0.04269
vt 0.164876 0.046823
vt 0.155207 0.0483
vt 0.165095 0.067278
vt 0.155207 0.0483
vt 0.164876 0.046823
vt 0.164876 0.046823
vt 0.175525 0.053607
vt 0.165095 0.067278
vt 0.139777 0.132435
vt 0.136929 0.156483
vt 0.125991 0.158933
vt 0.125991 0.158933
vt 0.123093 0.134372
vt 0.139777 0.132435
vt 0.180596 0.041865
vt 0.166479 0.04269
vt 0.15932 0.036464
vt 0.15932 0.036464
vt 0.179671 0.02984
vt 0.180596 0.041865
vt 0.082651 0.226455
vt 0.04943 0.219608
vt 0.055621 0.203006
vt 0.055621 0.203006
vt 0.079124 0.211565
vt 0.082651 0.226455
vt 0.082651 0.226455
vt 0.079124 0.211565
vt 0.095119 0.212175
vt 0.055621 0.203006
vt 0.04943 0.219608
vt 0.039788 0.200287
vt 0.230426 0.074176
vt 0.260435 0.045795
vt 0.280132 0.044154
vt 0.116394 0.087494
vt 0.123557 0.051482
vt 0.135071 0.084497
vt 0.078057 0.307844
vt 0.022339 0.305556
vt 0.025847 0.27244
vt 0.025847 0.27244
vt 0.080783 0.267751
vt 0.078057 0.307844
vt 0.129744 0.306075
vt 0.078057 0.307844
vt 0.080783 0.267751
vt 0.080783 0.267751
vt 0.130947 0.252057
vt 0.129744 0.306075
vt 0.185494 0.305003
vt 0.129744 0.306075
vt 0.130947 0.252057
vt 0.130947 0.252057
vt 0.185494 0.244028
vt 0.185494 0.305003
vt 0.59912 0.436955
vt 0.564701 0.449876
vt 0.576276 0.261691
vt 0.576276 0.261691
vt 0.60803 0.258003
vt 0.59912 0.436955
vt 0.82742 0.862722
vt 0.82742 0.91958
vt 0.836684 0.921101
vt 0.836684 0.921101
vt 0.860121 0.861468
vt 0.82742 0.862722
vt 0.836684 0.921101
vt 0.82742 0.91958
vt 0.82742 0.862722
vt 0.82742 0.862722
vt 0.860121 0.861468
vt 0.836684 0.921101
vt 0.860121 0.861468
vt 0.836684 0.921101
vt 0.917986 0.911533
vt 0.917986 0.911533
vt 0.917725 0.860079
vt 0.860121 0.861468
vt 0.836684 0.921101
vt 0.82742 0.944673
vt 0.947217 0.942018
vt 0.947217 0.942018
vt 0.917986 0.911533
vt 0.836684 0.921101
vt 0.809244 0.60017
vt 0.803607 0.59834
vt 0.75003 0.760904
vt 0.75003 0.760904
vt 0.761123 0.764738
vt 0.809244 0.60017
vt 0.807724 0.609752
vt 0.747232 0.749943
vt 0.744363 0.748122
vt 0.744363 0.748122
vt 0.806571 0.608328
vt 0.807724 0.609752
vt 0.806571 0.608328
vt 0.811092 0.610709
vt 0.807724 0.609752
vt 0.744363 0.748122
vt 0.747232 0.749943
vt 0.753811 0.752801
vt 0.747232 0.749943
vt 0.807724 0.609752
vt 0.811092 0.610709
vt 0.811092 0.610709
vt 0.753811 0.752801
vt 0.747232 0.749943
vt 0.805981 0.599272
vt 0.755118 0.761505
vt 0.75003 0.760904
vt 0.75003 0.760904
vt 0.803607 0.59834
vt 0.805981 0.599272
vt 0.803607 0.59834
vt 0.809244 0.60017
vt 0.805981 0.599272
vt 0.75003 0.760904
vt 0.755118 0.761505
vt 0.761123 0.764738
vt 0.755118 0.761505
vt 0.805981 0.599272
vt 0.809244 0.60017
vt 0.809244 0.60017
vt 0.761123 0.764738
vt 0.755118 0.761505
vt 0.811092 0.610709
vt 0.806571 0.608328
vt 0.744363 0.748122
vt 0.744363 0.748122
vt 0.753811 0.752801
vt 0.811092 0.610709
vn 0.457552 0.1633968 0.8740411
vn 0.5037692 0.137312 0.8528553
vn 0.9477453 0.3166406 0.03895956
vn 0.9477453 0.3166406 0.03895956
vn 0.9449731 0.3248338 0.0388456
vn 0.457552 0.1633968 0.8740411
vn -0.5069885 -0.2191014 0.8336409
vn -0.4359966 -0.2435465 0.8663671
vn 0.5037692 0.137312 0.8528553
vn 0.5037692 0.137312 0.8528553
vn 0.457552 0.1633968 0.8740411
vn -0.5069885 -0.2191014 0.8336409
vn -0.9084924 -0.4162291 -0.03734595
vn -0.9044709 -0.4249117 -0.03718066
vn -0.4359966 -0.2435465 0.8663671
vn -0.4359966 -0.2435465 0.8663671
vn -0.5069885 -0.2191014 0.8336409
vn -0.9084924 -0.4162291 -0.03734595
vn -0.43331 0.7685336 0.4707426
vn -0.8289469 0.5582021 -0.03546178
vn -0.9943894 0.09756521 -0.04087698
vn -0.9943894 0.09756521 -0.04087698
vn -0.4934049 0.525237 0.6933092
vn -0.43331 0.7685336 0.4707426
vn 0.5574777 0.7554902 0.3441702
vn -0.43331 0.7685336 0.4707426
vn -0.4934049 0.525237 0.6933092
vn -0.4934049 0.525237 0.6933092
vn 0.5261695 0.6172362 0.584949
vn 0.5574777 0.7554902 0.3441702
vn 0.8530927 0.4881387 0.184265
vn 0.5574777 0.7554902 0.3441702
vn 0.5261695 0.6172362 0.584949
vn 0.495997 -0.1945498 0.846249
vn -0.5738446 -0.2133602 0.7906833
vn -0.2602313 0.001760292 0.9655447
vn -0.2602313 0.001760292 0.9655447
vn 0.5202976 -0.2930291 0.8021374
vn 0.495997 -0.1945498 0.846249
vn -0.7760027 -0.01581564 0.6305313
vn -0.9967434 0.001082511 0.0806303
vn -0.8472432 0.5274272 0.06324142
vn -0.8472432 0.5274272 0.06324142
vn -0.5893508 0.3252717 0.7395025
vn -0.7760027 -0.01581564 0.6305313
vn -0.7309653 0.6819356 -0.02556276
vn -0.6613414 0.5464843 -0.5137924
vn -0.3934895 0.7685328 -0.504503
vn -0.3934895 0.7685328 -0.504503
vn -0.8289469 0.5582021 -0.03546178
vn -0.7309653 0.6819356 -0.02556276
vn 0.5574777 0.7554902 0.3441702
vn 0.4170494 0.7436292 0.5225757
vn -0.3642647 0.7204911 0.590088
vn -0.3642647 0.7204911 0.590088
vn -0.43331 0.7685336 0.4707426
vn 0.5574777 0.7554902 0.3441702
vn 0.9680691 0.1652151 0.1885374
vn 0.4170494 0.7436292 0.5225757
vn 0.5574777 0.7554902 0.3441702
vn -0.6300616 0.04511228 0.7752339
vn -0.9934349 -0.1068615 -0.04083771
vn -0.9491194 -0.3124902 -0.03901601
vn -0.9491194 -0.3124902 -0.03901601
vn -0.5738446 -0.2133602 0.7906833
vn -0.6300616 0.04511228 0.7752339
vn 0.9545324 0.2955134 0.03923851
vn 0.463994 0.2485404 0.8502572
vn 0.495997 -0.1945498 0.846249
vn 0.495997 -0.1945498 0.846249
vn 0.9761008 -0.2135823 0.04012519
vn 0.9545324 0.2955134 0.03923851
vn 0.463994 0.2485404 0.8502572
vn -0.6300616 0.04511228 0.7752339
vn -0.5738446 -0.2133602 0.7906833
vn -0.5738446 -0.2133602 0.7906833
vn 0.495997 -0.1945498 0.846249
vn 0.463994 0.2485404 0.8502572
vn 0.9933653 -0.1016778 0.05373192
vn 0.5742928 0.06908097 0.81573
vn 0.5429896 0.3568903 0.7601261
vn 0.5429896 0.3568903 0.7601261
vn 0.9775168 0.1907163 -0.08993435
vn 0.9933653 -0.1016778 0.05373192
vn -0.6050804 0.1392608 0.7838902
vn 0.5429896 0.3568903 0.7601261
vn 0.5742928 0.06908097 0.81573
vn 0.4738324 0.4779579 0.739621
vn -0.622951 0.1851265 0.7600395
vn -0.6300616 0.04511228 0.7752339
vn -0.6300616 0.04511228 0.7752339
vn 0.463994 0.2485404 0.8502572
vn 0.4738324 0.4779579 0.739621
vn 0.8777682 0.477725 0.03608292
vn 0.4738324 0.4779579 0.739621
vn 0.463994 0.2485404 0.8502572
vn 0.463994 0.2485404 0.8502572
vn 0.9545324 0.2955134 0.03923851
vn 0.8777682 0.477725 0.03608292
vn -0.622951 0.1851265 0.7600395
vn -0.9925972 -0.1143935 -0.04080331
vn -0.9934349 -0.1068615 -0.04083771
vn -0.9934349 -0.1068615 -0.04083771
vn -0.6300616 0.04511228 0.7752339
vn -0.622951 0.1851265 0.7600395
vn -0.5738446 -0.2133602 0.7906833
vn -0.9491194 -0.3124902 -0.03901601
vn -0.9967434 0.001082511 0.0806303
vn -0.9967434 0.001082511 0.0806303
vn -0.7760027 -0.01581564 0.6305313
vn -0.5738446 -0.2133602 0.7906833
vn -0.7632686 0.6452235 -0.03327978
vn -0.8289469 0.5582021 -0.03546178
vn -0.7128748 0.698496 -0.06255311
vn -0.2602313 0.001760292 0.9655447
vn -0.5738446 -0.2133602 0.7906833
vn -0.7760027 -0.01581564 0.6305313
vn -0.7760027 -0.01581564 0.6305313
vn -0.5893508 0.3252717 0.7395025
vn -0.2602313 0.001760292 0.9655447
vn -0.9491194 -0.3124902 -0.03901601
vn -0.9977676 0.05270258 -0.04101574
vn -0.9967434 0.001082511 0.0806303
vn -0.43331 0.7685336 0.4707426
vn -0.4649868 0.08058679 0.8816422
vn -0.6470548 0.5759892 0.4995564
vn -0.815242 0.5782058 -0.03253686
vn -0.8472432 0.5274272 0.06324142
vn -0.9967434 0.001082511 0.0806303
vn -0.9967434 0.001082511 0.0806303
vn -0.9977676 0.05270258 -0.04101574
vn -0.815242 0.5782058 -0.03253686
vn -0.9721472 -0.2309391 -0.03996271
vn -0.9950379 -0.09094327 0.04036093
vn -0.7205988 -0.54207 -0.4323166
vn 0.4391307 -0.06426388 0.8961219
vn -0.5990292 -0.01338382 0.8006154
vn -0.6050804 0.1392608 0.7838902
vn -0.6050804 0.1392608 0.7838902
vn 0.5742928 0.06908097 0.81573
vn 0.4391307 -0.06426388 0.8961219
vn 0.8946645 -0.4190978 -0.1547017
vn 0.955379 -0.2043263 0.2133117
vn 0.5742928 0.06908097 0.81573
vn 0.5742928 0.06908097 0.81573
vn 0.9933653 -0.1016778 0.05373192
vn 0.8946645 -0.4190978 -0.1547017
vn -0.4169458 -0.1890868 -0.8890457
vn 0.6770647 -0.05749571 -0.7336741
vn 0.6462048 -0.5085042 -0.5690718
vn 0.6462048 -0.5085042 -0.5690718
vn -0.7205988 -0.54207 -0.4323166
vn -0.4169458 -0.1890868 -0.8890457
vn -0.5662871 -0.8238793 -0.02327865
vn -0.9721472 -0.2309391 -0.03996271
vn -0.7205988 -0.54207 -0.4323166
vn -0.9950379 -0.09094327 0.04036093
vn -0.6050804 0.1392608 0.7838902
vn -0.5990292 -0.01338382 0.8006154
vn 0.4391307 -0.06426388 0.8961219
vn 0.5742928 0.06908097 0.81573
vn 0.955379 -0.2043263 0.2133117
vn -0.9950379 -0.09094327 0.04036093
vn -0.9721472 -0.2309391 -0.03996271
vn -0.9884064 -0.01317141 0.1512589
vn -0.3527639 -0.2777794 -0.8935301
vn 0.7168015 -0.05430392 -0.6951596
vn 0.6770647 -0.05749571 -0.7336741
vn 0.6770647 -0.05749571 -0.7336741
vn -0.4169458 -0.1890868 -0.8890457
vn -0.3527639 -0.2777794 -0.8935301
vn 0.6770647 -0.05749571 -0.7336741
vn 0.9831849 -0.01974008 0.181543
vn 0.955379 -0.2043263 0.2133117
vn 0.955379 -0.2043263 0.2133117
vn 0.6462048 -0.5085042 -0.5690718
vn 0.6770647 -0.05749571 -0.7336741
vn 0.9831849 -0.01974008 0.181543
vn 0.4674717 -0.07909752 0.8804623
vn 0.4391307 -0.06426388 0.8961219
vn 0.4391307 -0.06426388 0.8961219
vn 0.955379 -0.2043263 0.2133117
vn 0.9831849 -0.01974008 0.181543
vn -0.969258 -0.2139424 -0.1215225
vn -0.4169458 -0.1890868 -0.8890457
vn -0.7205988 -0.54207 -0.4323166
vn -0.7205988 -0.54207 -0.4323166
vn -0.9950379 -0.09094327 0.04036093
vn -0.969258 -0.2139424 -0.1215225
vn 0.4674717 -0.07909752 0.8804623
vn -0.6227366 -0.1680383 0.7641743
vn -0.5990292 -0.01338382 0.8006154
vn -0.5990292 -0.01338382 0.8006154
vn 0.4391307 -0.06426388 0.8961219
vn 0.4674717 -0.07909752 0.8804623
vn -0.6227366 -0.1680383 0.7641743
vn -0.969258 -0.2139424 -0.1215225
vn -0.9950379 -0.09094327 0.04036093
vn -0.9950379 -0.09094327 0.04036093
vn -0.5990292 -0.01338382 0.8006154
vn -0.6227366 -0.1680383 0.7641743
vn -0.4779805 -0.2251875 -0.8490143
vn 0.7933213 0.03426484 -0.6078383
vn 0.7168015 -0.05430392 -0.6951596
vn 0.7168015 -0.05430392 -0.6951596
vn -0.3527639 -0.2777794 -0.8935301
vn -0.4779805 -0.2251875 -0.8490143
vn -0.930461 -0.3179708 -0.1820357
vn -0.3527639 -0.2777794 -0.8935301
vn -0.4169458 -0.1890868 -0.8890457
vn -0.4169458 -0.1890868 -0.8890457
vn -0.969258 -0.2139424 -0.1215225
vn -0.930461 -0.3179708 -0.1820357
vn -0.624925 -0.1507018 0.7660012
vn -0.930461 -0.3179708 -0.1820357
vn -0.969258 -0.2139424 -0.1215225
vn -0.969258 -0.2139424 -0.1215225
vn -0.6227366 -0.1680383 0.7641743
vn -0.624925 -0.1507018 0.7660012
vn 0.7168015 -0.05430392 -0.6951596
vn 0.9622095 0.1592233 0.2209092
vn 0.9831849 -0.01974008 0.181543
vn 0.9831849 -0.01974008 0.181543
vn 0.6770647 -0.05749571 -0.7336741
vn 0.7168015 -0.05430392 -0.6951596
vn 0.9622095 0.1592233 0.2209092
vn 0.4824712 0.09662746 0.8705657
vn 0.4674717 -0.07909752 0.8804623
vn 0.4674717 -0.07909752 0.8804623
vn 0.9831849 -0.01974008 0.181543
vn 0.9622095 0.1592233 0.2209092
vn 0.4824712 0.09662746 0.8705657
vn -0.624925 -0.1507018 0.7660012
vn -0.6227366 -0.1680383 0.7641743
vn -0.6227366 -0.1680383 0.7641743
vn 0.4674717 -0.07909752 0.8804623
vn 0.4824712 0.09662746 0.8705657
vn 0.9361137 0.2595741 0.2373022
vn 0.4250099 0.2150313 0.8792771
vn 0.4824712 0.09662746 0.8705657
vn 0.4824712 0.09662746 0.8705657
vn 0.9622095 0.1592233 0.2209092
vn 0.9361137 0.2595741 0.2373022
vn -0.5231673 0.189122 -0.8309807
vn 0.5099549 -0.003982532 -0.8601921
vn 0.5972316 0.01897656 -0.8018444
vn 0.5972316 0.01897656 -0.8018444
vn -0.5774704 -0.06360585 -0.8139302
vn -0.5231673 0.189122 -0.8309807
vn 0.4250099 0.2150313 0.8792771
vn -0.5936207 -0.01236258 0.80465
vn -0.624925 -0.1507018 0.7660012
vn -0.624925 -0.1507018 0.7660012
vn 0.4824712 0.09662746 0.8705657
vn 0.4250099 0.2150313 0.8792771
vn -0.9822747 -0.1851555 -0.02922398
vn -0.4779805 -0.2251875 -0.8490143
vn -0.3527639 -0.2777794 -0.8935301
vn -0.3527639 -0.2777794 -0.8935301
vn -0.930461 -0.3179708 -0.1820357
vn -0.9822747 -0.1851555 -0.02922398
vn -0.5936207 -0.01236258 0.80465
vn -0.9822747 -0.1851555 -0.02922398
vn -0.930461 -0.3179708 -0.1820357
vn -0.930461 -0.3179708 -0.1820357
vn -0.624925 -0.1507018 0.7660012
vn -0.5936207 -0.01236258 0.80465
vn 0.7933213 0.03426484 -0.6078383
vn 0.9361137 0.2595741 0.2373022
vn 0.9622095 0.1592233 0.2209092
vn 0.9622095 0.1592233 0.2209092
vn 0.7168015 -0.05430392 -0.6951596
vn 0.7933213 0.03426484 -0.6078383
vn -0.6537819 0.1152088 0.7478611
vn -0.966048 0.2496714 -0.06645012
vn -0.9947925 -0.08503508 -0.05618805
vn -0.9947925 -0.08503508 -0.05618805
vn -0.6802655 -0.1021305 0.7258155
vn -0.6537819 0.1152088 0.7478611
vn 0.5099549 -0.003982532 -0.8601921
vn 0.9999502 -0.007689215 -0.006369114
vn 0.9715573 0.03114365 0.2347483
vn 0.9715573 0.03114365 0.2347483
vn 0.5972316 0.01897656 -0.8018444
vn 0.5099549 -0.003982532 -0.8601921
vn 0.9999502 -0.007689215 -0.006369114
vn 0.3934081 -0.03791496 0.918582
vn 0.3234457 -0.0168497 0.9460967
vn 0.3234457 -0.0168497 0.9460967
vn 0.9715573 0.03114365 0.2347483
vn 0.9999502 -0.007689215 -0.006369114
vn 0.3934081 -0.03791496 0.918582
vn -0.6537819 0.1152088 0.7478611
vn -0.6802655 -0.1021305 0.7258155
vn -0.6802655 -0.1021305 0.7258155
vn 0.3234457 -0.0168497 0.9460967
vn 0.3934081 -0.03791496 0.918582
vn -0.5774704 -0.06360585 -0.8139302
vn 0.5972316 0.01897656 -0.8018444
vn 0.7933213 0.03426484 -0.6078383
vn 0.7933213 0.03426484 -0.6078383
vn -0.4779805 -0.2251875 -0.8490143
vn -0.5774704 -0.06360585 -0.8139302
vn -0.966048 0.2496714 -0.06645012
vn -0.5231673 0.189122 -0.8309807
vn -0.5774704 -0.06360585 -0.8139302
vn -0.5774704 -0.06360585 -0.8139302
vn -0.9947925 -0.08503508 -0.05618805
vn -0.966048 0.2496714 -0.06645012
vn -0.9947925 -0.08503508 -0.05618805
vn -0.5774704 -0.06360585 -0.8139302
vn -0.4779805 -0.2251875 -0.8490143
vn -0.4779805 -0.2251875 -0.8490143
vn -0.9822747 -0.1851555 -0.02922398
vn -0.9947925 -0.08503508 -0.05618805
vn 0.3234457 -0.0168497 0.9460967
vn -0.6802655 -0.1021305 0.7258155
vn -0.5936207 -0.01236258 0.80465
vn -0.5936207 -0.01236258 0.80465
vn 0.4250099 0.2150313 0.8792771
vn 0.3234457 -0.0168497 0.9460967
vn 0.9715573 0.03114365 0.2347483
vn 0.3234457 -0.0168497 0.9460967
vn 0.4250099 0.2150313 0.8792771
vn 0.4250099 0.2150313 0.8792771
vn 0.9361137 0.2595741 0.2373022
vn 0.9715573 0.03114365 0.2347483
vn 0.5972316 0.01897656 -0.8018444
vn 0.9715573 0.03114365 0.2347483
vn 0.9361137 0.2595741 0.2373022
vn 0.9361137 0.2595741 0.2373022
vn 0.7933213 0.03426484 -0.6078383
vn 0.5972316 0.01897656 -0.8018444
vn -0.6802655 -0.1021305 0.7258155
vn -0.9947925 -0.08503508 -0.05618805
vn -0.9822747 -0.1851555 -0.02922398
vn -0.9822747 -0.1851555 -0.02922398
vn -0.5936207 -0.01236258 0.80465
vn -0.6802655 -0.1021305 0.7258155
vn 0.6462048 -0.5085042 -0.5690718
vn 0.3789346 -0.9252924 0.01557714
vn -0.5662871 -0.8238793 -0.02327865
vn -0.5662871 -0.8238793 -0.02327865
vn -0.7205988 -0.54207 -0.4323166
vn 0.6462048 -0.5085042 -0.5690718
vn -0.9884064 -0.01317141 0.1512589
vn -0.9721472 -0.2309391 -0.03996271
vn -0.9925972 -0.1143935 -0.04080331
vn -0.9950379 -0.09094327 0.04036093
vn -0.9884064 -0.01317141 0.1512589
vn -0.6050804 0.1392608 0.7838902
vn -0.622951 0.1851265 0.7600395
vn -0.6050804 0.1392608 0.7838902
vn -0.9884064 -0.01317141 0.1512589
vn 0.388495 -0.6832417 -0.6182657
vn 0.8005923 -0.5991122 0.01079261
vn 0.9981877 0.05937324 0.009819508
vn 0.9981877 0.05937324 0.009819508
vn 0.4894328 -0.04680204 -0.8707842
vn 0.388495 -0.6832417 -0.6182657
vn 0.0334826 -0.8472367 -0.5301592
vn 0.388495 -0.6832417 -0.6182657
vn 0.4894328 -0.04680204 -0.8707842
vn 0.4894328 -0.04680204 -0.8707842
vn 0.03512859 -0.118919 -0.9922824
vn 0.0334826 -0.8472367 -0.5301592
vn -0.5613205 -0.3552518 0.7474727
vn -0.5731922 0.6237567 0.5313928
vn -0.2876663 0.7020686 0.6514199
vn -0.2876663 0.7020686 0.6514199
vn -0.05772979 -0.240626 0.9688996
vn -0.5613205 -0.3552518 0.7474727
vn 0.3128275 -0.6911559 0.6514926
vn -0.03889919 -0.8515963 0.522753
vn -0.05198435 -0.1371881 0.98918
vn -0.05198435 -0.1371881 0.98918
vn 0.4163367 -0.04470687 0.9081107
vn 0.3128275 -0.6911559 0.6514926
vn 0.8005923 -0.5991122 0.01079261
vn 0.3128275 -0.6911559 0.6514926
vn 0.4163367 -0.04470687 0.9081107
vn 0.4163367 -0.04470687 0.9081107
vn 0.9981877 0.05937324 0.009819508
vn 0.8005923 -0.5991122 0.01079261
vn -0.3835707 -0.9233432 0.01763409
vn -0.2039622 -0.9404747 0.2718581
vn 0.004225256 -0.9034181 0.42874
vn 0.004225256 -0.9034181 0.42874
vn 0 -1 0
vn -0.3835707 -0.9233432 0.01763409
vn -0.4289444 0.4569921 0.7792078
vn -0.6426616 0.7648373 -0.0448314
vn -0.966048 0.2496714 -0.06645012
vn -0.966048 0.2496714 -0.06645012
vn -0.6537819 0.1152088 0.7478611
vn -0.4289444 0.4569921 0.7792078
vn 0.9845589 0.1675803 -0.05060291
vn 0.4343819 0.1120443 0.8937328
vn 0.3934081 -0.03791496 0.918582
vn 0.3934081 -0.03791496 0.918582
vn 0.9999502 -0.007689215 -0.006369114
vn 0.9845589 0.1675803 -0.05060291
vn 0.4343819 0.1120443 0.8937328
vn -0.4289444 0.4569921 0.7792078
vn -0.6537819 0.1152088 0.7478611
vn -0.6537819 0.1152088 0.7478611
vn 0.3934081 -0.03791496 0.918582
vn 0.4343819 0.1120443 0.8937328
vn -0.6426616 0.7648373 -0.0448314
vn -0.3373446 0.4334557 -0.8356524
vn -0.5231673 0.189122 -0.8309807
vn -0.5231673 0.189122 -0.8309807
vn -0.966048 0.2496714 -0.06645012
vn -0.6426616 0.7648373 -0.0448314
vn -0.3373446 0.4334557 -0.8356524
vn 0.4431913 0.1440953 -0.88477
vn 0.5099549 -0.003982532 -0.8601921
vn 0.5099549 -0.003982532 -0.8601921
vn -0.5231673 0.189122 -0.8309807
vn -0.3373446 0.4334557 -0.8356524
vn 0.4431913 0.1440953 -0.88477
vn 0.9845589 0.1675803 -0.05060291
vn 0.9999502 -0.007689215 -0.006369114
vn 0.9999502 -0.007689215 -0.006369114
vn 0.5099549 -0.003982532 -0.8601921
vn 0.4431913 0.1440953 -0.88477
vn -0.3835707 -0.9233432 0.01763409
vn -0.2097586 -0.9416244 -0.263334
vn -0.5341436 -0.3717296 -0.7592812
vn -0.5341436 -0.3717296 -0.7592812
vn -0.9183041 -0.3958642 -0.00301373
vn -0.3835707 -0.9233432 0.01763409
vn -0.2039622 -0.9404747 0.2718581
vn -0.3835707 -0.9233432 0.01763409
vn -0.9183041 -0.3958642 -0.00301373
vn -0.9183041 -0.3958642 -0.00301373
vn -0.5613205 -0.3552518 0.7474727
vn -0.2039622 -0.9404747 0.2718581
vn -0.5731922 0.6237567 0.5313928
vn -0.8099822 0.5863737 -0.009722829
vn -0.2953402 0.9553921 -0.0002812147
vn -0.2953402 0.9553921 -0.0002812147
vn -0.2876663 0.7020686 0.6514199
vn -0.5731922 0.6237567 0.5313928
vn -0.2097586 -0.9416244 -0.263334
vn -0.3835707 -0.9233432 0.01763409
vn 0 -1 0
vn 0 -1 0
vn 0.01830593 -0.9119721 -0.4098435
vn -0.2097586 -0.9416244 -0.263334
vn -0.5341436 -0.3717296 -0.7592812
vn -0.2097586 -0.9416244 -0.263334
vn 0.01830593 -0.9119721 -0.4098435
vn 0.01830593 -0.9119721 -0.4098435
vn 0.01830003 -0.2013645 -0.9793454
vn -0.5341436 -0.3717296 -0.7592812
vn -0.8099822 0.5863737 -0.009722829
vn -0.5602859 0.5845954 -0.5867947
vn -0.184047 0.7067813 -0.6830717
vn -0.184047 0.7067813 -0.6830717
vn -0.2953402 0.9553921 -0.0002812147
vn -0.8099822 0.5863737 -0.009722829
vn -0.5602859 0.5845954 -0.5867947
vn -0.5341436 -0.3717296 -0.7592812
vn 0.01830003 -0.2013645 -0.9793454
vn 0.01830003 -0.2013645 -0.9793454
vn -0.184047 0.7067813 -0.6830717
vn -0.5602859 0.5845954 -0.5867947
vn -0.5613205 -0.3552518 0.7474727
vn -0.9183041 -0.3958642 -0.00301373
vn -0.8099822 0.5863737 -0.009722829
vn -0.8099822 0.5863737 -0.009722829
vn -0.5731922 0.6237567 0.5313928
vn -0.5613205 -0.3552518 0.7474727
vn -0.9183041 -0.3958642 -0.00301373
vn -0.5341436 -0.3717296 -0.7592812
vn -0.5602859 0.5845954 -0.5867947
vn -0.5602859 0.5845954 -0.5867947
vn -0.8099822 0.5863737 -0.009722829
vn -0.9183041 -0.3958642 -0.00301373
vn 0.9981877 0.05937324 0.009819508
vn 0.4163367 -0.04470687 0.9081107
vn 0.4343819 0.1120443 0.8937328
vn 0.4343819 0.1120443 0.8937328
vn 0.9845589 0.1675803 -0.05060291
vn 0.9981877 0.05937324 0.009819508
vn 0.4163367 -0.04470687 0.9081107
vn -0.05198435 -0.1371881 0.98918
vn -0.4289444 0.4569921 0.7792078
vn -0.4289444 0.4569921 0.7792078
vn 0.4343819 0.1120443 0.8937328
vn 0.4163367 -0.04470687 0.9081107
vn -0.2039622 -0.9404747 0.2718581
vn -0.5613205 -0.3552518 0.7474727
vn -0.05772979 -0.240626 0.9688996
vn -0.05772979 -0.240626 0.9688996
vn 0.004225256 -0.9034181 0.42874
vn -0.2039622 -0.9404747 0.2718581
vn 0.03512859 -0.118919 -0.9922824
vn 0.4894328 -0.04680204 -0.8707842
vn 0.4431913 0.1440953 -0.88477
vn 0.4431913 0.1440953 -0.88477
vn -0.3373446 0.4334557 -0.8356524
vn 0.03512859 -0.118919 -0.9922824
vn 0.4894328 -0.04680204 -0.8707842
vn 0.9981877 0.05937324 0.009819508
vn 0.9845589 0.1675803 -0.05060291
vn 0.9845589 0.1675803 -0.05060291
vn 0.4431913 0.1440953 -0.88477
vn 0.4894328 -0.04680204 -0.8707842
vn 0.004225256 -0.9034181 0.42874
vn -0.05772979 -0.240626 0.9688996
vn -0.05198435 -0.1371881 0.98918
vn -0.05198435 -0.1371881 0.98918
vn -0.03889919 -0.8515963 0.522753
vn 0.004225256 -0.9034181 0.42874
vn -0.184047 0.7067813 -0.6830717
vn 0.01830003 -0.2013645 -0.9793454
vn 0.03512859 -0.118919 -0.9922824
vn 0.03512859 -0.118919 -0.9922824
vn -0.3373446 0.4334557 -0.8356524
vn -0.184047 0.7067813 -0.6830717
vn -0.2953402 0.9553921 -0.0002812147
vn -0.184047 0.7067813 -0.6830717
vn -0.3373446 0.4334557 -0.8356524
vn -0.3373446 0.4334557 -0.8356524
vn -0.6426616 0.7648373 -0.0448314
vn -0.2953402 0.9553921 -0.0002812147
vn 0.01830003 -0.2013645 -0.9793454
vn 0.01830593 -0.9119721 -0.4098435
vn 0.0334826 -0.8472367 -0.5301592
vn 0.0334826 -0.8472367 -0.5301592
vn 0.03512859 -0.118919 -0.9922824
vn 0.01830003 -0.2013645 -0.9793454
vn 0.01830593 -0.9119721 -0.4098435
vn 0 -1 0
vn 0.001915834 -0.9999982 -0.0003485139
vn 0.001915834 -0.9999982 -0.0003485139
vn 0.0334826 -0.8472367 -0.5301592
vn 0.01830593 -0.9119721 -0.4098435
vn -0.2876663 0.7020686 0.6514199
vn -0.2953402 0.9553921 -0.0002812147
vn -0.6426616 0.7648373 -0.0448314
vn -0.6426616 0.7648373 -0.0448314
vn -0.4289444 0.4569921 0.7792078
vn -0.2876663 0.7020686 0.6514199
vn 0 -1 0
vn 0.004225256 -0.9034181 0.42874
vn -0.03889919 -0.8515963 0.522753
vn -0.03889919 -0.8515963 0.522753
vn 0.001915834 -0.9999982 -0.0003485139
vn 0 -1 0
vn -0.05772979 -0.240626 0.9688996
vn -0.2876663 0.7020686 0.6514199
vn -0.4289444 0.4569921 0.7792078
vn -0.4289444 0.4569921 0.7792078
vn -0.05198435 -0.1371881 0.98918
vn -0.05772979 -0.240626 0.9688996
vn 0.388495 -0.6832417 -0.6182657
vn 0.0334826 -0.8472367 -0.5301592
vn 0.001915834 -0.9999982 -0.0003485139
vn 0.001915834 -0.9999982 -0.0003485139
vn 0.8005923 -0.5991122 0.01079261
vn 0.388495 -0.6832417 -0.6182657
vn 0.3128275 -0.6911559 0.6514926
vn 0.8005923 -0.5991122 0.01079261
vn 0.001915834 -0.9999982 -0.0003485139
vn 0.001915834 -0.9999982 -0.0003485139
vn -0.03889919 -0.8515963 0.522753
vn 0.3128275 -0.6911559 0.6514926
vn 0.1168281 -0.2077824 0.9711734
vn 0.1026335 -0.6195253 0.7782382
vn -0.6464748 -0.3264761 0.6895532
vn -0.6464748 -0.3264761 0.6895532
vn -0.694706 -0.03948972 0.7182089
vn 0.1168281 -0.2077824 0.9711734
vn -0.9476319 0.3169799 -0.03895491
vn -0.9981585 0.04467828 -0.04103184
vn -0.8677579 -0.0970623 0.4874169
vn -0.8677579 -0.0970623 0.4874169
vn -0.7952492 0.01962519 0.6059651
vn -0.9476319 0.3169799 -0.03895491
vn -0.2670609 -0.1726932 0.94808
vn -0.2675558 -0.02168377 0.9632985
vn 0.1379456 -0.09075109 0.9862734
vn 0.1379456 -0.09075109 0.9862734
vn -0.01032738 -0.2532006 0.9673587
vn -0.2670609 -0.1726932 0.94808
vn 0.3311361 -0.9434848 0.01361221
vn -0.5817815 -0.8129934 -0.02391559
vn -0.3795025 -0.7840072 0.4912337
vn -0.005495664 0.6216282 0.7832931
vn -0.217318 0.1163765 0.9691384
vn -0.6480596 0.05715799 0.7594418
vn -0.6480596 0.05715799 0.7594418
vn -0.4340869 0.6563707 0.6170462
vn -0.005495664 0.6216282 0.7832931
vn -0.3795025 -0.7840072 0.4912337
vn -0.5817815 -0.8129934 -0.02391559
vn -0.9613622 -0.2724352 -0.03951925
vn -0.9613622 -0.2724352 -0.03951925
vn -0.6464748 -0.3264761 0.6895532
vn -0.3795025 -0.7840072 0.4912337
vn 0.6286494 -0.484821 0.6080695
vn 0.7434421 -0.1146429 0.6589014
vn 0.9824753 -0.1819643 0.04038721
vn 0.9824753 -0.1819643 0.04038721
vn 0.8356192 -0.548234 0.03435028
vn 0.6286494 -0.484821 0.6080695
vn -0.9981585 0.04467828 -0.04103184
vn -0.9972068 0.06243526 -0.04099268
vn -0.9052893 -0.002507554 0.4247884
vn -0.9052893 -0.002507554 0.4247884
vn -0.8677579 -0.0970623 0.4874169
vn -0.9981585 0.04467828 -0.04103184
vn 0.5575866 -0.8298023 0.02292109
vn 0.3311361 -0.9434848 0.01361221
vn 0.4225487 -0.7819629 0.4582432
vn 0.3414032 -0.4226831 0.8395135
vn -0.01032738 -0.2532006 0.9673587
vn 0.402747 -0.6784927 0.6143636
vn -0.5980396 -0.05463098 0.7996026
vn -0.2670609 -0.1726932 0.94808
vn 0.1168281 -0.2077824 0.9711734
vn -0.8079057 -0.08552187 0.5830734
vn -0.6464748 -0.3264761 0.6895532
vn -0.9139488 -0.4040867 -0.03757018
vn -0.8079057 -0.08552187 0.5830734
vn -0.694706 -0.03948972 0.7182089
vn -0.6464748 -0.3264761 0.6895532
vn 0.1026335 -0.6195253 0.7782382
vn 0.4756115 -0.5771205 0.6638718
vn 0.3311361 -0.9434848 0.01361221
vn 0.3311361 -0.9434848 0.01361221
vn -0.3795025 -0.7840072 0.4912337
vn 0.1026335 -0.6195253 0.7782382
vn 0.4756115 -0.5771205 0.6638718
vn 0.3414032 -0.4226831 0.8395135
vn 0.4225487 -0.7819629 0.4582432
vn 0.1026335 -0.6195253 0.7782382
vn -0.3795025 -0.7840072 0.4912337
vn -0.6464748 -0.3264761 0.6895532
vn 0.402747 -0.6784927 0.6143636
vn 0.6286494 -0.484821 0.6080695
vn 0.8356192 -0.548234 0.03435028
vn 0.8356192 -0.548234 0.03435028
vn 0.5575866 -0.8298023 0.02292109
vn 0.402747 -0.6784927 0.6143636
vn -0.5980396 -0.05463098 0.7996026
vn 0.1168281 -0.2077824 0.9711734
vn -0.694706 -0.03948972 0.7182089
vn -0.6826173 -0.09019084 0.725189
vn -0.6480596 0.05715799 0.7594418
vn -0.217318 0.1163765 0.9691384
vn -0.217318 0.1163765 0.9691384
vn -0.2675558 -0.02168377 0.9632985
vn -0.6826173 -0.09019084 0.725189
vn -0.8416501 0.2771105 0.4635029
vn -0.4340869 0.6563707 0.6170462
vn -0.6480596 0.05715799 0.7594418
vn 0.7434421 -0.1146429 0.6589014
vn 0.7325397 0.2382597 0.637666
vn 0.9987801 0.02743393 0.04105741
vn 0.9987801 0.02743393 0.04105741
vn 0.9824753 -0.1819643 0.04038721
vn 0.7434421 -0.1146429 0.6589014
vn -0.9814562 -0.1873931 -0.04034525
vn -0.9476319 0.3169799 -0.03895491
vn -0.7952492 0.01962519 0.6059651
vn -0.7952492 0.01962519 0.6059651
vn -0.8079057 -0.08552187 0.5830734
vn -0.9814562 -0.1873931 -0.04034525
vn 0.1379456 -0.09075109 0.9862734
vn 0.2177348 0.1335231 0.9668315
vn 0.7434421 -0.1146429 0.6589014
vn 0.7434421 -0.1146429 0.6589014
vn 0.6286494 -0.484821 0.6080695
vn 0.1379456 -0.09075109 0.9862734
vn -0.9139488 -0.4040867 -0.03757018
vn -0.6464748 -0.3264761 0.6895532
vn -0.9613622 -0.2724352 -0.03951925
vn 0.2177348 0.1335231 0.9668315
vn -0.005495664 0.6216282 0.7832931
vn 0.390296 0.7243518 0.5683163
vn 0.390296 0.7243518 0.5683163
vn 0.7325397 0.2382597 0.637666
vn 0.2177348 0.1335231 0.9668315
vn -0.8677579 -0.0970623 0.4874169
vn -0.9052893 -0.002507554 0.4247884
vn -0.6480596 0.05715799 0.7594418
vn -0.6480596 0.05715799 0.7594418
vn -0.6826173 -0.09019084 0.725189
vn -0.8677579 -0.0970623 0.4874169
vn -0.5980396 -0.05463098 0.7996026
vn -0.6826173 -0.09019084 0.725189
vn -0.2675558 -0.02168377 0.9632985
vn -0.2675558 -0.02168377 0.9632985
vn -0.2670609 -0.1726932 0.94808
vn -0.5980396 -0.05463098 0.7996026
vn 0.4225487 -0.7819629 0.4582432
vn 0.402747 -0.6784927 0.6143636
vn 0.5575866 -0.8298023 0.02292109
vn 0.4225487 -0.7819629 0.4582432
vn 0.3311361 -0.9434848 0.01361221
vn 0.4756115 -0.5771205 0.6638718
vn 0.390296 0.7243518 0.5683163
vn 0.04635417 0.9989233 0.001905516
vn 0.6229683 0.7818277 0.02560878
vn -0.005495664 0.6216282 0.7832931
vn -0.2805987 0.9597559 -0.01153472
vn 0.390296 0.7243518 0.5683163
vn -0.01032738 -0.2532006 0.9673587
vn 0.1379456 -0.09075109 0.9862734
vn 0.6286494 -0.484821 0.6080695
vn 0.6286494 -0.484821 0.6080695
vn 0.402747 -0.6784927 0.6143636
vn -0.01032738 -0.2532006 0.9673587
vn -0.9322652 0.3597403 -0.0383231
vn -0.8416501 0.2771105 0.4635029
vn -0.6480596 0.05715799 0.7594418
vn -0.6480596 0.05715799 0.7594418
vn -0.9052893 -0.002507554 0.4247884
vn -0.9322652 0.3597403 -0.0383231
vn 0.7325397 0.2382597 0.637666
vn 0.390296 0.7243518 0.5683163
vn 0.6229683 0.7818277 0.02560878
vn 0.6229683 0.7818277 0.02560878
vn 0.9459007 0.3221179 0.03888375
vn 0.7325397 0.2382597 0.637666
vn -0.2675558 -0.02168377 0.9632985
vn -0.217318 0.1163765 0.9691384
vn 0.2177348 0.1335231 0.9668315
vn 0.2177348 0.1335231 0.9668315
vn 0.1379456 -0.09075109 0.9862734
vn -0.2675558 -0.02168377 0.9632985
vn -0.6148063 0.7882731 -0.02527314
vn -0.2805987 0.9597559 -0.01153472
vn -0.005495664 0.6216282 0.7832931
vn -0.005495664 0.6216282 0.7832931
vn -0.4340869 0.6563707 0.6170462
vn -0.6148063 0.7882731 -0.02527314
vn 0.3414032 -0.4226831 0.8395135
vn 0.1168281 -0.2077824 0.9711734
vn -0.2670609 -0.1726932 0.94808
vn -0.2670609 -0.1726932 0.94808
vn -0.01032738 -0.2532006 0.9673587
vn 0.3414032 -0.4226831 0.8395135
vn -0.8079057 -0.08552187 0.5830734
vn -0.7952492 0.01962519 0.6059651
vn -0.5980396 -0.05463098 0.7996026
vn -0.5980396 -0.05463098 0.7996026
vn -0.694706 -0.03948972 0.7182089
vn -0.8079057 -0.08552187 0.5830734
vn -0.217318 0.1163765 0.9691384
vn -0.005495664 0.6216282 0.7832931
vn 0.2177348 0.1335231 0.9668315
vn -0.4340869 0.6563707 0.6170462
vn -0.8416501 0.2771105 0.4635029
vn -0.6148063 0.7882731 -0.02527314
vn -0.9052893 -0.002507554 0.4247884
vn -0.9972068 0.06243526 -0.04099268
vn -0.9322652 0.3597403 -0.0383231
vn 0.2177348 0.1335231 0.9668315
vn 0.7325397 0.2382597 0.637666
vn 0.7434421 -0.1146429 0.6589014
vn 0.3414032 -0.4226831 0.8395135
vn 0.402747 -0.6784927 0.6143636
vn 0.4225487 -0.7819629 0.4582432
vn 0.7325397 0.2382597 0.637666
vn 0.9459007 0.3221179 0.03888375
vn 0.9987801 0.02743393 0.04105741
vn -0.8416501 0.2771105 0.4635029
vn -0.9322652 0.3597403 -0.0383231
vn -0.6148063 0.7882731 -0.02527314
vn -0.9814562 -0.1873931 -0.04034525
vn -0.8079057 -0.08552187 0.5830734
vn -0.9139488 -0.4040867 -0.03757018
vn 0.1026335 -0.6195253 0.7782382
vn 0.1168281 -0.2077824 0.9711734
vn 0.3414032 -0.4226831 0.8395135
vn 0.3414032 -0.4226831 0.8395135
vn 0.4756115 -0.5771205 0.6638718
vn 0.1026335 -0.6195253 0.7782382
vn -0.7952492 0.01962519 0.6059651
vn -0.8677579 -0.0970623 0.4874169
vn -0.6826173 -0.09019084 0.725189
vn -0.6826173 -0.09019084 0.725189
vn -0.5980396 -0.05463098 0.7996026
vn -0.7952492 0.01962519 0.6059651
vn -0.2805987 0.9597559 -0.01153472
vn 0.04635417 0.9989233 0.001905516
vn 0.390296 0.7243518 0.5683163
vn 0.158766 0.5206065 0.8389055
vn -0.2543862 0.7919427 0.5550806
vn 0.01475269 0.999891 0.0006064279
vn 0.01475269 0.999891 0.0006064279
vn 0.5589108 0.8289094 0.02297544
vn 0.158766 0.5206065 0.8389055
vn 0.7086738 -0.3792836 0.5949165
vn 0.9833125 -0.1773768 0.04042155
vn 0.6359551 -0.7712832 0.02614254
vn 0.5123414 0.09110094 0.8539362
vn 0.158766 0.5206065 0.8389055
vn 0.5589108 0.8289094 0.02297544
vn 0.5589108 0.8289094 0.02297544
vn 0.9186231 0.3933263 0.03776234
vn 0.5123414 0.09110094 0.8539362
vn -0.2543862 0.7919427 0.5550806
vn -0.635957 0.7712816 -0.02614266
vn 0.01475269 0.999891 0.0006064279
vn 0.7086738 -0.3792836 0.5949165
vn 0.5123414 0.09110094 0.8539362
vn 0.9186231 0.3933263 0.03776234
vn 0.9186231 0.3933263 0.03776234
vn 0.9833125 -0.1773768 0.04042155
vn 0.7086738 -0.3792836 0.5949165
vn 0.2079741 -0.7919368 0.5740931
vn -0.227085 -0.5206054 0.8230447
vn 0.5123414 0.09110094 0.8539362
vn 0.5123414 0.09110094 0.8539362
vn 0.7086738 -0.3792836 0.5949165
vn 0.2079741 -0.7919368 0.5740931
vn -0.5806972 -0.09110318 0.809006
vn -0.7551168 0.3792751 0.5347422
vn -0.2543862 0.7919427 0.5550806
vn -0.2543862 0.7919427 0.5550806
vn 0.158766 0.5206065 0.8389055
vn -0.5806972 -0.09110318 0.809006
vn 0.2079741 -0.7919368 0.5740931
vn 0.7086738 -0.3792836 0.5949165
vn 0.6359551 -0.7712832 0.02614254
vn -0.227085 -0.5206054 0.8230447
vn -0.5806972 -0.09110318 0.809006
vn 0.158766 0.5206065 0.8389055
vn 0.158766 0.5206065 0.8389055
vn 0.5123414 0.09110094 0.8539362
vn -0.227085 -0.5206054 0.8230447
vn -0.7551168 0.3792751 0.5347422
vn -0.635957 0.7712816 -0.02614266
vn -0.2543862 0.7919427 0.5550806
vn -0.01475312 -0.999891 -0.0006064419
vn -0.5589145 -0.828907 -0.02297562
vn -0.227085 -0.5206054 0.8230447
vn -0.227085 -0.5206054 0.8230447
vn 0.2079741 -0.7919368 0.5740931
vn -0.01475312 -0.999891 -0.0006064419
vn -0.9186186 -0.3933367 -0.03776228
vn -0.9833124 0.1773774 -0.04042166
vn -0.7551168 0.3792751 0.5347422
vn -0.7551168 0.3792751 0.5347422
vn -0.5806972 -0.09110318 0.809006
vn -0.9186186 -0.3933367 -0.03776228
vn -0.01475312 -0.999891 -0.0006064419
vn 0.2079741 -0.7919368 0.5740931
vn 0.6359551 -0.7712832 0.02614254
vn -0.5589145 -0.828907 -0.02297562
vn -0.9186186 -0.3933367 -0.03776228
vn -0.5806972 -0.09110318 0.809006
vn -0.5806972 -0.09110318 0.809006
vn -0.227085 -0.5206054 0.8230447
vn -0.5589145 -0.828907 -0.02297562
vn -0.9833124 0.1773774 -0.04042166
vn -0.635957 0.7712816 -0.02614266
vn -0.7551168 0.3792751 0.5347422
vn 0.8312039 -0.5549167 0.03416884
vn 0.3789346 -0.9252924 0.01557714
vn 0.6462048 -0.5085042 -0.5690718
vn 0.6462048 -0.5085042 -0.5690718
vn 0.8946645 -0.4190978 -0.1547017
vn 0.8312039 -0.5549167 0.03416884
vn 0.8946645 -0.4190978 -0.1547017
vn 0.6462048 -0.5085042 -0.5690718
vn 0.955379 -0.2043263 0.2133117
vn 0.9933653 -0.1016778 0.05373192
vn 0.9775168 0.1907163 -0.08993435
vn 0.9972455 0.06181334 0.04099447
vn 0.9972455 0.06181334 0.04099447
vn 0.9813991 -0.1876922 0.04034305
vn 0.9933653 -0.1016778 0.05373192
vn 0.9933653 -0.1016778 0.05373192
vn 0.9813991 -0.1876922 0.04034305
vn 0.8312039 -0.5549167 0.03416884
vn 0.8312039 -0.5549167 0.03416884
vn 0.8946645 -0.4190978 -0.1547017
vn 0.9933653 -0.1016778 0.05373192
vn 0.5429896 0.3568903 0.7601261
vn -0.622951 0.1851265 0.7600395
vn 0.4738324 0.4779579 0.739621
vn 0.9775168 0.1907163 -0.08993435
vn 0.5429896 0.3568903 0.7601261
vn 0.4738324 0.4779579 0.739621
vn 0.4738324 0.4779579 0.739621
vn 0.8777682 0.477725 0.03608292
vn 0.9775168 0.1907163 -0.08993435
vn -0.9884064 -0.01317141 0.1512589
vn -0.9925972 -0.1143935 -0.04080331
vn -0.622951 0.1851265 0.7600395
vn 0.5429896 0.3568903 0.7601261
vn -0.6050804 0.1392608 0.7838902
vn -0.622951 0.1851265 0.7600395
vn 0.8777682 0.477725 0.03608292
vn 0.9972455 0.06181334 0.04099447
vn 0.9775168 0.1907163 -0.08993435
vn -0.9985626 0.02605169 -0.0468387
vn -0.8436236 0.06558869 0.5329142
vn -0.4505684 0.532884 0.7162561
vn -0.4505684 0.532884 0.7162561
vn -0.5170629 0.5244086 0.676492
vn -0.9985626 0.02605169 -0.0468387
vn -0.5080763 -0.4651773 -0.7248921
vn -0.5440609 -0.6303213 0.5537986
vn -0.8436236 0.06558869 0.5329142
vn -0.8436236 0.06558869 0.5329142
vn -0.9985626 0.02605169 -0.0468387
vn -0.5080763 -0.4651773 -0.7248921
vn 0.4898404 -0.5519841 -0.674811
vn 0.9386395 -0.3390048 0.06349504
vn -0.5440609 -0.6303213 0.5537986
vn -0.5440609 -0.6303213 0.5537986
vn -0.5080763 -0.4651773 -0.7248921
vn 0.4898404 -0.5519841 -0.674811
vn 0.9877688 -0.1291757 0.08732843
vn 0.9667488 0.09264936 0.2383543
vn 0.9386395 -0.3390048 0.06349504
vn 0.9386395 -0.3390048 0.06349504
vn 0.4898404 -0.5519841 -0.674811
vn 0.9877688 -0.1291757 0.08732843
vn -0.5170629 0.5244086 0.676492
vn -0.4505684 0.532884 0.7162561
vn 0.4627632 0.5122451 0.7235022
vn 0.4627632 0.5122451 0.7235022
vn 0.5280839 0.4244913 0.7354826
vn -0.5170629 0.5244086 0.676492
vn -0.8436236 0.06558869 0.5329142
vn -0.5440609 -0.6303213 0.5537986
vn -0.4649868 0.08058679 0.8816422
vn -0.3642647 0.7204911 0.590088
vn -0.4505684 0.532884 0.7162561
vn -0.8436236 0.06558869 0.5329142
vn 0.4170494 0.7436292 0.5225757
vn 0.9680691 0.1652151 0.1885374
vn 0.9667488 0.09264936 0.2383543
vn 0.9667488 0.09264936 0.2383543
vn 0.4627632 0.5122451 0.7235022
vn 0.4170494 0.7436292 0.5225757
vn -0.2602313 0.001760292 0.9655447
vn -0.5893508 0.3252717 0.7395025
vn -0.6470548 0.5759892 0.4995564
vn -0.6470548 0.5759892 0.4995564
vn -0.4649868 0.08058679 0.8816422
vn -0.2602313 0.001760292 0.9655447
vn -0.3642647 0.7204911 0.590088
vn 0.4170494 0.7436292 0.5225757
vn 0.4627632 0.5122451 0.7235022
vn 0.4627632 0.5122451 0.7235022
vn -0.4505684 0.532884 0.7162561
vn -0.3642647 0.7204911 0.590088
vn -0.9969537 0.06270111 -0.04638928
vn -0.5389337 -0.4786907 -0.6931131
vn -0.5080763 -0.4651773 -0.7248921
vn -0.5080763 -0.4651773 -0.7248921
vn -0.9985626 0.02605169 -0.0468387
vn -0.9969537 0.06270111 -0.04638928
vn 0.5362966 0.4368021 0.7222118
vn -0.5138117 0.5464003 0.6613957
vn -0.5170629 0.5244086 0.676492
vn -0.5170629 0.5244086 0.676492
vn 0.5280839 0.4244913 0.7354826
vn 0.5362966 0.4368021 0.7222118
vn -0.5389337 -0.4786907 -0.6931131
vn 0.5159891 -0.6009277 -0.6104435
vn 0.4898404 -0.5519841 -0.674811
vn 0.4898404 -0.5519841 -0.674811
vn -0.5080763 -0.4651773 -0.7248921
vn -0.5389337 -0.4786907 -0.6931131
vn 0.985469 -0.1326717 0.1060612
vn 0.5362966 0.4368021 0.7222118
vn 0.5280839 0.4244913 0.7354826
vn 0.5280839 0.4244913 0.7354826
vn 0.9877688 -0.1291757 0.08732843
vn 0.985469 -0.1326717 0.1060612
vn -0.5138117 0.5464003 0.6613957
vn -0.9969537 0.06270111 -0.04638928
vn -0.9985626 0.02605169 -0.0468387
vn -0.9985626 0.02605169 -0.0468387
vn -0.5170629 0.5244086 0.676492
vn -0.5138117 0.5464003 0.6613957
vn 0.5159891 -0.6009277 -0.6104435
vn 0.985469 -0.1326717 0.1060612
vn 0.9877688 -0.1291757 0.08732843
vn 0.9877688 -0.1291757 0.08732843
vn 0.4898404 -0.5519841 -0.674811
vn 0.5159891 -0.6009277 -0.6104435
vn -0.4880804 0.4576144 0.7432138
vn -0.9692457 0.2459542 -0.008319497
vn -0.9969537 0.06270111 -0.04638928
vn -0.9969537 0.06270111 -0.04638928
vn -0.5138117 0.5464003 0.6613957
vn -0.4880804 0.4576144 0.7432138
vn 0.9993467 0.01265338 0.03385556
vn 0.4255511 0.40694 0.8082735
vn 0.5362966 0.4368021 0.7222118
vn 0.5362966 0.4368021 0.7222118
vn 0.985469 -0.1326717 0.1060612
vn 0.9993467 0.01265338 0.03385556
vn 0.4902126 -0.4331082 -0.7563788
vn 0.9993467 0.01265338 0.03385556
vn 0.985469 -0.1326717 0.1060612
vn 0.985469 -0.1326717 0.1060612
vn 0.5159891 -0.6009277 -0.6104435
vn 0.4902126 -0.4331082 -0.7563788
vn -0.9692457 0.2459542 -0.008319497
vn -0.39353 -0.2717542 -0.8782276
vn -0.5389337 -0.4786907 -0.6931131
vn -0.5389337 -0.4786907 -0.6931131
vn -0.9969537 0.06270111 -0.04638928
vn -0.9692457 0.2459542 -0.008319497
vn 0.4255511 0.40694 0.8082735
vn -0.4880804 0.4576144 0.7432138
vn -0.5138117 0.5464003 0.6613957
vn -0.5138117 0.5464003 0.6613957
vn 0.5362966 0.4368021 0.7222118
vn 0.4255511 0.40694 0.8082735
vn -0.39353 -0.2717542 -0.8782276
vn 0.4902126 -0.4331082 -0.7563788
vn 0.5159891 -0.6009277 -0.6104435
vn 0.5159891 -0.6009277 -0.6104435
vn -0.5389337 -0.4786907 -0.6931131
vn -0.39353 -0.2717542 -0.8782276
vn 0.9761008 -0.2135823 0.04012519
vn 0.9326062 -0.2660172 0.2438862
vn 0.9841623 -0.1725916 0.04045653
vn 0.9680691 0.1652151 0.1885374
vn 0.9386395 -0.3390048 0.06349504
vn 0.9667488 0.09264936 0.2383543
vn -0.4649868 0.08058679 0.8816422
vn -0.43331 0.7685336 0.4707426
vn -0.3642647 0.7204911 0.590088
vn -0.3642647 0.7204911 0.590088
vn -0.8436236 0.06558869 0.5329142
vn -0.4649868 0.08058679 0.8816422
vn -0.5440609 -0.6303213 0.5537986
vn 0.5202976 -0.2930291 0.8021374
vn -0.2602313 0.001760292 0.9655447
vn -0.2602313 0.001760292 0.9655447
vn -0.4649868 0.08058679 0.8816422
vn -0.5440609 -0.6303213 0.5537986
vn 0.5202976 -0.2930291 0.8021374
vn -0.5440609 -0.6303213 0.5537986
vn 0.9386395 -0.3390048 0.06349504
vn 0.9386395 -0.3390048 0.06349504
vn 0.9680691 0.1652151 0.1885374
vn 0.9949234 0.04362763 0.09068769
vn 0.8530927 0.4881387 0.184265
vn 0.9949234 0.04362763 0.09068769
vn 0.9680691 0.1652151 0.1885374
vn 0.9680691 0.1652151 0.1885374
vn 0.5574777 0.7554902 0.3441702
vn 0.8530927 0.4881387 0.184265
vn 0.9841623 -0.1725916 0.04045653
vn 0.9326062 -0.2660172 0.2438862
vn 0.9949234 0.04362763 0.09068769
vn 0.9949234 0.04362763 0.09068769
vn 0.9987744 0.02764086 0.04105717
vn 0.9841623 -0.1725916 0.04045653
vn 0.9367697 0.3478215 0.03850836
vn 0.8530927 0.4881387 0.184265
vn 0.5261695 0.6172362 0.584949
vn 0.5261695 0.6172362 0.584949
vn 0.9238868 0.3807766 0.03797883
vn 0.9367697 0.3478215 0.03850836
vn 0.9386395 -0.3390048 0.06349504
vn 0.9949234 0.04362763 0.09068769
vn 0.9326062 -0.2660172 0.2438862
vn 0.9761008 -0.2135823 0.04012519
vn 0.495997 -0.1945498 0.846249
vn 0.5202976 -0.2930291 0.8021374
vn 0.5202976 -0.2930291 0.8021374
vn 0.9326062 -0.2660172 0.2438862
vn 0.9761008 -0.2135823 0.04012519
vn 0.9949234 0.04362763 0.09068769
vn 0.8530927 0.4881387 0.184265
vn 0.9367697 0.3478215 0.03850836
vn 0.9367697 0.3478215 0.03850836
vn 0.9987744 0.02764086 0.04105717
vn 0.9949234 0.04362763 0.09068769
vn 0.5202976 -0.2930291 0.8021374
vn 0.9386395 -0.3390048 0.06349504
vn 0.9326062 -0.2660172 0.2438862
vn 0.5475494 -0.3247692 -0.7711774
vn 0.9978582 0.06515306 0.005847096
vn 0.9993467 0.01265338 0.03385556
vn 0.9993467 0.01265338 0.03385556
vn 0.4902126 -0.4331082 -0.7563788
vn 0.5475494 -0.3247692 -0.7711774
vn -0.2017251 -0.04683954 -0.9783217
vn -0.4222422 -0.1714147 -0.8901284
vn 0.0003829189 -0.4245614 -0.9053991
vn 0.4250943 0.3328717 0.8417194
vn -0.46648 0.3572075 0.8091968
vn -0.4880804 0.4576144 0.7432138
vn -0.4880804 0.4576144 0.7432138
vn 0.4255511 0.40694 0.8082735
vn 0.4250943 0.3328717 0.8417194
vn 0.0003829189 -0.4245614 -0.9053991
vn 0.5475494 -0.3247692 -0.7711774
vn 0.4902126 -0.4331082 -0.7563788
vn 0.4902126 -0.4331082 -0.7563788
vn -0.39353 -0.2717542 -0.8782276
vn 0.0003829189 -0.4245614 -0.9053991
vn -0.46648 0.3572075 0.8091968
vn -0.9230206 0.1698497 0.3452303
vn -0.9692457 0.2459542 -0.008319497
vn -0.9692457 0.2459542 -0.008319497
vn -0.4880804 0.4576144 0.7432138
vn -0.46648 0.3572075 0.8091968
vn 0.9978582 0.06515306 0.005847096
vn 0.4250943 0.3328717 0.8417194
vn 0.4255511 0.40694 0.8082735
vn 0.4255511 0.40694 0.8082735
vn 0.9993467 0.01265338 0.03385556
vn 0.9978582 0.06515306 0.005847096
vn -0.3487444 -0.4085389 -0.8434888
vn 0.4098325 -0.3771919 -0.8305201
vn 0.5475494 -0.3247692 -0.7711774
vn 0.5475494 -0.3247692 -0.7711774
vn 0.0003829189 -0.4245614 -0.9053991
vn -0.3487444 -0.4085389 -0.8434888
vn -0.3892391 0.2382438 0.8897936
vn -0.9964402 -0.05757982 0.06157541
vn -0.9230206 0.1698497 0.3452303
vn -0.9230206 0.1698497 0.3452303
vn -0.46648 0.3572075 0.8091968
vn -0.3892391 0.2382438 0.8897936
vn 0.9949808 -0.09201717 0.03931928
vn 0.3340953 0.2171371 0.917187
vn 0.4250943 0.3328717 0.8417194
vn 0.4250943 0.3328717 0.8417194
vn 0.9978582 0.06515306 0.005847096
vn 0.9949808 -0.09201717 0.03931928
vn 0.4098325 -0.3771919 -0.8305201
vn 0.9949808 -0.09201717 0.03931928
vn 0.9978582 0.06515306 0.005847096
vn 0.9978582 0.06515306 0.005847096
vn 0.5475494 -0.3247692 -0.7711774
vn 0.4098325 -0.3771919 -0.8305201
vn -0.9964402 -0.05757982 0.06157541
vn -0.3487444 -0.4085389 -0.8434888
vn 0.0003829189 -0.4245614 -0.9053991
vn 0.0003829189 -0.4245614 -0.9053991
vn -0.9230206 0.1698497 0.3452303
vn -0.9964402 -0.05757982 0.06157541
vn 0.3340953 0.2171371 0.917187
vn -0.3892391 0.2382438 0.8897936
vn -0.46648 0.3572075 0.8091968
vn -0.46648 0.3572075 0.8091968
vn 0.4250943 0.3328717 0.8417194
vn 0.3340953 0.2171371 0.917187
vn 0.4460759 -0.7717586 -0.4532164
vn 0.926972 -0.3628525 0.09518999
vn 0.9949808 -0.09201717 0.03931928
vn 0.9949808 -0.09201717 0.03931928
vn 0.4098325 -0.3771919 -0.8305201
vn 0.4460759 -0.7717586 -0.4532164
vn -0.9479804 -0.2982828 0.1111783
vn -0.2033013 -0.9039659 -0.3761837
vn -0.3487444 -0.4085389 -0.8434888
vn -0.3487444 -0.4085389 -0.8434888
vn -0.9964402 -0.05757982 0.06157541
vn -0.9479804 -0.2982828 0.1111783
vn 0.4085964 -0.3924252 0.8240458
vn -0.1907339 -0.5294662 0.8266114
vn -0.3892391 0.2382438 0.8897936
vn -0.3892391 0.2382438 0.8897936
vn 0.3340953 0.2171371 0.917187
vn 0.4085964 -0.3924252 0.8240458
vn -0.2033013 -0.9039659 -0.3761837
vn 0.4460759 -0.7717586 -0.4532164
vn 0.4098325 -0.3771919 -0.8305201
vn 0.4098325 -0.3771919 -0.8305201
vn -0.3487444 -0.4085389 -0.8434888
vn -0.2033013 -0.9039659 -0.3761837
vn -0.1907339 -0.5294662 0.8266114
vn -0.9479804 -0.2982828 0.1111783
vn -0.9964402 -0.05757982 0.06157541
vn -0.9964402 -0.05757982 0.06157541
vn -0.3892391 0.2382438 0.8897936
vn -0.1907339 -0.5294662 0.8266114
vn 0.926972 -0.3628525 0.09518999
vn 0.4085964 -0.3924252 0.8240458
vn 0.3340953 0.2171371 0.917187
vn 0.3340953 0.2171371 0.917187
vn 0.9949808 -0.09201717 0.03931928
vn 0.926972 -0.3628525 0.09518999
vn -0.9799747 0.1314174 -0.1495963
vn -0.4222422 -0.1714147 -0.8901284
vn -0.2017251 -0.04683954 -0.9783217
vn -0.2017251 -0.04683954 -0.9783217
vn -0.9040629 0.4273903 0.00281626
vn -0.9799747 0.1314174 -0.1495963
vn -0.9040629 0.4273903 0.00281626
vn -0.2017251 -0.04683954 -0.9783217
vn -0.39353 -0.2717542 -0.8782276
vn -0.39353 -0.2717542 -0.8782276
vn -0.9692457 0.2459542 -0.008319497
vn -0.9040629 0.4273903 0.00281626
vn -0.9040629 0.4273903 0.00281626
vn -0.9692457 0.2459542 -0.008319497
vn -0.9230206 0.1698497 0.3452303
vn -0.9998419 0.001733963 0.01770055
vn -0.3025253 -0.3801596 -0.8740464
vn -0.4222422 -0.1714147 -0.8901284
vn -0.4222422 -0.1714147 -0.8901284
vn -0.9799747 0.1314174 -0.1495963
vn -0.9998419 0.001733963 0.01770055
vn -0.1856954 -0.8205745 -0.5405319
vn 0.976375 -0.214558 -0.02562773
vn 0.9535573 -0.2619193 -0.1487504
vn 0.9535573 -0.2619193 -0.1487504
vn -0.3025253 -0.3801596 -0.8740464
vn -0.1856954 -0.8205745 -0.5405319
vn -0.3025253 -0.3801596 -0.8740464
vn 0.9535573 -0.2619193 -0.1487504
vn 0.0003829189 -0.4245614 -0.9053991
vn 0.0003829189 -0.4245614 -0.9053991
vn -0.4222422 -0.1714147 -0.8901284
vn -0.3025253 -0.3801596 -0.8740464
vn 0.9535573 -0.2619193 -0.1487504
vn 0.8118294 0.0765773 0.5788514
vn 0.8106332 0.06392763 0.5820542
vn 0.8106332 0.06392763 0.5820542
vn 0.8114345 0.06415062 0.5809121
vn 0.9535573 -0.2619193 -0.1487504
vn -0.82999 0.1222663 0.5442127
vn -0.9998419 0.001733963 0.01770055
vn -0.9799747 0.1314174 -0.1495963
vn -0.9799747 0.1314174 -0.1495963
vn -0.9230206 0.1698497 0.3452303
vn -0.82999 0.1222663 0.5442127
vn -0.1856954 -0.8205745 -0.5405319
vn -0.6372972 -0.7550951 -0.1538959
vn -0.2517896 -0.9222861 0.293241
vn -0.2517896 -0.9222861 0.293241
vn -0.3562369 -0.8843945 0.3015655
vn -0.1856954 -0.8205745 -0.5405319
vn 0.976375 -0.214558 -0.02562773
vn 0.8244247 0.09973136 0.5571156
vn 0.8118294 0.0765773 0.5788514
vn 0.8118294 0.0765773 0.5788514
vn 0.9535573 -0.2619193 -0.1487504
vn 0.976375 -0.214558 -0.02562773
vn -0.611691 0.2274118 0.7577058
vn -0.4394295 0.3613328 0.8223992
vn -0.9998419 0.001733963 0.01770055
vn -0.9998419 0.001733963 0.01770055
vn -0.82999 0.1222663 0.5442127
vn -0.611691 0.2274118 0.7577058
vn -0.6372972 -0.7550951 -0.1538959
vn -0.1856954 -0.8205745 -0.5405319
vn -0.3025253 -0.3801596 -0.8740464
vn -0.3025253 -0.3801596 -0.8740464
vn -0.9998419 0.001733963 0.01770055
vn -0.6372972 -0.7550951 -0.1538959
vn 0.4085964 -0.3924252 0.8240458
vn 0.4460759 -0.7717586 -0.4532164
vn -0.2033013 -0.9039659 -0.3761837
vn -0.2033013 -0.9039659 -0.3761837
vn -0.1907339 -0.5294662 0.8266114
vn 0.4085964 -0.3924252 0.8240458
vn -0.1907339 -0.5294662 0.8266114
vn -0.2033013 -0.9039659 -0.3761837
vn -0.9479804 -0.2982828 0.1111783
vn 0.4460759 -0.7717586 -0.4532164
vn 0.4085964 -0.3924252 0.8240458
vn 0.926972 -0.3628525 0.09518999
vn -0.2017251 -0.04683954 -0.9783217
vn 0.0003829189 -0.4245614 -0.9053991
vn -0.39353 -0.2717542 -0.8782276
vn -0.9040629 0.4273903 0.00281626
vn -0.9230206 0.1698497 0.3452303
vn -0.9799747 0.1314174 -0.1495963
vn -0.9943894 0.09756521 -0.04087698
vn -0.9084924 -0.4162291 -0.03734595
vn -0.5069885 -0.2191014 0.8336409
vn -0.5069885 -0.2191014 0.8336409
vn -0.4934049 0.525237 0.6933092
vn -0.9943894 0.09756521 -0.04087698
vn -0.4934049 0.525237 0.6933092
vn -0.5069885 -0.2191014 0.8336409
vn 0.457552 0.1633968 0.8740411
vn 0.457552 0.1633968 0.8740411
vn 0.5261695 0.6172362 0.584949
vn -0.4934049 0.525237 0.6933092
vn 0.5261695 0.6172362 0.584949
vn 0.457552 0.1633968 0.8740411
vn 0.9449731 0.3248338 0.0388456
vn 0.9449731 0.3248338 0.0388456
vn 0.9238868 0.3807766 0.03797883
vn 0.5261695 0.6172362 0.584949
vn 0.5280839 0.4244913 0.7354826
vn 0.4627632 0.5122451 0.7235022
vn 0.9667488 0.09264936 0.2383543
vn 0.9667488 0.09264936 0.2383543
vn 0.9877688 -0.1291757 0.08732843
vn 0.5280839 0.4244913 0.7354826
vn 0.9477453 0.3166406 0.03895956
vn 0.5720688 0.137312 -0.80863
vn 0.5277464 0.1633967 -0.8335378
vn 0.5277464 0.1633967 -0.8335378
vn 0.9449731 0.3248338 0.0388456
vn 0.9477453 0.3166406 0.03895956
vn 0.5720688 0.137312 -0.80863
vn -0.3634172 -0.2435464 -0.8992292
vn -0.4368556 -0.2191013 -0.8724401
vn -0.4368556 -0.2191013 -0.8724401
vn 0.5277464 0.1633967 -0.8335378
vn 0.5720688 0.137312 -0.80863
vn -0.3634172 -0.2435464 -0.8992292
vn -0.9044709 -0.4249117 -0.03718066
vn -0.9084924 -0.4162291 -0.03734595
vn -0.9084924 -0.4162291 -0.03734595
vn -0.4368556 -0.2191013 -0.8724401
vn -0.3634172 -0.2435464 -0.8992292
vn -0.9943894 0.09756521 -0.04087698
vn -0.8289469 0.5582021 -0.03546178
vn -0.3934895 0.7685328 -0.504503
vn -0.3934895 0.7685328 -0.504503
vn -0.4348364 0.5252372 -0.7314665
vn -0.9943894 0.09756521 -0.04087698
vn -0.4348364 0.5252372 -0.7314665
vn -0.3934895 0.7685328 -0.504503
vn 0.5838436 0.7554901 -0.2972565
vn 0.5838436 0.7554901 -0.2972565
vn 0.5724052 0.617237 -0.5397877
vn -0.4348364 0.5252372 -0.7314665
vn 0.5838436 0.7554901 -0.2972565
vn 0.8653386 0.4881382 -0.1136234
vn 0.5724052 0.617237 -0.5397877
vn -0.1801046 0.00176027 -0.9836459
vn -0.5070118 -0.2133603 -0.8351147
vn 0.5637807 -0.1945499 -0.8026841
vn 0.5637807 -0.1945499 -0.8026841
vn 0.5843788 -0.2930291 -0.7567268
vn -0.1801046 0.00176027 -0.9836459
vn -0.8144689 0.5592464 -0.1545446
vn -0.9867626 0.001082461 -0.1621677
vn -0.7216326 -0.01581563 -0.6920957
vn -0.7216326 -0.01581563 -0.6920957
vn -0.5445781 0.3937029 -0.7405624
vn -0.8144689 0.5592464 -0.1545446
vn -0.7309653 0.6819356 -0.02556276
vn -0.8144689 0.5592464 -0.1545446
vn -0.5445781 0.3937029 -0.7405624
vn -0.5445781 0.3937029 -0.7405624
vn -0.6613414 0.5464843 -0.5137924
vn -0.7309653 0.6819356 -0.02556276
vn -0.3146046 0.7204894 -0.617996
vn 0.4585343 0.7436256 -0.4865874
vn 0.5838436 0.7554901 -0.2972565
vn 0.5838436 0.7554901 -0.2972565
vn -0.3934895 0.7685328 -0.504503
vn -0.3146046 0.7204894 -0.617996
vn 0.4585343 0.7436256 -0.4865874
vn 0.9802774 0.1652143 -0.1084455
vn 0.5838436 0.7554901 -0.2972565
vn -0.9491194 -0.3124902 -0.03901601
vn -0.9934349 -0.1068615 -0.04083771
vn -0.5643072 0.04511234 -0.8243315
vn -0.5643072 0.04511234 -0.8243315
vn -0.5070118 -0.2133603 -0.8351147
vn -0.9491194 -0.3124902 -0.03901601
vn 0.5637807 -0.1945499 -0.8026841
vn 0.5322148 0.2485405 -0.8093054
vn 0.9545324 0.2955134 0.03923851
vn 0.9545324 0.2955134 0.03923851
vn 0.9761008 -0.2135823 0.04012519
vn 0.5637807 -0.1945499 -0.8026841
vn -0.5070118 -0.2133603 -0.8351147
vn -0.5643072 0.04511234 -0.8243315
vn 0.5322148 0.2485405 -0.8093054
vn 0.5322148 0.2485405 -0.8093054
vn 0.5637807 -0.1945499 -0.8026841
vn -0.5070118 -0.2133603 -0.8351147
vn 0.6035461 0.3568904 -0.7129947
vn 0.6393075 0.06908093 -0.7658419
vn 0.9944239 -0.1016777 0.0279814
vn 0.9944239 -0.1016777 0.0279814
vn 0.9668372 0.1907163 0.1698621
vn 0.6035461 0.3568904 -0.7129947
vn 0.6035461 0.3568904 -0.7129947
vn -0.5387 0.1392608 -0.8309084
vn 0.6393075 0.06908093 -0.7658419
vn -0.5643072 0.04511234 -0.8243315
vn -0.5584678 0.1851265 -0.8086049
vn 0.5329393 0.4779579 -0.698235
vn 0.5329393 0.4779579 -0.698235
vn 0.5322148 0.2485405 -0.8093054
vn -0.5643072 0.04511234 -0.8243315
vn 0.5322148 0.2485405 -0.8093054
vn 0.5329393 0.4779579 -0.698235
vn 0.8777682 0.477725 0.03608292
vn 0.8777682 0.477725 0.03608292
vn 0.9545324 0.2955134 0.03923851
vn 0.5322148 0.2485405 -0.8093054
vn -0.9934349 -0.1068615 -0.04083771
vn -0.9925972 -0.1143935 -0.04080331
vn -0.5584678 0.1851265 -0.8086049
vn -0.5584678 0.1851265 -0.8086049
vn -0.5643072 0.04511234 -0.8243315
vn -0.9934349 -0.1068615 -0.04083771
vn -0.9867626 0.001082461 -0.1621677
vn -0.9491194 -0.3124902 -0.03901601
vn -0.5070118 -0.2133603 -0.8351147
vn -0.5070118 -0.2133603 -0.8351147
vn -0.7216326 -0.01581563 -0.6920957
vn -0.9867626 0.001082461 -0.1621677
vn -0.8289469 0.5582021 -0.03546178
vn -0.7632686 0.6452235 -0.03327978
vn -0.7309653 0.6819356 -0.02556276
vn -0.7216326 -0.01581563 -0.6920957
vn -0.5070118 -0.2133603 -0.8351147
vn -0.1801046 0.00176027 -0.9836459
vn -0.1801046 0.00176027 -0.9836459
vn -0.5445781 0.3937029 -0.7405624
vn -0.7216326 -0.01581563 -0.6920957
vn -0.9977676 0.05270258 -0.04101574
vn -0.9491194 -0.3124902 -0.03901601
vn -0.9867626 0.001082461 -0.1621677
vn -0.3910557 0.08058681 -0.9168322
vn -0.3934895 0.7685328 -0.504503
vn -0.6613414 0.5464843 -0.5137924
vn -0.9867626 0.001082461 -0.1621677
vn -0.8144689 0.5592464 -0.1545446
vn -0.815242 0.5782058 -0.03253686
vn -0.815242 0.5782058 -0.03253686
vn -0.9977676 0.05270258 -0.04101574
vn -0.9867626 0.001082461 -0.1621677
vn -0.988368 -0.09094325 -0.1218941
vn -0.9721472 -0.2309391 -0.03996271
vn -0.7536507 -0.5420699 0.3717136
vn -0.5387 0.1392608 -0.8309084
vn -0.5312963 -0.01338381 -0.8470803
vn 0.5111997 -0.06426388 -0.857056
vn 0.5111997 -0.06426388 -0.857056
vn 0.6393075 0.06908093 -0.7658419
vn -0.5387 0.1392608 -0.8309084
vn 0.6393075 0.06908093 -0.7658419
vn 0.9696634 -0.2043262 -0.1341778
vn 0.8789485 -0.4190978 0.2276108
vn 0.8789485 -0.4190978 0.2276108
vn 0.9944239 -0.1016777 0.0279814
vn 0.6393075 0.06908093 -0.7658419
vn 0.5973171 -0.5085042 0.6201902
vn 0.6145629 -0.05749572 0.7867697
vn -0.4885091 -0.1890868 0.8518246
vn -0.4885091 -0.1890868 0.8518246
vn -0.7536507 -0.5420699 0.3717136
vn 0.5973171 -0.5085042 0.6201902
vn -0.9721472 -0.2309391 -0.03996271
vn -0.5662871 -0.8238793 -0.02327865
vn -0.7536507 -0.5420699 0.3717136
vn -0.5387 0.1392608 -0.8309084
vn -0.988368 -0.09094325 -0.1218941
vn -0.5312963 -0.01338381 -0.8470803
vn 0.6393075 0.06908093 -0.7658419
vn 0.5111997 -0.06426388 -0.857056
vn 0.9696634 -0.2043262 -0.1341778
vn -0.9721472 -0.2309391 -0.03996271
vn -0.988368 -0.09094325 -0.1218941
vn -0.9726568 -0.01317143 -0.2318736
vn 0.6145629 -0.05749572 0.7867697
vn 0.6573269 -0.05430395 0.7516466
vn -0.4249116 -0.2777794 0.8615618
vn -0.4249116 -0.2777794 0.8615618
vn -0.4885091 -0.1890868 0.8518246
vn 0.6145629 -0.05749572 0.7867697
vn 0.9696634 -0.2043262 -0.1341778
vn 0.994768 -0.01974008 -0.1002342
vn 0.6145629 -0.05749572 0.7867697
vn 0.6145629 -0.05749572 0.7867697
vn 0.5973171 -0.5085042 0.6201902
vn 0.9696634 -0.2043262 -0.1341778
vn 0.5111997 -0.06426388 -0.857056
vn 0.5381598 -0.07909752 -0.8391231
vn 0.994768 -0.01974008 -0.1002342
vn 0.994768 -0.01974008 -0.1002342
vn 0.9696634 -0.2043262 -0.1341778
vn 0.5111997 -0.06426388 -0.857056
vn -0.7536507 -0.5420699 0.3717136
vn -0.4885091 -0.1890868 0.8518246
vn -0.9759618 -0.2139424 0.04155922
vn -0.9759618 -0.2139424 0.04155922
vn -0.988368 -0.09094325 -0.1218941
vn -0.7536507 -0.5420699 0.3717136
vn -0.5312963 -0.01338381 -0.8470803
vn -0.5579147 -0.1680384 -0.812708
vn 0.5381598 -0.07909752 -0.8391231
vn 0.5381598 -0.07909752 -0.8391231
vn 0.5111997 -0.06426388 -0.857056
vn -0.5312963 -0.01338381 -0.8470803
vn -0.988368 -0.09094325 -0.1218941
vn -0.9759618 -0.2139424 0.04155922
vn -0.5579147 -0.1680384 -0.812708
vn -0.5579147 -0.1680384 -0.812708
vn -0.5312963 -0.01338381 -0.8470803
vn -0.988368 -0.09094325 -0.1218941
vn 0.6573269 -0.05430395 0.7516466
vn 0.7407554 0.03426484 0.6709005
vn -0.546052 -0.2251875 0.8069188
vn -0.546052 -0.2251875 0.8069188
vn -0.4249116 -0.2777794 0.8615618
vn 0.6573269 -0.05430395 0.7516466
vn -0.4885091 -0.1890868 0.8518246
vn -0.4249116 -0.2777794 0.8615618
vn -0.9422625 -0.3179708 0.1050524
vn -0.9422625 -0.3179708 0.1050524
vn -0.9759618 -0.2139424 0.04155922
vn -0.4885091 -0.1890868 0.8518246
vn -0.9759618 -0.2139424 0.04155922
vn -0.9422625 -0.3179708 0.1050524
vn -0.5599458 -0.1507018 -0.8147084
vn -0.5599458 -0.1507018 -0.8147084
vn -0.5579147 -0.1680384 -0.812708
vn -0.9759618 -0.2139424 0.04155922
vn 0.994768 -0.01974008 -0.1002342
vn 0.9770945 0.1592233 -0.141189
vn 0.6573269 -0.05430395 0.7516466
vn 0.6573269 -0.05430395 0.7516466
vn 0.6145629 -0.05749572 0.7867697
vn 0.994768 -0.01974008 -0.1002342
vn 0.5381598 -0.07909752 -0.8391231
vn 0.5522964 0.09662742 -0.8280289
vn 0.9770945 0.1592233 -0.141189
vn 0.9770945 0.1592233 -0.141189
vn 0.994768 -0.01974008 -0.1002342
vn 0.5381598 -0.07909752 -0.8391231
vn -0.5579147 -0.1680384 -0.812708
vn -0.5599458 -0.1507018 -0.8147084
vn 0.5522964 0.09662742 -0.8280289
vn 0.5522964 0.09662742 -0.8280289
vn 0.5381598 -0.07909752 -0.8391231
vn -0.5579147 -0.1680384 -0.812708
vn 0.5522964 0.09662742 -0.8280289
vn 0.4957439 0.2150313 -0.8414271
vn 0.9524323 0.2595741 -0.1596685
vn 0.9524323 0.2595741 -0.1596685
vn 0.9770945 0.1592233 -0.141189
vn 0.5522964 0.09662742 -0.8280289
vn 0.529404 0.01897659 0.8481576
vn 0.4376327 -0.003982583 0.899145
vn -0.589606 0.1891218 0.7852374
vn -0.589606 0.1891218 0.7852374
vn -0.6423267 -0.06360582 0.7637872
vn 0.529404 0.01897659 0.8481576
vn -0.5599458 -0.1507018 -0.8147084
vn -0.525575 -0.01236258 -0.8506574
vn 0.4957439 0.2150313 -0.8414271
vn 0.4957439 0.2150313 -0.8414271
vn 0.5522964 0.09662742 -0.8280289
vn -0.5599458 -0.1507018 -0.8147084
vn -0.4249116 -0.2777794 0.8615618
vn -0.546052 -0.2251875 0.8069188
vn -0.9813591 -0.1851556 -0.05149621
vn -0.9813591 -0.1851556 -0.05149621
vn -0.9422625 -0.3179708 0.1050524
vn -0.4249116 -0.2777794 0.8615618
vn -0.9422625 -0.3179708 0.1050524
vn -0.9813591 -0.1851556 -0.05149621
vn -0.525575 -0.01236258 -0.8506574
vn -0.525575 -0.01236258 -0.8506574
vn -0.5599458 -0.1507018 -0.8147084
vn -0.9422625 -0.3179708 0.1050524
vn 0.9770945 0.1592233 -0.141189
vn 0.9524323 0.2595741 -0.1596685
vn 0.7407554 0.03426484 0.6709005
vn 0.7407554 0.03426484 0.6709005
vn 0.6573269 -0.05430395 0.7516466
vn 0.9770945 0.1592233 -0.141189
vn -0.9960478 -0.08503507 -0.02565062
vn -0.9682425 0.2496714 -0.01306403
vn -0.5901942 0.1152088 -0.7989979
vn -0.5901942 0.1152088 -0.7989979
vn -0.6183979 -0.1021305 -0.7792006
vn -0.9960478 -0.08503507 -0.02565062
vn 0.9875466 0.03114367 -0.1542144
vn 0.9960536 -0.007689212 0.08841991
vn 0.4376327 -0.003982583 0.899145
vn 0.4376327 -0.003982583 0.899145
vn 0.529404 0.01897659 0.8481576
vn 0.9875466 0.03114367 -0.1542144
vn 0.4000066 -0.01684971 -0.9163573
vn 0.4674746 -0.03791497 -0.8831931
vn 0.9960536 -0.007689212 0.08841991
vn 0.9960536 -0.007689212 0.08841991
vn 0.9875466 0.03114367 -0.1542144
vn 0.4000066 -0.01684971 -0.9163573
vn -0.6183979 -0.1021305 -0.7792006
vn -0.5901942 0.1152088 -0.7989979
vn 0.4674746 -0.03791497 -0.8831931
vn 0.4674746 -0.03791497 -0.8831931
vn 0.4000066 -0.01684971 -0.9163573
vn -0.6183979 -0.1021305 -0.7792006
vn 0.7407554 0.03426484 0.6709005
vn 0.529404 0.01897659 0.8481576
vn -0.6423267 -0.06360582 0.7637872
vn -0.6423267 -0.06360582 0.7637872
vn -0.546052 -0.2251875 0.8069188
vn 0.7407554 0.03426484 0.6709005
vn -0.6423267 -0.06360582 0.7637872
vn -0.589606 0.1891218 0.7852374
vn -0.9682425 0.2496714 -0.01306403
vn -0.9682425 0.2496714 -0.01306403
vn -0.9960478 -0.08503507 -0.02565062
vn -0.6423267 -0.06360582 0.7637872
vn -0.546052 -0.2251875 0.8069188
vn -0.6423267 -0.06360582 0.7637872
vn -0.9960478 -0.08503507 -0.02565062
vn -0.9960478 -0.08503507 -0.02565062
vn -0.9813591 -0.1851556 -0.05149621
vn -0.546052 -0.2251875 0.8069188
vn -0.525575 -0.01236258 -0.8506574
vn -0.6183979 -0.1021305 -0.7792006
vn 0.4000066 -0.01684971 -0.9163573
vn 0.4000066 -0.01684971 -0.9163573
vn 0.4957439 0.2150313 -0.8414271
vn -0.525575 -0.01236258 -0.8506574
vn 0.4957439 0.2150313 -0.8414271
vn 0.4000066 -0.01684971 -0.9163573
vn 0.9875466 0.03114367 -0.1542144
vn 0.9875466 0.03114367 -0.1542144
vn 0.9524323 0.2595741 -0.1596685
vn 0.4957439 0.2150313 -0.8414271
vn 0.9524323 0.2595741 -0.1596685
vn 0.9875466 0.03114367 -0.1542144
vn 0.529404 0.01897659 0.8481576
vn 0.529404 0.01897659 0.8481576
vn 0.7407554 0.03426484 0.6709005
vn 0.9524323 0.2595741 -0.1596685
vn -0.9813591 -0.1851556 -0.05149621
vn -0.9960478 -0.08503507 -0.02565062
vn -0.6183979 -0.1021305 -0.7792006
vn -0.6183979 -0.1021305 -0.7792006
vn -0.525575 -0.01236258 -0.8506574
vn -0.9813591 -0.1851556 -0.05149621
vn -0.5662871 -0.8238793 -0.02327865
vn 0.3789346 -0.9252924 0.01557714
vn 0.5973171 -0.5085042 0.6201902
vn 0.5973171 -0.5085042 0.6201902
vn -0.7536507 -0.5420699 0.3717136
vn -0.5662871 -0.8238793 -0.02327865
vn -0.9721472 -0.2309391 -0.03996271
vn -0.9726568 -0.01317143 -0.2318736
vn -0.9925972 -0.1143935 -0.04080331
vn -0.9726568 -0.01317143 -0.2318736
vn -0.988368 -0.09094325 -0.1218941
vn -0.5387 0.1392608 -0.8309084
vn -0.5387 0.1392608 -0.8309084
vn -0.5584678 0.1851265 -0.8086049
vn -0.9726568 -0.01317143 -0.2318736
vn 0.9956257 0.05937324 0.07214147
vn 0.798777 -0.5991122 0.05495375
vn 0.3364392 -0.6832417 0.648066
vn 0.3364392 -0.6832417 0.648066
vn 0.4163106 -0.04680206 0.9080171
vn 0.9956257 0.05937324 0.07214147
vn 0.4163106 -0.04680206 0.9080171
vn 0.3364392 -0.6832417 0.648066
vn -0.01014402 -0.8472367 0.5311187
vn -0.01014402 -0.8472367 0.5311187
vn -0.04643312 -0.1189189 0.9918177
vn 0.4163106 -0.04680206 0.9080171
vn -0.2332293 0.7020686 -0.6728327
vn -0.5276434 0.6237568 -0.5766455
vn -0.4980768 -0.3552518 -0.7910219
vn -0.4980768 -0.3552518 -0.7910219
vn 0.02198892 -0.240626 -0.9703689
vn -0.2332293 0.7020686 -0.6728327
vn 0.02937945 -0.1371881 -0.9901093
vn 0.004137812 -0.8515963 -0.524182
vn 0.3652443 -0.6911557 -0.6236187
vn 0.3652443 -0.6911557 -0.6236187
vn 0.4894666 -0.04470685 -0.8708754
vn 0.02937945 -0.1371881 -0.9901093
vn 0.4894666 -0.04470685 -0.8708754
vn 0.3652443 -0.6911557 -0.6236187
vn 0.798777 -0.5991122 0.05495375
vn 0.798777 -0.5991122 0.05495375
vn 0.9956257 0.05937324 0.07214147
vn 0.4894666 -0.04470685 -0.8708754
vn 0.03940046 -0.903418 -0.4269466
vn -0.1809608 -0.9404747 -0.2876813
vn -0.3808292 -0.9233432 -0.04905674
vn -0.3808292 -0.9233432 -0.04905674
vn 0 -1 0
vn 0.03940046 -0.903418 -0.4269466
vn -0.9682425 0.2496714 -0.01306403
vn -0.6441729 0.7648374 -0.008067489
vn -0.3635426 0.4569921 -0.8117852
vn -0.3635426 0.4569921 -0.8117852
vn -0.5901942 0.1152088 -0.7989979
vn -0.9682425 0.2496714 -0.01306403
vn 0.4674746 -0.03791497 -0.8831931
vn 0.5062708 0.1120443 -0.855065
vn 0.9770837 0.1675803 0.1312412
vn 0.9770837 0.1675803 0.1312412
vn 0.9960536 -0.007689212 0.08841991
vn 0.4674746 -0.03791497 -0.8831931
vn -0.5901942 0.1152088 -0.7989979
vn -0.3635426 0.4569921 -0.8117852
vn 0.5062708 0.1120443 -0.855065
vn 0.5062708 0.1120443 -0.855065
vn 0.4674746 -0.03791497 -0.8831931
vn -0.5901942 0.1152088 -0.7989979
vn -0.589606 0.1891218 0.7852374
vn -0.4047939 0.4334557 0.8051448
vn -0.6441729 0.7648374 -0.008067489
vn -0.6441729 0.7648374 -0.008067489
vn -0.9682425 0.2496714 -0.01306403
vn -0.589606 0.1891218 0.7852374
vn 0.4376327 -0.003982583 0.899145
vn 0.3690771 0.1440953 0.9181604
vn -0.4047939 0.4334557 0.8051448
vn -0.4047939 0.4334557 0.8051448
vn -0.589606 0.1891218 0.7852374
vn 0.4376327 -0.003982583 0.899145
vn 0.9960536 -0.007689212 0.08841991
vn 0.9770837 0.1675803 0.1312412
vn 0.3690771 0.1440953 0.9181604
vn 0.3690771 0.1440953 0.9181604
vn 0.4376327 -0.003982583 0.899145
vn 0.9960536 -0.007689212 0.08841991
vn -0.5946604 -0.3717295 0.7128788
vn -0.2306644 -0.9416244 0.2452292
vn -0.3808292 -0.9233432 -0.04905674
vn -0.3808292 -0.9233432 -0.04905674
vn -0.9154531 -0.3958642 -0.07236761
vn -0.5946604 -0.3717295 0.7128788
vn -0.9154531 -0.3958642 -0.07236761
vn -0.3808292 -0.9233432 -0.04905674
vn -0.1809608 -0.9404747 -0.2876813
vn -0.1809608 -0.9404747 -0.2876813
vn -0.4980768 -0.3552518 -0.7910219
vn -0.9154531 -0.3958642 -0.07236761
vn -0.2943668 0.9553921 -0.02396017
vn -0.8080474 0.5863737 -0.05679041
vn -0.5276434 0.6237568 -0.5766455
vn -0.5276434 0.6237568 -0.5766455
vn -0.2332293 0.7020686 -0.6728327
vn -0.2943668 0.9553921 -0.02396017
vn 0 -1 0
vn -0.3808292 -0.9233432 -0.04905674
vn -0.2306644 -0.9416244 0.2452292
vn -0.2306644 -0.9416244 0.2452292
vn -0.01539436 -0.9119722 0.4099632
vn 0 -1 0
vn -0.01539436 -0.9119722 0.4099632
vn -0.2306644 -0.9416244 0.2452292
vn -0.5946604 -0.3717295 0.7128788
vn -0.5946604 -0.3717295 0.7128788
vn -0.06214317 -0.2013645 0.9775432
vn -0.01539436 -0.9119722 0.4099632
vn -0.2394901 0.7067813 0.665661
vn -0.6065575 0.5845954 0.5388286
vn -0.8080474 0.5863737 -0.05679041
vn -0.8080474 0.5863737 -0.05679041
vn -0.2943668 0.9553921 -0.02396017
vn -0.2394901 0.7067813 0.665661
vn -0.06214317 -0.2013645 0.9775432
vn -0.5946604 -0.3717295 0.7128788
vn -0.6065575 0.5845954 0.5388286
vn -0.6065575 0.5845954 0.5388286
vn -0.2394901 0.7067813 0.665661
vn -0.06214317 -0.2013645 0.9775432
vn -0.8080474 0.5863737 -0.05679041
vn -0.9154531 -0.3958642 -0.07236761
vn -0.4980768 -0.3552518 -0.7910219
vn -0.4980768 -0.3552518 -0.7910219
vn -0.5276434 0.6237568 -0.5766455
vn -0.8080474 0.5863737 -0.05679041
vn -0.6065575 0.5845954 0.5388286
vn -0.5946604 -0.3717295 0.7128788
vn -0.9154531 -0.3958642 -0.07236761
vn -0.9154531 -0.3958642 -0.07236761
vn -0.8080474 0.5863737 -0.05679041
vn -0.6065575 0.5845954 0.5388286
vn 0.5062708 0.1120443 -0.855065
vn 0.4894666 -0.04470685 -0.8708754
vn 0.9956257 0.05937324 0.07214147
vn 0.9956257 0.05937324 0.07214147
vn 0.9770837 0.1675803 0.1312412
vn 0.5062708 0.1120443 -0.855065
vn -0.3635426 0.4569921 -0.8117852
vn 0.02937945 -0.1371881 -0.9901093
vn 0.4894666 -0.04470685 -0.8708754
vn 0.4894666 -0.04470685 -0.8708754
vn 0.5062708 0.1120443 -0.855065
vn -0.3635426 0.4569921 -0.8117852
vn 0.02198892 -0.240626 -0.9703689
vn -0.4980768 -0.3552518 -0.7910219
vn -0.1809608 -0.9404747 -0.2876813
vn -0.1809608 -0.9404747 -0.2876813
vn 0.03940046 -0.903418 -0.4269466
vn 0.02198892 -0.240626 -0.9703689
vn 0.3690771 0.1440953 0.9181604
vn 0.4163106 -0.04680206 0.9080171
vn -0.04643312 -0.1189189 0.9918177
vn -0.04643312 -0.1189189 0.9918177
vn -0.4047939 0.4334557 0.8051448
vn 0.3690771 0.1440953 0.9181604
vn 0.9770837 0.1675803 0.1312412
vn 0.9956257 0.05937324 0.07214147
vn 0.4163106 -0.04680206 0.9080171
vn 0.4163106 -0.04680206 0.9080171
vn 0.3690771 0.1440953 0.9181604
vn 0.9770837 0.1675803 0.1312412
vn 0.02937945 -0.1371881 -0.9901093
vn 0.02198892 -0.240626 -0.9703689
vn 0.03940046 -0.903418 -0.4269466
vn 0.03940046 -0.903418 -0.4269466
vn 0.004137812 -0.8515963 -0.524182
vn 0.02937945 -0.1371881 -0.9901093
vn -0.04643312 -0.1189189 0.9918177
vn -0.06214317 -0.2013645 0.9775432
vn -0.2394901 0.7067813 0.665661
vn -0.2394901 0.7067813 0.665661
vn -0.4047939 0.4334557 0.8051448
vn -0.04643312 -0.1189189 0.9918177
vn -0.4047939 0.4334557 0.8051448
vn -0.2394901 0.7067813 0.665661
vn -0.2943668 0.9553921 -0.02396017
vn -0.2943668 0.9553921 -0.02396017
vn -0.6441729 0.7648374 -0.008067489
vn -0.4047939 0.4334557 0.8051448
vn -0.01014402 -0.8472367 0.5311187
vn -0.01539436 -0.9119722 0.4099632
vn -0.06214317 -0.2013645 0.9775432
vn -0.06214317 -0.2013645 0.9775432
vn -0.04643312 -0.1189189 0.9918177
vn -0.01014402 -0.8472367 0.5311187
vn 0.001880766 -0.999998 0.0005045825
vn 0 -1 0
vn -0.01539436 -0.9119722 0.4099632
vn -0.01539436 -0.9119722 0.4099632
vn -0.01014402 -0.8472367 0.5311187
vn 0.001880766 -0.999998 0.0005045825
vn -0.6441729 0.7648374 -0.008067489
vn -0.2943668 0.9553921 -0.02396017
vn -0.2332293 0.7020686 -0.6728327
vn -0.2332293 0.7020686 -0.6728327
vn -0.3635426 0.4569921 -0.8117852
vn -0.6441729 0.7648374 -0.008067489
vn 0.004137812 -0.8515963 -0.524182
vn 0.03940046 -0.903418 -0.4269466
vn 0 -1 0
vn 0 -1 0
vn 0.001880766 -0.999998 0.0005045825
vn 0.004137812 -0.8515963 -0.524182
vn -0.3635426 0.4569921 -0.8117852
vn -0.2332293 0.7020686 -0.6728327
vn 0.02198892 -0.240626 -0.9703689
vn 0.02198892 -0.240626 -0.9703689
vn 0.02937945 -0.1371881 -0.9901093
vn -0.3635426 0.4569921 -0.8117852
vn 0.001880766 -0.999998 0.0005045825
vn -0.01014402 -0.8472367 0.5311187
vn 0.3364392 -0.6832417 0.648066
vn 0.3364392 -0.6832417 0.648066
vn 0.798777 -0.5991122 0.05495375
vn 0.001880766 -0.999998 0.0005045825
vn 0.001880766 -0.999998 0.0005045825
vn 0.798777 -0.5991122 0.05495375
vn 0.3652443 -0.6911557 -0.6236187
vn 0.3652443 -0.6911557 -0.6236187
vn 0.004137812 -0.8515963 -0.524182
vn 0.001880766 -0.999998 0.0005045825
vn -0.5876974 -0.3264762 -0.7402872
vn 0.1661623 -0.6195253 -0.7671887
vn 0.1961444 -0.2077824 -0.9583079
vn 0.1961444 -0.2077824 -0.9583079
vn -0.633414 -0.03948976 -0.7728048
vn -0.5876974 -0.3264762 -0.7402872
vn -0.8248246 -0.09706234 -0.5569949
vn -0.9981585 0.04467828 -0.04103184
vn -0.9476319 0.3169799 -0.03895491
vn -0.9476319 0.3169799 -0.03895491
vn -0.7428305 0.01962522 -0.6691918
vn -0.8248246 -0.09706234 -0.5569949
vn 0.2184302 -0.09075098 -0.9716237
vn -0.1875888 -0.02168385 -0.9820083
vn -0.1883447 -0.1726932 -0.9668006
vn -0.1883447 -0.1726932 -0.9668006
vn 0.06910491 -0.2532003 -0.9649426
vn 0.2184302 -0.09075098 -0.9716237
vn -0.5817815 -0.8129934 -0.02391559
vn 0.3311361 -0.9434848 0.01361221
vn -0.3379034 -0.7840073 -0.5207245
vn -0.5835407 0.05715803 -0.8100699
vn -0.1370412 0.1163765 -0.9837053
vn 0.05881292 0.6216282 -0.7811013
vn 0.05881292 0.6216282 -0.7811013
vn -0.3819774 0.6563708 -0.6505926
vn -0.5835407 0.05715803 -0.8100699
vn -0.9613622 -0.2724352 -0.03951925
vn -0.5817815 -0.8129934 -0.02391559
vn -0.3379034 -0.7840073 -0.5207245
vn -0.3379034 -0.7840073 -0.5207245
vn -0.5876974 -0.3264762 -0.7402872
vn -0.9613622 -0.2724352 -0.03951925
vn 0.9824753 -0.1819643 0.04038721
vn 0.795014 -0.1146429 -0.5956592
vn 0.6764366 -0.4848209 -0.5544207
vn 0.6764366 -0.4848209 -0.5544207
vn 0.8356192 -0.548234 0.03435028
vn 0.9824753 -0.1819643 0.04038721
vn -0.8673697 -0.002507561 -0.4976581
vn -0.9972068 0.06243526 -0.04099268
vn -0.9981585 0.04467828 -0.04103184
vn -0.9981585 0.04467828 -0.04103184
vn -0.8248246 -0.09706234 -0.5569949
vn -0.8673697 -0.002507561 -0.4976581
vn 0.3311361 -0.9434848 0.01361221
vn 0.5575866 -0.8298023 0.02292109
vn 0.458734 -0.7819629 -0.4220157
vn 0.06910491 -0.2532003 -0.9649426
vn 0.4091558 -0.4226832 -0.8086599
vn 0.451813 -0.6784927 -0.5792346
vn -0.1883447 -0.1726932 -0.9668006
vn -0.5303932 -0.054631 -0.8459897
vn 0.1961444 -0.2077824 -0.9583079
vn -0.5876974 -0.3264762 -0.7402872
vn -0.7573232 -0.08552186 -0.6474161
vn -0.9139488 -0.4040867 -0.03757018
vn -0.633414 -0.03948976 -0.7728048
vn -0.7573232 -0.08552186 -0.6474161
vn -0.5876974 -0.3264762 -0.7402872
vn 0.3311361 -0.9434848 0.01361221
vn 0.528495 -0.5771205 -0.6225953
vn 0.1661623 -0.6195253 -0.7671887
vn 0.1661623 -0.6195253 -0.7671887
vn -0.3379034 -0.7840073 -0.5207245
vn 0.3311361 -0.9434848 0.01361221
vn 0.4091558 -0.4226832 -0.8086599
vn 0.528495 -0.5771205 -0.6225953
vn 0.458734 -0.7819629 -0.4220157
vn -0.3379034 -0.7840073 -0.5207245
vn 0.1661623 -0.6195253 -0.7671887
vn -0.5876974 -0.3264762 -0.7402872
vn 0.8356192 -0.548234 0.03435028
vn 0.6764366 -0.4848209 -0.5544207
vn 0.451813 -0.6784927 -0.5792346
vn 0.451813 -0.6784927 -0.5792346
vn 0.5575866 -0.8298023 0.02292109
vn 0.8356192 -0.548234 0.03435028
vn 0.1961444 -0.2077824 -0.9583079
vn -0.5303932 -0.054631 -0.8459897
vn -0.633414 -0.03948976 -0.7728048
vn -0.1370412 0.1163765 -0.9837053
vn -0.5835407 0.05715803 -0.8100699
vn -0.6207933 -0.09019082 -0.7787691
vn -0.6207933 -0.09019082 -0.7787691
vn -0.1875888 -0.02168385 -0.9820083
vn -0.1370412 0.1163765 -0.9837053
vn -0.3819774 0.6563708 -0.6505926
vn -0.8007677 0.2771106 -0.5310186
vn -0.5835407 0.05715803 -0.8100699
vn 0.9987801 0.02743393 0.04105741
vn 0.7824056 0.2382597 -0.5753902
vn 0.795014 -0.1146429 -0.5956592
vn 0.795014 -0.1146429 -0.5956592
vn 0.9824753 -0.1819643 0.04038721
vn 0.9987801 0.02743393 0.04105741
vn -0.7428305 0.01962522 -0.6691918
vn -0.9476319 0.3169799 -0.03895491
vn -0.9814562 -0.1873931 -0.04034525
vn -0.9814562 -0.1873931 -0.04034525
vn -0.7573232 -0.08552186 -0.6474161
vn -0.7428305 0.01962522 -0.6691918
vn 0.795014 -0.1146429 -0.5956592
vn 0.2963544 0.133523 -0.9456985
vn 0.2184302 -0.09075098 -0.9716237
vn 0.2184302 -0.09075098 -0.9716237
vn 0.6764366 -0.4848209 -0.5544207
vn 0.795014 -0.1146429 -0.5956592
vn -0.5876974 -0.3264762 -0.7402872
vn -0.9139488 -0.4040867 -0.03757018
vn -0.9613622 -0.2724352 -0.03951925
vn 0.4356246 0.7243518 -0.5343647
vn 0.05881292 0.6216282 -0.7811013
vn 0.2963544 0.133523 -0.9456985
vn 0.2963544 0.133523 -0.9456985
vn 0.7824056 0.2382597 -0.5753902
vn 0.4356246 0.7243518 -0.5343647
vn -0.5835407 0.05715803 -0.8100699
vn -0.8673697 -0.002507561 -0.4976581
vn -0.8248246 -0.09706234 -0.5569949
vn -0.8248246 -0.09706234 -0.5569949
vn -0.6207933 -0.09019082 -0.7787691
vn -0.5835407 0.05715803 -0.8100699
vn -0.1875888 -0.02168385 -0.9820083
vn -0.6207933 -0.09019082 -0.7787691
vn -0.5303932 -0.054631 -0.8459897
vn -0.5303932 -0.054631 -0.8459897
vn -0.1883447 -0.1726932 -0.9668006
vn -0.1875888 -0.02168385 -0.9820083
vn 0.451813 -0.6784927 -0.5792346
vn 0.458734 -0.7819629 -0.4220157
vn 0.5575866 -0.8298023 0.02292109
vn 0.3311361 -0.9434848 0.01361221
vn 0.458734 -0.7819629 -0.4220157
vn 0.528495 -0.5771205 -0.6225953
vn 0.04635417 0.9989233 0.001905516
vn 0.4356246 0.7243518 -0.5343647
vn 0.6229683 0.7818277 0.02560878
vn -0.2805987 0.9597559 -0.01153472
vn 0.05881292 0.6216282 -0.7811013
vn 0.4356246 0.7243518 -0.5343647
vn 0.6764366 -0.4848209 -0.5544207
vn 0.2184302 -0.09075098 -0.9716237
vn 0.06910491 -0.2532003 -0.9649426
vn 0.06910491 -0.2532003 -0.9649426
vn 0.451813 -0.6784927 -0.5792346
vn 0.6764366 -0.4848209 -0.5544207
vn -0.5835407 0.05715803 -0.8100699
vn -0.8007677 0.2771106 -0.5310186
vn -0.9322652 0.3597403 -0.0383231
vn -0.9322652 0.3597403 -0.0383231
vn -0.8673697 -0.002507561 -0.4976581
vn -0.5835407 0.05715803 -0.8100699
vn 0.6229683 0.7818277 0.02560878
vn 0.4356246 0.7243518 -0.5343647
vn 0.7824056 0.2382597 -0.5753902
vn 0.7824056 0.2382597 -0.5753902
vn 0.9459007 0.3221179 0.03888375
vn 0.6229683 0.7818277 0.02560878
vn 0.2963544 0.133523 -0.9456985
vn -0.1370412 0.1163765 -0.9837053
vn -0.1875888 -0.02168385 -0.9820083
vn -0.1875888 -0.02168385 -0.9820083
vn 0.2184302 -0.09075098 -0.9716237
vn 0.2963544 0.133523 -0.9456985
vn 0.05881292 0.6216282 -0.7811013
vn -0.2805987 0.9597559 -0.01153472
vn -0.6148063 0.7882731 -0.02527314
vn -0.6148063 0.7882731 -0.02527314
vn -0.3819774 0.6563708 -0.6505926
vn 0.05881292 0.6216282 -0.7811013
vn -0.1883447 -0.1726932 -0.9668006
vn 0.1961444 -0.2077824 -0.9583079
vn 0.4091558 -0.4226832 -0.8086599
vn 0.4091558 -0.4226832 -0.8086599
vn 0.06910491 -0.2532003 -0.9649426
vn -0.1883447 -0.1726932 -0.9668006
vn -0.5303932 -0.054631 -0.8459897
vn -0.7428305 0.01962522 -0.6691918
vn -0.7573232 -0.08552186 -0.6474161
vn -0.7573232 -0.08552186 -0.6474161
vn -0.633414 -0.03948976 -0.7728048
vn -0.5303932 -0.054631 -0.8459897
vn 0.05881292 0.6216282 -0.7811013
vn -0.1370412 0.1163765 -0.9837053
vn 0.2963544 0.133523 -0.9456985
vn -0.8007677 0.2771106 -0.5310186
vn -0.3819774 0.6563708 -0.6505926
vn -0.6148063 0.7882731 -0.02527314
vn -0.9972068 0.06243526 -0.04099268
vn -0.8673697 -0.002507561 -0.4976581
vn -0.9322652 0.3597403 -0.0383231
vn 0.7824056 0.2382597 -0.5753902
vn 0.2963544 0.133523 -0.9456985
vn 0.795014 -0.1146429 -0.5956592
vn 0.451813 -0.6784927 -0.5792346
vn 0.4091558 -0.4226832 -0.8086599
vn 0.458734 -0.7819629 -0.4220157
vn 0.9459007 0.3221179 0.03888375
vn 0.7824056 0.2382597 -0.5753902
vn 0.9987801 0.02743393 0.04105741
vn -0.9322652 0.3597403 -0.0383231
vn -0.8007677 0.2771106 -0.5310186
vn -0.6148063 0.7882731 -0.02527314
vn -0.7573232 -0.08552186 -0.6474161
vn -0.9814562 -0.1873931 -0.04034525
vn -0.9139488 -0.4040867 -0.03757018
vn 0.4091558 -0.4226832 -0.8086599
vn 0.1961444 -0.2077824 -0.9583079
vn 0.1661623 -0.6195253 -0.7671887
vn 0.1661623 -0.6195253 -0.7671887
vn 0.528495 -0.5771205 -0.6225953
vn 0.4091558 -0.4226832 -0.8086599
vn -0.6207933 -0.09019082 -0.7787691
vn -0.8248246 -0.09706234 -0.5569949
vn -0.7428305 0.01962522 -0.6691918
vn -0.7428305 0.01962522 -0.6691918
vn -0.5303932 -0.054631 -0.8459897
vn -0.6207933 -0.09019082 -0.7787691
vn 0.04635417 0.9989233 0.001905516
vn -0.2805987 0.9597559 -0.01153472
vn 0.4356246 0.7243518 -0.5343647
vn 0.01475269 0.999891 0.0006064279
vn -0.2079687 0.7919427 -0.574087
vn 0.2270846 0.5206065 -0.8230441
vn 0.2270846 0.5206065 -0.8230441
vn 0.5589108 0.8289094 0.02297544
vn 0.01475269 0.999891 0.0006064279
vn 0.9833125 -0.1773768 0.04042155
vn 0.7551113 -0.3792836 -0.5347437
vn 0.6359551 -0.7712832 0.02614254
vn 0.5589108 0.8289094 0.02297544
vn 0.2270846 0.5206065 -0.8230441
vn 0.5807008 0.09110094 -0.8090038
vn 0.5807008 0.09110094 -0.8090038
vn 0.9186231 0.3933263 0.03776234
vn 0.5589108 0.8289094 0.02297544
vn -0.635957 0.7712816 -0.02614266
vn -0.2079687 0.7919427 -0.574087
vn 0.01475269 0.999891 0.0006064279
vn 0.9186231 0.3933263 0.03776234
vn 0.5807008 0.09110094 -0.8090038
vn 0.7551113 -0.3792836 -0.5347437
vn 0.7551113 -0.3792836 -0.5347437
vn 0.9833125 -0.1773768 0.04042155
vn 0.9186231 0.3933263 0.03776234
vn 0.5807008 0.09110094 -0.8090038
vn -0.158766 -0.5206053 -0.838906
vn 0.254392 -0.7919369 -0.5550863
vn 0.254392 -0.7919369 -0.5550863
vn 0.7551113 -0.3792836 -0.5347437
vn 0.5807008 0.09110094 -0.8090038
vn -0.2079687 0.7919427 -0.574087
vn -0.7086792 0.3792751 -0.5949153
vn -0.5123377 -0.0911032 -0.8539382
vn -0.5123377 -0.0911032 -0.8539382
vn 0.2270846 0.5206065 -0.8230441
vn -0.2079687 0.7919427 -0.574087
vn 0.7551113 -0.3792836 -0.5347437
vn 0.254392 -0.7919369 -0.5550863
vn 0.6359551 -0.7712832 0.02614254
vn 0.2270846 0.5206065 -0.8230441
vn -0.5123377 -0.0911032 -0.8539382
vn -0.158766 -0.5206053 -0.838906
vn -0.158766 -0.5206053 -0.838906
vn 0.5807008 0.09110094 -0.8090038
vn 0.2270846 0.5206065 -0.8230441
vn -0.635957 0.7712816 -0.02614266
vn -0.7086792 0.3792751 -0.5949153
vn -0.2079687 0.7919427 -0.574087
vn -0.158766 -0.5206053 -0.838906
vn -0.5589145 -0.828907 -0.02297562
vn -0.01475312 -0.999891 -0.0006064419
vn -0.01475312 -0.999891 -0.0006064419
vn 0.254392 -0.7919369 -0.5550863
vn -0.158766 -0.5206053 -0.838906
vn -0.7086792 0.3792751 -0.5949153
vn -0.9833124 0.1773774 -0.04042166
vn -0.9186186 -0.3933367 -0.03776228
vn -0.9186186 -0.3933367 -0.03776228
vn -0.5123377 -0.0911032 -0.8539382
vn -0.7086792 0.3792751 -0.5949153
vn 0.254392 -0.7919369 -0.5550863
vn -0.01475312 -0.999891 -0.0006064419
vn 0.6359551 -0.7712832 0.02614254
vn -0.5123377 -0.0911032 -0.8539382
vn -0.9186186 -0.3933367 -0.03776228
vn -0.5589145 -0.828907 -0.02297562
vn -0.5589145 -0.828907 -0.02297562
vn -0.158766 -0.5206053 -0.838906
vn -0.5123377 -0.0911032 -0.8539382
vn -0.635957 0.7712816 -0.02614266
vn -0.9833124 0.1773774 -0.04042166
vn -0.7086792 0.3792751 -0.5949153
vn 0.5973171 -0.5085042 0.6201902
vn 0.3789346 -0.9252924 0.01557714
vn 0.8312039 -0.5549167 0.03416884
vn 0.8312039 -0.5549167 0.03416884
vn 0.8789485 -0.4190978 0.2276108
vn 0.5973171 -0.5085042 0.6201902
vn 0.5973171 -0.5085042 0.6201902
vn 0.8789485 -0.4190978 0.2276108
vn 0.9696634 -0.2043262 -0.1341778
vn 0.9972455 0.06181334 0.04099447
vn 0.9668372 0.1907163 0.1698621
vn 0.9944239 -0.1016777 0.0279814
vn 0.9944239 -0.1016777 0.0279814
vn 0.9813991 -0.1876922 0.04034305
vn 0.9972455 0.06181334 0.04099447
vn 0.8312039 -0.5549167 0.03416884
vn 0.9813991 -0.1876922 0.04034305
vn 0.9944239 -0.1016777 0.0279814
vn 0.9944239 -0.1016777 0.0279814
vn 0.8789485 -0.4190978 0.2276108
vn 0.8312039 -0.5549167 0.03416884
vn -0.5584678 0.1851265 -0.8086049
vn 0.6035461 0.3568904 -0.7129947
vn 0.5329393 0.4779579 -0.698235
vn 0.5329393 0.4779579 -0.698235
vn 0.6035461 0.3568904 -0.7129947
vn 0.9668372 0.1907163 0.1698621
vn 0.9668372 0.1907163 0.1698621
vn 0.8777682 0.477725 0.03608292
vn 0.5329393 0.4779579 -0.698235
vn -0.9925972 -0.1143935 -0.04080331
vn -0.9726568 -0.01317143 -0.2318736
vn -0.5584678 0.1851265 -0.8086049
vn -0.5387 0.1392608 -0.8309084
vn 0.6035461 0.3568904 -0.7129947
vn -0.5584678 0.1851265 -0.8086049
vn 0.9972455 0.06181334 0.04099447
vn 0.8777682 0.477725 0.03608292
vn 0.9668372 0.1907163 0.1698621
vn -0.3902605 0.532884 -0.7508205
vn -0.7970373 0.06558862 -0.600358
vn -0.9990379 0.02605166 -0.03527784
vn -0.9990379 0.02605166 -0.03527784
vn -0.4597942 0.5244087 -0.7166483
vn -0.3902605 0.532884 -0.7508205
vn -0.7970373 0.06558862 -0.600358
vn -0.4967713 -0.6303213 -0.5965847
vn -0.5658586 -0.4651773 0.6807453
vn -0.5658586 -0.4651773 0.6807453
vn -0.9990379 0.02605166 -0.03527784
vn -0.7970373 0.06558862 -0.600358
vn -0.4967713 -0.6303213 -0.5965847
vn 0.9406841 -0.3390048 0.01375943
vn 0.4328016 -0.5519841 0.7127385
vn 0.4328016 -0.5519841 0.7127385
vn -0.5658586 -0.4651773 0.6807453
vn -0.4967713 -0.6303213 -0.5965847
vn 0.9406841 -0.3390048 0.01375943
vn 0.9830504 0.09264936 -0.1582028
vn 0.9916037 -0.1291757 -0.005961299
vn 0.9916037 -0.1291757 -0.005961299
vn 0.4328016 -0.5519841 0.7127385
vn 0.9406841 -0.3390048 0.01375943
vn 0.5205843 0.5122451 -0.683079
vn -0.3902605 0.532884 -0.7508205
vn -0.4597942 0.5244087 -0.7166483
vn -0.4597942 0.5244087 -0.7166483
vn 0.586668 0.4244913 -0.6896579
vn 0.5205843 0.5122451 -0.683079
vn -0.4967713 -0.6303213 -0.5965847
vn -0.7970373 0.06558862 -0.600358
vn -0.3910557 0.08058681 -0.9168322
vn -0.3902605 0.532884 -0.7508205
vn -0.3146046 0.7204894 -0.617996
vn -0.7970373 0.06558862 -0.600358
vn 0.9830504 0.09264936 -0.1582028
vn 0.9802774 0.1652143 -0.1084455
vn 0.4585343 0.7436256 -0.4865874
vn 0.4585343 0.7436256 -0.4865874
vn 0.5205843 0.5122451 -0.683079
vn 0.9830504 0.09264936 -0.1582028
vn -0.6613414 0.5464843 -0.5137924
vn -0.5445781 0.3937029 -0.7405624
vn -0.1801046 0.00176027 -0.9836459
vn -0.1801046 0.00176027 -0.9836459
vn -0.3910557 0.08058681 -0.9168322
vn -0.6613414 0.5464843 -0.5137924
vn 0.5205843 0.5122451 -0.683079
vn 0.4585343 0.7436256 -0.4865874
vn -0.3146046 0.7204894 -0.617996
vn -0.3146046 0.7204894 -0.617996
vn -0.3902605 0.532884 -0.7508205
vn 0.5205843 0.5122451 -0.683079
vn -0.5658586 -0.4651773 0.6807453
vn -0.5940036 -0.4786906 0.6465409
vn -0.9973975 0.06270108 -0.03559387
vn -0.9973975 0.06270108 -0.03559387
vn -0.9990379 0.02605166 -0.03527784
vn -0.5658586 -0.4651773 0.6807453
vn -0.4597942 0.5244087 -0.7166483
vn -0.457793 0.5464004 -0.701336
vn 0.5937637 0.4368021 -0.6757577
vn 0.5937637 0.4368021 -0.6757577
vn 0.586668 0.4244913 -0.6896579
vn -0.4597942 0.5244087 -0.7166483
vn 0.4328016 -0.5519841 0.7127385
vn 0.4641451 -0.6009277 0.6507344
vn -0.5940036 -0.4786906 0.6465409
vn -0.5940036 -0.4786906 0.6465409
vn -0.5658586 -0.4651773 0.6807453
vn 0.4328016 -0.5519841 0.7127385
vn 0.586668 0.4244913 -0.6896579
vn 0.5937637 0.4368021 -0.6757577
vn 0.9908492 -0.1326717 -0.02481949
vn 0.9908492 -0.1326717 -0.02481949
vn 0.9916037 -0.1291757 -0.005961299
vn 0.586668 0.4244913 -0.6896579
vn -0.9990379 0.02605166 -0.03527784
vn -0.9973975 0.06270108 -0.03559387
vn -0.457793 0.5464004 -0.701336
vn -0.457793 0.5464004 -0.701336
vn -0.4597942 0.5244087 -0.7166483
vn -0.9990379 0.02605166 -0.03527784
vn 0.9916037 -0.1291757 -0.005961299
vn 0.9908492 -0.1326717 -0.02481949
vn 0.4641451 -0.6009277 0.6507344
vn 0.4641451 -0.6009277 0.6507344
vn 0.4328016 -0.5519841 0.7127385
vn 0.9916037 -0.1291757 -0.005961299
vn -0.9973975 0.06270108 -0.03559387
vn -0.9666585 0.2459537 -0.07126224
vn -0.4254339 0.4576122 -0.7807669
vn -0.4254339 0.4576122 -0.7807669
vn -0.457793 0.5464004 -0.701336
vn -0.9973975 0.06270108 -0.03559387
vn 0.5937637 0.4368021 -0.6757577
vn 0.4904559 0.4069395 -0.7706188
vn 0.9987537 0.01265263 0.04828
vn 0.9987537 0.01265263 0.04828
vn 0.9908492 -0.1326717 -0.02481949
vn 0.5937637 0.4368021 -0.6757577
vn 0.9908492 -0.1326717 -0.02481949
vn 0.9987537 0.01265263 0.04828
vn 0.4264778 -0.4331083 0.7940616
vn 0.4264778 -0.4331083 0.7940616
vn 0.4641451 -0.6009277 0.6507344
vn 0.9908492 -0.1326717 -0.02481949
vn -0.5940036 -0.4786906 0.6465409
vn -0.4642825 -0.2717513 0.8429667
vn -0.9666585 0.2459537 -0.07126224
vn -0.9666585 0.2459537 -0.07126224
vn -0.9973975 0.06270108 -0.03559387
vn -0.5940036 -0.4786906 0.6465409
vn -0.457793 0.5464004 -0.701336
vn -0.4254339 0.4576122 -0.7807669
vn 0.4904559 0.4069395 -0.7706188
vn 0.4904559 0.4069395 -0.7706188
vn 0.5937637 0.4368021 -0.6757577
vn -0.457793 0.5464004 -0.701336
vn 0.4641451 -0.6009277 0.6507344
vn 0.4264778 -0.4331083 0.7940616
vn -0.4642825 -0.2717513 0.8429667
vn -0.4642825 -0.2717513 0.8429667
vn -0.5940036 -0.4786906 0.6465409
vn 0.4641451 -0.6009277 0.6507344
vn 0.949477 -0.2660172 -0.1665182
vn 0.9761008 -0.2135823 0.04012519
vn 0.9841623 -0.1725916 0.04045653
vn 0.9406841 -0.3390048 0.01375943
vn 0.9802774 0.1652143 -0.1084455
vn 0.9830504 0.09264936 -0.1582028
vn -0.3146046 0.7204894 -0.617996
vn -0.3934895 0.7685328 -0.504503
vn -0.3910557 0.08058681 -0.9168322
vn -0.3910557 0.08058681 -0.9168322
vn -0.7970373 0.06558862 -0.600358
vn -0.3146046 0.7204894 -0.617996
vn -0.1801046 0.00176027 -0.9836459
vn 0.5843788 -0.2930291 -0.7567268
vn -0.4967713 -0.6303213 -0.5965847
vn -0.4967713 -0.6303213 -0.5965847
vn -0.3910557 0.08058681 -0.9168322
vn -0.1801046 0.00176027 -0.9836459
vn -0.4967713 -0.6303213 -0.5965847
vn 0.5843788 -0.2930291 -0.7567268
vn 0.9406841 -0.3390048 0.01375943
vn 0.9802774 0.1652143 -0.1084455
vn 0.9406841 -0.3390048 0.01375943
vn 0.9990098 0.04362764 -0.008721828
vn 0.9802774 0.1652143 -0.1084455
vn 0.9990098 0.04362764 -0.008721828
vn 0.8653386 0.4881382 -0.1136234
vn 0.8653386 0.4881382 -0.1136234
vn 0.5838436 0.7554901 -0.2972565
vn 0.9802774 0.1652143 -0.1084455
vn 0.9990098 0.04362764 -0.008721828
vn 0.949477 -0.2660172 -0.1665182
vn 0.9841623 -0.1725916 0.04045653
vn 0.9841623 -0.1725916 0.04045653
vn 0.9987744 0.02764086 0.04105717
vn 0.9990098 0.04362764 -0.008721828
vn 0.5724052 0.617237 -0.5397877
vn 0.8653386 0.4881382 -0.1136234
vn 0.9367697 0.3478215 0.03850836
vn 0.9367697 0.3478215 0.03850836
vn 0.9238868 0.3807766 0.03797883
vn 0.5724052 0.617237 -0.5397877
vn 0.9990098 0.04362764 -0.008721828
vn 0.9406841 -0.3390048 0.01375943
vn 0.949477 -0.2660172 -0.1665182
vn 0.5843788 -0.2930291 -0.7567268
vn 0.5637807 -0.1945499 -0.8026841
vn 0.9761008 -0.2135823 0.04012519
vn 0.9761008 -0.2135823 0.04012519
vn 0.949477 -0.2660172 -0.1665182
vn 0.5843788 -0.2930291 -0.7567268
vn 0.9367697 0.3478215 0.03850836
vn 0.8653386 0.4881382 -0.1136234
vn 0.9990098 0.04362764 -0.008721828
vn 0.9990098 0.04362764 -0.008721828
vn 0.9987744 0.02764086 0.04105717
vn 0.9367697 0.3478215 0.03850836
vn 0.9406841 -0.3390048 0.01375943
vn 0.5843788 -0.2930291 -0.7567268
vn 0.949477 -0.2660172 -0.1665182
vn 0.9987537 0.01265263 0.04828
vn 0.9949713 0.06515019 0.07607627
vn 0.4824054 -0.3247688 0.8135172
vn 0.4824054 -0.3247688 0.8135172
vn 0.4264778 -0.4331083 0.7940616
vn 0.9987537 0.01265263 0.04828
vn -0.4938778 -0.1714205 0.8524668
vn -0.2813287 -0.04683705 0.9584678
vn -0.07392878 -0.4245638 0.9023747
vn -0.4254339 0.4576122 -0.7807669
vn -0.3984918 0.3572057 -0.8447534
vn 0.4927434 0.3328703 -0.8039908
vn 0.4927434 0.3328703 -0.8039908
vn 0.4904559 0.4069395 -0.7706188
vn -0.4254339 0.4576122 -0.7807669
vn 0.4264778 -0.4331083 0.7940616
vn 0.4824054 -0.3247688 0.8135172
vn -0.07392878 -0.4245638 0.9023747
vn -0.07392878 -0.4245638 0.9023747
vn -0.4642825 -0.2717513 0.8429667
vn 0.4264778 -0.4331083 0.7940616
vn -0.9666585 0.2459537 -0.07126224
vn -0.8915695 0.1698514 -0.4198266
vn -0.3984918 0.3572057 -0.8447534
vn -0.3984918 0.3572057 -0.8447534
vn -0.4254339 0.4576122 -0.7807669
vn -0.9666585 0.2459537 -0.07126224
vn 0.4904559 0.4069395 -0.7706188
vn 0.4927434 0.3328703 -0.8039908
vn 0.9949713 0.06515019 0.07607627
vn 0.9949713 0.06515019 0.07607627
vn 0.9987537 0.01265263 0.04828
vn 0.4904559 0.4069395 -0.7706188
vn 0.4824054 -0.3247688 0.8135172
vn 0.340277 -0.377192 0.8613582
vn -0.4167982 -0.4085389 0.8120192
vn -0.4167982 -0.4085389 0.8120192
vn -0.07392878 -0.4245638 0.9023747
vn 0.4824054 -0.3247688 0.8135172
vn -0.8915695 0.1698514 -0.4198266
vn -0.9880242 -0.05758092 -0.1431526
vn -0.3148932 0.2382447 -0.9187391
vn -0.3148932 0.2382447 -0.9187391
vn -0.3984918 0.3572057 -0.8447534
vn -0.8915695 0.1698514 -0.4198266
vn 0.4927434 0.3328703 -0.8039908
vn 0.4082533 0.2171377 -0.8866683
vn 0.9948502 -0.09201928 0.04249269
vn 0.9948502 -0.09201928 0.04249269
vn 0.9949713 0.06515019 0.07607627
vn 0.4927434 0.3328703 -0.8039908
vn 0.9949713 0.06515019 0.07607627
vn 0.9948502 -0.09201928 0.04249269
vn 0.340277 -0.377192 0.8613582
vn 0.340277 -0.377192 0.8613582
vn 0.4824054 -0.3247688 0.8135172
vn 0.9949713 0.06515019 0.07607627
vn -0.07392878 -0.4245638 0.9023747
vn -0.4167982 -0.4085389 0.8120192
vn -0.9880242 -0.05758092 -0.1431526
vn -0.9880242 -0.05758092 -0.1431526
vn -0.8915695 0.1698514 -0.4198266
vn -0.07392878 -0.4245638 0.9023747
vn -0.3984918 0.3572057 -0.8447534
vn -0.3148932 0.2382447 -0.9187391
vn 0.4082533 0.2171377 -0.8866683
vn 0.4082533 0.2171377 -0.8866683
vn 0.4927434 0.3328703 -0.8039908
vn -0.3984918 0.3572057 -0.8447534
vn 0.9948502 -0.09201928 0.04249269
vn 0.9316568 -0.3628534 -0.01879001
vn 0.4073717 -0.7717592 0.4882991
vn 0.4073717 -0.7717592 0.4882991
vn 0.340277 -0.377192 0.8613582
vn 0.9948502 -0.09201928 0.04249269
vn -0.4167982 -0.4085389 0.8120192
vn -0.2334917 -0.9039669 0.3582254
vn -0.9356554 -0.2982802 -0.1886208
vn -0.9356554 -0.2982802 -0.1886208
vn -0.9880242 -0.05758092 -0.1431526
vn -0.4167982 -0.4085389 0.8120192
vn -0.3148932 0.2382447 -0.9187391
vn -0.1222436 -0.529467 -0.8394768
vn 0.4748483 -0.3924254 -0.7877319
vn 0.4748483 -0.3924254 -0.7877319
vn 0.4082533 0.2171377 -0.8866683
vn -0.3148932 0.2382447 -0.9187391
vn 0.340277 -0.377192 0.8613582
vn 0.4073717 -0.7717592 0.4882991
vn -0.2334917 -0.9039669 0.3582254
vn -0.2334917 -0.9039669 0.3582254
vn -0.4167982 -0.4085389 0.8120192
vn 0.340277 -0.377192 0.8613582
vn -0.9880242 -0.05758092 -0.1431526
vn -0.9356554 -0.2982802 -0.1886208
vn -0.1222436 -0.529467 -0.8394768
vn -0.1222436 -0.529467 -0.8394768
vn -0.3148932 0.2382447 -0.9187391
vn -0.9880242 -0.05758092 -0.1431526
vn 0.4082533 0.2171377 -0.8866683
vn 0.4748483 -0.3924254 -0.7877319
vn 0.9316568 -0.3628534 -0.01879001
vn 0.9316568 -0.3628534 -0.01879001
vn 0.9948502 -0.09201928 0.04249269
vn 0.4082533 0.2171377 -0.8866683
vn -0.2813287 -0.04683705 0.9584678
vn -0.4938778 -0.1714205 0.8524668
vn -0.9889469 0.131416 0.06865704
vn -0.9889469 0.131416 0.06865704
vn -0.9007804 0.427392 -0.07701242
vn -0.2813287 -0.04683705 0.9584678
vn -0.4642825 -0.2717513 0.8429667
vn -0.2813287 -0.04683705 0.9584678
vn -0.9007804 0.427392 -0.07701242
vn -0.9007804 0.427392 -0.07701242
vn -0.9666585 0.2459537 -0.07126224
vn -0.4642825 -0.2717513 0.8429667
vn -0.9666585 0.2459537 -0.07126224
vn -0.9007804 0.427392 -0.07701242
vn -0.8915695 0.1698514 -0.4198266
vn -0.4938778 -0.1714205 0.8524668
vn -0.3732408 -0.3801595 0.8462683
vn -0.9950162 0.001726868 -0.09969914
vn -0.9950162 0.001726868 -0.09969914
vn -0.9889469 0.131416 0.06865704
vn -0.4938778 -0.1714205 0.8524668
vn 0.9381312 -0.2619193 0.226513
vn 0.9709774 -0.214558 0.1056787
vn -0.2294337 -0.8205745 0.5234669
vn -0.2294337 -0.8205745 0.5234669
vn -0.3732408 -0.3801595 0.8462683
vn 0.9381312 -0.2619193 0.226513
vn -0.07392878 -0.4245638 0.9023747
vn 0.9381312 -0.2619193 0.226513
vn -0.3732408 -0.3801595 0.8462683
vn -0.3732408 -0.3801595 0.8462683
vn -0.4938778 -0.1714205 0.8524668
vn -0.07392878 -0.4245638 0.9023747
vn 0.8556711 0.06392762 -0.5135565
vn 0.8566003 0.0765773 -0.5102663
vn 0.9381312 -0.2619193 0.226513
vn 0.9381312 -0.2619193 0.226513
vn 0.8563759 0.06415061 -0.5123525
vn 0.8556711 0.06392762 -0.5135565
vn -0.9889469 0.131416 0.06865704
vn -0.9950162 0.001726868 -0.09969914
vn -0.7825247 0.1222672 -0.6104965
vn -0.7825247 0.1222672 -0.6104965
vn -0.8915695 0.1698514 -0.4198266
vn -0.9889469 0.131416 0.06865704
vn -0.226872 -0.9222861 -0.3129176
vn -0.6477754 -0.7550974 0.1010699
vn -0.2294337 -0.8205745 0.5234669
vn -0.2294337 -0.8205745 0.5234669
vn -0.3302836 -0.8843945 -0.3297866
vn -0.226872 -0.9222861 -0.3129176
vn 0.8566003 0.0765773 -0.5102663
vn 0.8673691 0.09973136 -0.48757
vn 0.9709774 -0.214558 0.1056787
vn 0.9709774 -0.214558 0.1056787
vn 0.9381312 -0.2619193 0.226513
vn 0.8566003 0.0765773 -0.5102663
vn -0.9950162 0.001726868 -0.09969914
vn -0.3704461 0.3613403 -0.8556886
vn -0.5474402 0.2274141 -0.8053523
vn -0.5474402 0.2274141 -0.8053523
vn -0.7825247 0.1222672 -0.6104965
vn -0.9950162 0.001726868 -0.09969914
vn -0.3732408 -0.3801595 0.8462683
vn -0.2294337 -0.8205745 0.5234669
vn -0.6477754 -0.7550974 0.1010699
vn -0.6477754 -0.7550974 0.1010699
vn -0.9950162 0.001726868 -0.09969914
vn -0.3732408 -0.3801595 0.8462683
vn -0.2334917 -0.9039669 0.3582254
vn 0.4073717 -0.7717592 0.4882991
vn 0.4748483 -0.3924254 -0.7877319
vn 0.4748483 -0.3924254 -0.7877319
vn -0.1222436 -0.529467 -0.8394768
vn -0.2334917 -0.9039669 0.3582254
vn -0.2334917 -0.9039669 0.3582254
vn -0.1222436 -0.529467 -0.8394768
vn -0.9356554 -0.2982802 -0.1886208
vn 0.4748483 -0.3924254 -0.7877319
vn 0.4073717 -0.7717592 0.4882991
vn 0.9316568 -0.3628534 -0.01879001
vn -0.07392878 -0.4245638 0.9023747
vn -0.2813287 -0.04683705 0.9584678
vn -0.4642825 -0.2717513 0.8429667
vn -0.8915695 0.1698514 -0.4198266
vn -0.9007804 0.427392 -0.07701242
vn -0.9889469 0.131416 0.06865704
vn -0.4368556 -0.2191013 -0.8724401
vn -0.9084924 -0.4162291 -0.03734595
vn -0.9943894 0.09756521 -0.04087698
vn -0.9943894 0.09756521 -0.04087698
vn -0.4348364 0.5252372 -0.7314665
vn -0.4368556 -0.2191013 -0.8724401
vn 0.5277464 0.1633967 -0.8335378
vn -0.4368556 -0.2191013 -0.8724401
vn -0.4348364 0.5252372 -0.7314665
vn -0.4348364 0.5252372 -0.7314665
vn 0.5724052 0.617237 -0.5397877
vn 0.5277464 0.1633967 -0.8335378
vn 0.9449731 0.3248338 0.0388456
vn 0.5277464 0.1633967 -0.8335378
vn 0.5724052 0.617237 -0.5397877
vn 0.5724052 0.617237 -0.5397877
vn 0.9238868 0.3807766 0.03797883
vn 0.9449731 0.3248338 0.0388456
vn 0.9830504 0.09264936 -0.1582028
vn 0.5205843 0.5122451 -0.683079
vn 0.586668 0.4244913 -0.6896579
vn 0.586668 0.4244913 -0.6896579
vn 0.9916037 -0.1291757 -0.005961299
vn 0.9830504 0.09264936 -0.1582028
vn -0.815242 0.5782058 -0.03253686
vn -0.7632686 0.6452235 -0.03327978
vn -0.7128748 0.698496 -0.06255311
vn -0.7128748 0.698496 -0.06255311
vn -0.8472432 0.5274272 0.06324142
vn -0.815242 0.5782058 -0.03253686
vn -0.7309653 0.6819356 -0.02556276
vn -0.7632686 0.6452235 -0.03327978
vn -0.815242 0.5782058 -0.03253686
vn -0.815242 0.5782058 -0.03253686
vn -0.8144689 0.5592464 -0.1545446
vn -0.7309653 0.6819356 -0.02556276
vn -0.8472432 0.5274272 0.06324142
vn -0.7128748 0.698496 -0.06255311
vn -0.6470548 0.5759892 0.4995564
vn -0.6470548 0.5759892 0.4995564
vn -0.5893508 0.3252717 0.7395025
vn -0.8472432 0.5274272 0.06324142
vn -0.7128748 0.698496 -0.06255311
vn -0.8289469 0.5582021 -0.03546178
vn -0.43331 0.7685336 0.4707426
vn -0.43331 0.7685336 0.4707426
vn -0.6470548 0.5759892 0.4995564
vn -0.7128748 0.698496 -0.06255311
vn 0.7640007 -0.01177635 0.6451079
vn 0.7640014 -0.01177596 0.6451072
vn 0.7639863 -0.01178485 0.6451247
vn 0.7639863 -0.01178485 0.6451247
vn 0.763986 -0.01178506 0.6451252
vn 0.7640007 -0.01177635 0.6451079
vn -0.7075464 -0.4331779 -0.5583324
vn -0.9273366 0.08716487 -0.3639356
vn -0.9118146 -0.2608117 0.31713
vn -0.9118146 -0.2608117 0.31713
vn 0.04456928 -0.8737453 0.4843375
vn -0.7075464 -0.4331779 -0.5583324
vn 0.04456928 -0.8737453 0.4843375
vn 0.6361637 -0.1751424 -0.7514127
vn -0.7075464 -0.4331779 -0.5583324
vn -0.07985432 0.884391 0.4598651
vn -0.07985432 0.884391 0.4598651
vn -0.07985432 0.884391 0.4598651
vn -0.9273366 0.08716487 -0.3639356
vn -0.7075464 -0.4331779 -0.5583324
vn 0.6361637 -0.1751424 -0.7514127
vn 0.6361637 -0.1751424 -0.7514127
vn -0.399568 0.3843156 -0.8322542
vn -0.9273366 0.08716487 -0.3639356
vn -0.5321396 -0.5571232 -0.6375274
vn -0.7897319 -0.01871428 -0.6131667
vn -0.9674401 -0.2327543 0.09942448
vn -0.9674401 -0.2327543 0.09942448
vn -0.7629479 -0.6459537 -0.02557802
vn -0.5321396 -0.5571232 -0.6375274
vn -0.7629479 -0.6459537 -0.02557802
vn -0.05426534 -0.213421 -0.9754521
vn -0.5321396 -0.5571232 -0.6375274
vn -0.1912367 0.9507862 0.2437912
vn -0.1912367 0.9507862 0.2437912
vn -0.1912367 0.9507862 0.2437912
vn -0.7897319 -0.01871428 -0.6131667
vn -0.5321396 -0.5571232 -0.6375274
vn -0.05426534 -0.213421 -0.9754521
vn -0.05426534 -0.213421 -0.9754521
vn -0.149197 0.2064435 -0.9670168
vn -0.7897319 -0.01871428 -0.6131667
vn 0.6361637 -0.1751424 -0.7514127
vn 0.04456928 -0.8737453 0.4843375
vn 0.9101261 -0.1235353 0.3954865
vn 0.9101261 -0.1235353 0.3954865
vn 0.9101264 -0.1235347 0.3954856
vn 0.6361637 -0.1751424 -0.7514127
g Female Civilian 2
usemtl body
f 3/3/3 2/2/2 1/1/1
f 6/6/6 5/5/5 4/4/4
f 9/9/9 8/8/8 7/7/7
f 12/12/12 11/11/11 10/10/10
f 15/15/15 14/14/14 13/13/13
f 18/18/18 17/17/17 16/16/16
f 21/21/21 20/20/20 19/19/19
f 24/24/24 23/23/23 22/22/22
f 27/27/27 26/26/26 25/25/25
f 30/30/30 29/29/29 28/28/28
f 33/33/33 32/32/32 31/31/31
f 36/36/36 35/35/35 34/34/34
f 39/39/39 38/38/38 37/37/37
f 42/42/42 41/41/41 40/40/40
f 45/45/45 44/44/44 43/43/43
f 48/48/48 47/47/47 46/46/46
f 51/51/51 50/50/50 49/49/49
f 54/54/54 53/53/53 52/52/52
f 57/57/57 56/56/56 55/55/55
f 60/60/60 59/59/59 58/58/58
f 63/63/63 62/62/62 61/61/61
f 66/66/66 65/65/65 64/64/64
f 69/69/69 68/68/68 67/67/67
f 72/72/72 71/71/71 70/70/70
f 75/75/75 74/74/74 73/73/73
f 78/78/78 77/77/77 76/76/76
f 81/81/81 80/80/80 79/79/79
f 84/84/84 83/83/83 82/82/82
f 87/87/87 86/86/86 85/85/85
f 90/90/90 89/89/89 88/88/88
f 93/93/93 92/92/92 91/91/91
f 96/96/96 95/95/95 94/94/94
f 99/99/99 98/98/98 97/97/97
f 102/102/102 101/101/101 100/100/100
f 105/105/105 104/104/104 103/103/103
f 108/108/108 107/107/107 106/106/106
f 111/111/111 110/110/110 109/109/109
f 114/114/114 113/113/113 112/112/112
f 117/117/117 116/116/116 115/115/115
f 120/120/120 119/119/119 118/118/118
f 123/123/123 122/122/122 121/121/121
f 126/126/126 125/125/125 124/124/124
f 129/129/129 128/128/128 127/127/127
f 132/132/132 131/131/131 130/130/130
f 135/135/135 134/134/134 133/133/133
f 138/138/138 137/137/137 136/136/136
f 141/141/141 140/140/140 139/139/139
f 144/144/144 143/143/143 142/142/142
f 147/147/147 146/146/146 145/145/145
f 150/150/150 149/149/149 148/148/148
f 153/153/153 152/152/152 151/151/151
f 156/156/156 155/155/155 154/154/154
f 159/159/159 158/158/158 157/157/157
f 162/162/162 161/161/161 160/160/160
f 165/165/165 164/164/164 163/163/163
f 168/168/168 167/167/167 166/166/166
f 171/171/171 170/170/170 169/169/169
f 174/174/174 173/173/173 172/172/172
f 177/177/177 176/176/176 175/175/175
f 180/180/180 179/179/179 178/178/178
f 183/183/183 182/182/182 181/181/181
f 186/186/186 185/185/185 184/184/184
f 189/189/189 188/188/188 187/187/187
f 192/192/192 191/191/191 190/190/190
f 195/195/195 194/194/194 193/193/193
f 198/198/198 197/197/197 196/196/196
f 201/201/201 200/200/200 199/199/199
f 204/204/204 203/203/203 202/202/202
f 207/207/207 206/206/206 205/205/205
f 210/210/210 209/209/209 208/208/208
f 213/213/213 212/212/212 211/211/211
f 216/216/216 215/215/215 214/214/214
f 219/219/219 218/218/218 217/217/217
f 222/222/222 221/221/221 220/220/220
f 225/225/225 224/224/224 223/223/223
f 228/228/228 227/227/227 226/226/226
f 231/231/231 230/230/230 229/229/229
f 234/234/234 233/233/233 232/232/232
f 237/237/237 236/236/236 235/235/235
f 240/240/240 239/239/239 238/238/238
f 243/243/243 242/242/242 241/241/241
f 246/246/246 245/245/245 244/244/244
f 249/249/249 248/248/248 247/247/247
f 252/252/252 251/251/251 250/250/250
f 255/255/255 254/254/254 253/253/253
f 258/258/258 257/257/257 256/256/256
f 261/261/261 260/260/260 259/259/259
f 264/264/264 263/263/263 262/262/262
f 267/267/267 266/266/266 265/265/265
f 270/270/270 269/269/269 268/268/268
f 273/273/273 272/272/272 271/271/271
f 276/276/276 275/275/275 274/274/274
f 279/279/279 278/278/278 277/277/277
f 282/282/282 281/281/281 280/280/280
f 285/285/285 284/284/284 283/283/283
f 288/288/288 287/287/287 286/286/286
f 291/291/291 290/290/290 289/289/289
f 294/294/294 293/293/293 292/292/292
f 297/297/297 296/296/296 295/295/295
f 300/300/300 299/299/299 298/298/298
f 303/303/303 302/302/302 301/301/301
f 306/306/306 305/305/305 304/304/304
f 309/309/309 308/308/308 307/307/307
f 312/312/312 311/311/311 310/310/310
f 315/315/315 314/314/314 313/313/313
f 318/318/318 317/317/317 316/316/316
f 321/321/321 320/320/320 319/319/319
f 324/324/324 323/323/323 322/322/322
f 327/327/327 326/326/326 325/325/325
f 330/330/330 329/329/329 328/328/328
f 333/333/333 332/332/332 331/331/331
f 336/336/336 335/335/335 334/334/334
f 339/339/339 338/338/338 337/337/337
f 342/342/342 341/341/341 340/340/340
f 345/345/345 344/344/344 343/343/343
f 348/348/348 347/347/347 346/346/346
f 351/351/351 350/350/350 349/349/349
f 354/354/354 353/353/353 352/352/352
f 357/357/357 356/356/356 355/355/355
f 360/360/360 359/359/359 358/358/358
f 363/363/363 362/362/362 361/361/361
f 366/366/366 365/365/365 364/364/364
f 369/369/369 368/368/368 367/367/367
f 372/372/372 371/371/371 370/370/370
f 375/375/375 374/374/374 373/373/373
f 378/378/378 377/377/377 376/376/376
f 381/381/381 380/380/380 379/379/379
f 384/384/384 383/383/383 382/382/382
f 387/387/387 386/386/386 385/385/385
f 390/390/390 389/389/389 388/388/388
f 393/393/393 392/392/392 391/391/391
f 396/396/396 395/395/395 394/394/394
f 399/399/399 398/398/398 397/397/397
f 402/402/402 401/401/401 400/400/400
f 405/405/405 404/404/404 403/403/403
f 408/408/408 407/407/407 406/406/406
f 411/411/411 410/410/410 409/409/409
f 414/414/414 413/413/413 412/412/412
f 417/417/417 416/416/416 415/415/415
f 420/420/420 419/419/419 418/418/418
f 423/423/423 422/422/422 421/421/421
f 426/426/426 425/425/425 424/424/424
f 429/429/429 428/428/428 427/427/427
f 432/432/432 431/431/431 430/430/430
f 435/435/435 434/434/434 433/433/433
f 438/438/438 437/437/437 436/436/436
f 441/441/441 440/440/440 439/439/439
f 444/444/444 443/443/443 442/442/442
f 447/447/447 446/446/446 445/445/445
f 450/450/450 449/449/449 448/448/448
f 453/453/453 452/452/452 451/451/451
f 456/456/456 455/455/455 454/454/454
f 459/459/459 458/458/458 457/457/457
f 462/462/462 461/461/461 460/460/460
f 465/465/465 464/464/464 463/463/463
f 468/468/468 467/467/467 466/466/466
f 471/471/471 470/470/470 469/469/469
f 474/474/474 473/473/473 472/472/472
f 477/477/477 476/476/476 475/475/475
f 480/480/480 479/479/479 478/478/478
f 483/483/483 482/482/482 481/481/481
f 486/486/486 485/485/485 484/484/484
f 489/489/489 488/488/488 487/487/487
f 492/492/492 491/491/491 490/490/490
f 495/495/495 494/494/494 493/493/493
f 498/498/498 497/497/497 496/496/496
f 501/501/501 500/500/500 499/499/499
f 504/504/504 503/503/503 502/502/502
f 507/507/507 506/506/506 505/505/505
f 510/510/510 509/509/509 508/508/508
f 513/513/513 512/512/512 511/511/511
f 516/516/516 515/515/515 514/514/514
f 519/519/519 518/518/518 517/517/517
f 522/522/522 521/521/521 520/520/520
f 525/525/525 524/524/524 523/523/523
f 528/528/528 527/527/527 526/526/526
f 531/531/531 530/530/530 529/529/529
f 534/534/534 533/533/533 532/532/532
f 537/537/537 536/536/536 535/535/535
f 540/540/540 539/539/539 538/538/538
f 543/543/543 542/542/542 541/541/541
f 546/546/546 545/545/545 544/544/544
f 549/549/549 548/548/548 547/547/547
f 552/552/552 551/551/551 550/550/550
f 555/555/555 554/554/554 553/553/553
f 558/558/558 557/557/557 556/556/556
f 561/561/561 560/560/560 559/559/559
f 564/564/564 563/563/563 562/562/562
f 567/567/567 566/566/566 565/565/565
f 570/570/570 569/569/569 568/568/568
f 573/573/573 572/572/572 571/571/571
f 576/576/576 575/575/575 574/574/574
f 579/579/579 578/578/578 577/577/577
f 582/582/582 581/581/581 580/580/580
f 585/585/585 584/584/584 583/583/583
f 588/588/588 587/587/587 586/586/586
f 591/591/591 590/590/590 589/589/589
f 594/594/594 593/593/593 592/592/592
f 597/597/597 596/596/596 595/595/595
f 600/600/600 599/599/599 598/598/598
f 603/603/603 602/602/602 601/601/601
f 606/606/606 605/605/605 604/604/604
f 609/609/609 608/608/608 607/607/607
f 612/612/612 611/611/611 610/610/610
f 615/615/615 614/614/614 613/613/613
f 618/618/618 617/617/617 616/616/616
f 621/621/621 620/620/620 619/619/619
f 624/624/624 623/623/623 622/622/622
f 627/627/627 626/626/626 625/625/625
f 630/630/630 629/629/629 628/628/628
f 633/633/633 632/632/632 631/631/631
f 636/636/636 635/635/635 634/634/634
f 639/639/639 638/638/638 637/637/637
f 642/642/642 641/641/641 640/640/640
f 645/645/645 644/644/644 643/643/643
f 648/648/648 647/647/647 646/646/646
f 651/651/651 650/650/650 649/649/649
f 654/654/654 653/653/653 652/652/652
f 657/657/657 656/656/656 655/655/655
f 660/660/660 659/659/659 658/658/658
f 663/663/663 662/662/662 661/661/661
f 666/666/666 665/665/665 664/664/664
f 669/669/669 668/668/668 667/667/667
f 672/672/672 671/671/671 670/670/670
f 675/675/675 674/674/674 673/673/673
f 678/678/678 677/677/677 676/676/676
f 681/681/681 680/680/680 679/679/679
f 684/684/684 683/683/683 682/682/682
f 687/687/687 686/686/686 685/685/685
f 690/690/690 689/689/689 688/688/688
f 693/693/693 692/692/692 691/691/691
f 696/696/696 695/695/695 694/694/694
f 699/699/699 698/698/698 697/697/697
f 702/702/702 701/701/701 700/700/700
f 705/705/705 704/704/704 703/703/703
f 708/708/708 707/707/707 706/706/706
f 711/711/711 710/710/710 709/709/709
f 714/714/714 713/713/713 712/712/712
f 717/717/717 716/716/716 715/715/715
f 720/720/720 719/719/719 718/718/718
f 723/723/723 722/722/722 721/721/721
f 726/726/726 725/725/725 724/724/724
f 729/729/729 728/728/728 727/727/727
f 732/732/732 731/731/731 730/730/730
f 735/735/735 734/734/734 733/733/733
f 738/738/738 737/737/737 736/736/736
f 741/741/741 740/740/740 739/739/739
f 744/744/744 743/743/743 742/742/742
f 747/747/747 746/746/746 745/745/745
f 750/750/750 749/749/749 748/748/748
f 753/753/753 752/752/752 751/751/751
f 756/756/756 755/755/755 754/754/754
f 759/759/759 758/758/758 757/757/757
f 762/762/762 761/761/761 760/760/760
f 765/765/765 764/764/764 763/763/763
f 768/768/768 767/767/767 766/766/766
f 771/771/771 770/770/770 769/769/769
f 774/774/774 773/773/773 772/772/772
f 777/777/777 776/776/776 775/775/775
f 780/780/780 779/779/779 778/778/778
f 783/783/783 782/782/782 781/781/781
f 786/786/786 785/785/785 784/784/784
f 789/789/789 788/788/788 787/787/787
f 792/792/792 791/791/791 790/790/790
f 795/795/795 794/794/794 793/793/793
f 798/798/798 797/797/797 796/796/796
f 801/801/801 800/800/800 799/799/799
f 804/804/804 803/803/803 802/802/802
f 807/807/807 806/806/806 805/805/805
f 810/810/810 809/809/809 808/808/808
f 813/813/813 812/812/812 811/811/811
f 816/816/816 815/815/815 814/814/814
f 819/819/819 818/818/818 817/817/817
f 822/822/822 821/821/821 820/820/820
f 825/825/825 824/824/824 823/823/823
f 828/828/828 827/827/827 826/826/826
f 831/831/831 830/830/830 829/829/829
f 834/834/834 833/833/833 832/832/832
f 837/837/837 836/836/836 835/835/835
f 840/840/840 839/839/839 838/838/838
f 843/843/843 842/842/842 841/841/841
f 846/846/846 845/845/845 844/844/844
f 849/849/849 848/848/848 847/847/847
f 852/852/852 851/851/851 850/850/850
f 855/855/855 854/854/854 853/853/853
f 858/858/858 857/857/857 856/856/856
f 861/861/861 860/860/860 859/859/859
f 864/864/864 863/863/863 862/862/862
f 867/867/867 866/866/866 865/865/865
f 870/870/870 869/869/869 868/868/868
f 873/873/873 872/872/872 871/871/871
f 876/876/876 875/875/875 874/874/874
f 879/879/879 878/878/878 877/877/877
f 882/882/882 881/881/881 880/880/880
f 885/885/885 884/884/884 883/883/883
f 888/888/888 887/887/887 886/886/886
f 891/891/891 890/890/890 889/889/889
f 894/894/894 893/893/893 892/892/892
f 897/897/897 896/896/896 895/895/895
f 900/900/900 899/899/899 898/898/898
f 903/903/903 902/902/902 901/901/901
f 906/906/906 905/905/905 904/904/904
f 909/909/909 908/908/908 907/907/907
f 912/912/912 911/911/911 910/910/910
f 915/915/915 914/914/914 913/913/913
f 918/918/918 917/917/917 916/916/916
f 921/921/921 920/920/920 919/919/919
f 924/924/924 923/923/923 922/922/922
f 927/927/927 926/926/926 925/925/925
f 930/930/930 929/929/929 928/928/928
f 933/933/933 932/932/932 931/931/931
f 936/936/936 935/935/935 934/934/934
f 939/939/939 938/938/938 937/937/937
f 942/942/942 941/941/941 940/940/940
f 945/945/945 944/944/944 943/943/943
f 948/948/948 947/947/947 946/946/946
f 951/951/951 950/950/950 949/949/949
f 954/954/954 953/953/953 952/952/952
f 957/957/957 956/956/956 955/955/955
f 960/960/960 959/959/959 958/958/958
f 963/963/963 962/962/962 961/961/961
f 966/966/966 965/965/965 964/964/964
f 969/969/969 968/968/968 967/967/967
f 972/972/972 971/971/971 970/970/970
f 975/975/975 974/974/974 973/973/973
f 978/978/978 977/977/977 976/976/976
f 981/981/981 980/980/980 979/979/979
f 984/984/984 983/983/983 982/982/982
f 987/987/987 986/986/986 985/985/985
f 990/990/990 989/989/989 988/988/988
f 993/993/993 992/992/992 991/991/991
f 996/996/996 995/995/995 994/994/994
f 999/999/999 998/998/998 997/997/997
f 1002/1002/1002 1001/1001/1001 1000/1000/1000
f 1005/1005/1005 1004/1004/1004 1003/1003/1003
f 1008/1008/1008 1007/1007/1007 1006/1006/1006
f 1011/1011/1011 1010/1010/1010 1009/1009/1009
f 1014/1014/1014 1013/1013/1013 1012/1012/1012
f 1017/1017/1017 1016/1016/1016 1015/1015/1015
f 1020/1020/1020 1019/1019/1019 1018/1018/1018
f 1023/1023/1023 1022/1022/1022 1021/1021/1021
f 1026/1026/1026 1025/1025/1025 1024/1024/1024
f 1029/1029/1029 1028/1028/1028 1027/1027/1027
f 1032/1032/1032 1031/1031/1031 1030/1030/1030
f 1035/1035/1035 1034/1034/1034 1033/1033/1033
f 1038/1038/1038 1037/1037/1037 1036/1036/1036
f 1041/1041/1041 1040/1040/1040 1039/1039/1039
f 1044/1044/1044 1043/1043/1043 1042/1042/1042
f 1047/1047/1047 1046/1046/1046 1045/1045/1045
f 1050/1050/1050 1049/1049/1049 1048/1048/1048
f 1053/1053/1053 1052/1052/1052 1051/1051/1051
f 1056/1056/1056 1055/1055/1055 1054/1054/1054
f 1059/1059/1059 1058/1058/1058 1057/1057/1057
f 1062/1062/1062 1061/1061/1061 1060/1060/1060
f 1065/1065/1065 1064/1064/1064 1063/1063/1063
f 1068/1068/1068 1067/1067/1067 1066/1066/1066
f 1071/1071/1071 1070/1070/1070 1069/1069/1069
f 1074/1074/1074 1073/1073/1073 1072/1072/1072
f 1077/1077/1077 1076/1076/1076 1075/1075/1075
f 1080/1080/1080 1079/1079/1079 1078/1078/1078
f 1083/1083/1083 1082/1082/1082 1081/1081/1081
f 1086/1086/1086 1085/1085/1085 1084/1084/1084
f 1089/1089/1089 1088/1088/1088 1087/1087/1087
f 1092/1092/1092 1091/1091/1091 1090/1090/1090
f 1095/1095/1095 1094/1094/1094 1093/1093/1093
f 1098/1098/1098 1097/1097/1097 1096/1096/1096
f 1101/1101/1101 1100/1100/1100 1099/1099/1099
f 1104/1104/1104 1103/1103/1103 1102/1102/1102
f 1107/1107/1107 1106/1106/1106 1105/1105/1105
f 1110/1110/1110 1109/1109/1109 1108/1108/1108
f 1113/1113/1113 1112/1112/1112 1111/1111/1111
f 1116/1116/1116 1115/1115/1115 1114/1114/1114
f 1119/1119/1119 1118/1118/1118 1117/1117/1117
f 1122/1122/1122 1121/1121/1121 1120/1120/1120
f 1125/1125/1125 1124/1124/1124 1123/1123/1123
f 1128/1128/1128 1127/1127/1127 1126/1126/1126
f 1131/1131/1131 1130/1130/1130 1129/1129/1129
f 1134/1134/1134 1133/1133/1133 1132/1132/1132
f 1137/1137/1137 1136/1136/1136 1135/1135/1135
f 1140/1140/1140 1139/1139/1139 1138/1138/1138
f 1143/1143/1143 1142/1142/1142 1141/1141/1141
f 1146/1146/1146 1145/1145/1145 1144/1144/1144
f 1149/1149/1149 1148/1148/1148 1147/1147/1147
f 1152/1152/1152 1151/1151/1151 1150/1150/1150
f 1155/1155/1155 1154/1154/1154 1153/1153/1153
f 1158/1158/1158 1157/1157/1157 1156/1156/1156
f 1161/1161/1161 1160/1160/1160 1159/1159/1159
f 1164/1164/1164 1163/1163/1163 1162/1162/1162
f 1167/1167/1167 1166/1166/1166 1165/1165/1165
f 1170/1170/1170 1169/1169/1169 1168/1168/1168
f 1173/1173/1173 1172/1172/1172 1171/1171/1171
f 1176/1176/1176 1175/1175/1175 1174/1174/1174
f 1179/1179/1179 1178/1178/1178 1177/1177/1177
f 1182/1182/1182 1181/1181/1181 1180/1180/1180
f 1185/1185/1185 1184/1184/1184 1183/1183/1183
f 1188/1188/1188 1187/1187/1187 1186/1186/1186
f 1191/1191/1191 1190/1190/1190 1189/1189/1189
f 1194/1194/1194 1193/1193/1193 1192/1192/1192
f 1197/1197/1197 1196/1196/1196 1195/1195/1195
f 1200/1200/1200 1199/1199/1199 1198/1198/1198
f 1203/1203/1203 1202/1202/1202 1201/1201/1201
f 1206/1206/1206 1205/1205/1205 1204/1204/1204
f 1209/1209/1209 1208/1208/1208 1207/1207/1207
f 1212/1212/1212 1211/1211/1211 1210/1210/1210
f 1215/1215/1215 1214/1214/1214 1213/1213/1213
f 1218/1218/1218 1217/1217/1217 1216/1216/1216
f 1221/1221/1221 1220/1220/1220 1219/1219/1219
f 1224/1224/1224 1223/1223/1223 1222/1222/1222
f 1227/1227/1227 1226/1226/1226 1225/1225/1225
f 1230/1230/1230 1229/1229/1229 1228/1228/1228
f 1233/1233/1233 1232/1232/1232 1231/1231/1231
f 1236/1236/1236 1235/1235/1235 1234/1234/1234
f 1239/1239/1239 1238/1238/1238 1237/1237/1237
f 1242/1242/1242 1241/1241/1241 1240/1240/1240
f 1245/1245/1245 1244/1244/1244 1243/1243/1243
f 1248/1248/1248 1247/1247/1247 1246/1246/1246
f 1251/1251/1251 1250/1250/1250 1249/1249/1249
f 1254/1254/1254 1253/1253/1253 1252/1252/1252
f 1257/1257/1257 1256/1256/1256 1255/1255/1255
f 1260/1260/1260 1259/1259/1259 1258/1258/1258
f 1263/1263/1263 1262/1262/1262 1261/1261/1261
f 1266/1266/1266 1265/1265/1265 1264/1264/1264
f 1269/1269/1269 1268/1268/1268 1267/1267/1267
f 1272/1272/1272 1271/1271/1271 1270/1270/1270
f 1275/1275/1275 1274/1274/1274 1273/1273/1273
f 1278/1278/1278 1277/1277/1277 1276/1276/1276
f 1281/1281/1281 1280/1280/1280 1279/1279/1279
f 1284/1284/1284 1283/1283/1283 1282/1282/1282
f 1287/1287/1287 1286/1286/1286 1285/1285/1285
f 1290/1290/1290 1289/1289/1289 1288/1288/1288
f 1293/1293/1293 1292/1292/1292 1291/1291/1291
f 1296/1296/1296 1295/1295/1295 1294/1294/1294
f 1299/1299/1299 1298/1298/1298 1297/1297/1297
f 1302/1302/1302 1301/1301/1301 1300/1300/1300
f 1305/1305/1305 1304/1304/1304 1303/1303/1303
f 1308/1308/1308 1307/1307/1307 1306/1306/1306
f 1311/1311/1311 1310/1310/1310 1309/1309/1309
f 1314/1314/1314 1313/1313/1313 1312/1312/1312
f 1317/1317/1317 1316/1316/1316 1315/1315/1315
f 1320/1320/1320 1319/1319/1319 1318/1318/1318
f 1323/1323/1323 1322/1322/1322 1321/1321/1321
f 1326/1326/1326 1325/1325/1325 1324/1324/1324
f 1329/1329/1329 1328/1328/1328 1327/1327/1327
f 1332/1332/1332 1331/1331/1331 1330/1330/1330
f 1335/1335/1335 1334/1334/1334 1333/1333/1333
f 1338/1338/1338 1337/1337/1337 1336/1336/1336
f 1341/1341/1341 1340/1340/1340 1339/1339/1339
f 1344/1344/1344 1343/1343/1343 1342/1342/1342
f 1347/1347/1347 1346/1346/1346 1345/1345/1345
f 1350/1350/1350 1349/1349/1349 1348/1348/1348
f 1353/1353/1353 1352/1352/1352 1351/1351/1351
f 1356/1356/1356 1355/1355/1355 1354/1354/1354
f 1359/1359/1359 1358/1358/1358 1357/1357/1357
f 1362/1362/1362 1361/1361/1361 1360/1360/1360
f 1365/1365/1365 1364/1364/1364 1363/1363/1363
f 1368/1368/1368 1367/1367/1367 1366/1366/1366
f 1371/1371/1371 1370/1370/1370 1369/1369/1369
f 1374/1374/1374 1373/1373/1373 1372/1372/1372
f 1377/1377/1377 1376/1376/1376 1375/1375/1375
f 1380/1380/1380 1379/1379/1379 1378/1378/1378
f 1383/1383/1383 1382/1382/1382 1381/1381/1381
f 1386/1386/1386 1385/1385/1385 1384/1384/1384
f 1389/1389/1389 1388/1388/1388 1387/1387/1387
f 1392/1392/1392 1391/1391/1391 1390/1390/1390
f 1395/1395/1395 1394/1394/1394 1393/1393/1393
f 1398/1398/1398 1397/1397/1397 1396/1396/1396
f 1401/1401/1401 1400/1400/1400 1399/1399/1399
f 1404/1404/1404 1403/1403/1403 1402/1402/1402
f 1407/1407/1407 1406/1406/1406 1405/1405/1405
f 1410/1410/1410 1409/1409/1409 1408/1408/1408
f 1413/1413/1413 1412/1412/1412 1411/1411/1411
f 1416/1416/1416 1415/1415/1415 1414/1414/1414
f 1419/1419/1419 1418/1418/1418 1417/1417/1417
f 1422/1422/1422 1421/1421/1421 1420/1420/1420
f 1425/1425/1425 1424/1424/1424 1423/1423/1423
f 1428/1428/1428 1427/1427/1427 1426/1426/1426
f 1431/1431/1431 1430/1430/1430 1429/1429/1429
f 1434/1434/1434 1433/1433/1433 1432/1432/1432
f 1437/1437/1437 1436/1436/1436 1435/1435/1435
f 1440/1440/1440 1439/1439/1439 1438/1438/1438
f 1443/1443/1443 1442/1442/1442 1441/1441/1441
f 1446/1446/1446 1445/1445/1445 1444/1444/1444
f 1449/1449/1449 1448/1448/1448 1447/1447/1447
f 1452/1452/1452 1451/1451/1451 1450/1450/1450
f 1455/1455/1455 1454/1454/1454 1453/1453/1453
f 1458/1458/1458 1457/1457/1457 1456/1456/1456
f 1461/1461/1461 1460/1460/1460 1459/1459/1459
f 1464/1464/1464 1463/1463/1463 1462/1462/1462
f 1467/1467/1467 1466/1466/1466 1465/1465/1465
f 1470/1470/1470 1469/1469/1469 1468/1468/1468
f 1473/1473/1473 1472/1472/1472 1471/1471/1471
f 1476/1476/1476 1475/1475/1475 1474/1474/1474
f 1479/1479/1479 1478/1478/1478 1477/1477/1477
f 1482/1482/1482 1481/1481/1481 1480/1480/1480
f 1485/1485/1485 1484/1484/1484 1483/1483/1483
f 1488/1488/1488 1487/1487/1487 1486/1486/1486
f 1491/1491/1491 1490/1490/1490 1489/1489/1489
f 1494/1494/1494 1493/1493/1493 1492/1492/1492
f 1497/1497/1497 1496/1496/1496 1495/1495/1495
f 1500/1500/1500 1499/1499/1499 1498/1498/1498
f 1503/1503/1503 1502/1502/1502 1501/1501/1501
f 1506/1506/1506 1505/1505/1505 1504/1504/1504
f 1509/1509/1509 1508/1508/1508 1507/1507/1507
f 1512/1512/1512 1511/1511/1511 1510/1510/1510
f 1515/1515/1515 1514/1514/1514 1513/1513/1513
f 1518/1518/1518 1517/1517/1517 1516/1516/1516
f 1521/1521/1521 1520/1520/1520 1519/1519/1519
f 1524/1524/1524 1523/1523/1523 1522/1522/1522
f 1527/1527/1527 1526/1526/1526 1525/1525/1525
f 1530/1530/1530 1529/1529/1529 1528/1528/1528
f 1533/1533/1533 1532/1532/1532 1531/1531/1531
f 1536/1536/1536 1535/1535/1535 1534/1534/1534
f 1539/1539/1539 1538/1538/1538 1537/1537/1537
f 1542/1542/1542 1541/1541/1541 1540/1540/1540
f 1545/1545/1545 1544/1544/1544 1543/1543/1543
f 1548/1548/1548 1547/1547/1547 1546/1546/1546
f 1551/1551/1551 1550/1550/1550 1549/1549/1549
f 1554/1554/1554 1553/1553/1553 1552/1552/1552
f 1557/1557/1557 1556/1556/1556 1555/1555/1555
f 1560/1560/1560 1559/1559/1559 1558/1558/1558
f 1563/1563/1563 1562/1562/1562 1561/1561/1561
f 1566/1566/1566 1565/1565/1565 1564/1564/1564
f 1569/1569/1569 1568/1568/1568 1567/1567/1567
f 1572/1572/1572 1571/1571/1571 1570/1570/1570
f 1575/1575/1575 1574/1574/1574 1573/1573/1573
f 1578/1578/1578 1577/1577/1577 1576/1576/1576
f 1581/1581/1581 1580/1580/1580 1579/1579/1579
f 1584/1584/1584 1583/1583/1583 1582/1582/1582
f 1587/1587/1587 1586/1586/1586 1585/1585/1585
f 1590/1590/1590 1589/1589/1589 1588/1588/1588
f 1593/1593/1593 1592/1592/1592 1591/1591/1591
f 1596/1596/1596 1595/1595/1595 1594/1594/1594
f 1599/1599/1599 1598/1598/1598 1597/1597/1597
f 1602/1602/1602 1601/1601/1601 1600/1600/1600
f 1605/1605/1605 1604/1604/1604 1603/1603/1603
f 1608/1608/1608 1607/1607/1607 1606/1606/1606
f 1611/1611/1611 1610/1610/1610 1609/1609/1609
f 1614/1614/1614 1613/1613/1613 1612/1612/1612
f 1617/1617/1617 1616/1616/1616 1615/1615/1615
f 1620/1620/1620 1619/1619/1619 1618/1618/1618
f 1623/1623/1623 1622/1622/1622 1621/1621/1621
f 1626/1626/1626 1625/1625/1625 1624/1624/1624
f 1629/1629/1629 1628/1628/1628 1627/1627/1627
f 1632/1632/1632 1631/1631/1631 1630/1630/1630
f 1635/1635/1635 1634/1634/1634 1633/1633/1633
f 1638/1638/1638 1637/1637/1637 1636/1636/1636
f 1641/1641/1641 1640/1640/1640 1639/1639/1639
f 1644/1644/1644 1643/1643/1643 1642/1642/1642
f 1647/1647/1647 1646/1646/1646 1645/1645/1645
f 1650/1650/1650 1649/1649/1649 1648/1648/1648
f 1653/1653/1653 1652/1652/1652 1651/1651/1651
f 1656/1656/1656 1655/1655/1655 1654/1654/1654
f 1659/1659/1659 1658/1658/1658 1657/1657/1657
f 1662/1662/1662 1661/1661/1661 1660/1660/1660
f 1665/1665/1665 1664/1664/1664 1663/1663/1663
f 1668/1668/1668 1667/1667/1667 1666/1666/1666
f 1671/1671/1671 1670/1670/1670 1669/1669/1669
f 1674/1674/1674 1673/1673/1673 1672/1672/1672
f 1677/1677/1677 1676/1676/1676 1675/1675/1675
f 1680/1680/1680 1679/1679/1679 1678/1678/1678
f 1683/1683/1683 1682/1682/1682 1681/1681/1681
f 1686/1686/1686 1685/1685/1685 1684/1684/1684
f 1689/1689/1689 1688/1688/1688 1687/1687/1687
f 1692/1692/1692 1691/1691/1691 1690/1690/1690
f 1695/1695/1695 1694/1694/1694 1693/1693/1693
f 1698/1698/1698 1697/1697/1697 1696/1696/1696
f 1701/1701/1701 1700/1700/1700 1699/1699/1699
f 1704/1704/1704 1703/1703/1703 1702/1702/1702
f 1707/1707/1707 1706/1706/1706 1705/1705/1705
f 1710/1710/1710 1709/1709/1709 1708/1708/1708
f 1713/1713/1713 1712/1712/1712 1711/1711/1711
f 1716/1716/1716 1715/1715/1715 1714/1714/1714
f 1719/1719/1719 1718/1718/1718 1717/1717/1717
f 1722/1722/1722 1721/1721/1721 1720/1720/1720
f 1725/1725/1725 1724/1724/1724 1723/1723/1723
f 1728/1728/1728 1727/1727/1727 1726/1726/1726
f 1731/1731/1731 1730/1730/1730 1729/1729/1729
f 1734/1734/1734 1733/1733/1733 1732/1732/1732
f 1737/1737/1737 1736/1736/1736 1735/1735/1735
f 1740/1740/1740 1739/1739/1739 1738/1738/1738
f 1743/1743/1743 1742/1742/1742 1741/1741/1741
f 1746/1746/1746 1745/1745/1745 1744/1744/1744
f 1749/1749/1749 1748/1748/1748 1747/1747/1747
f 1752/1752/1752 1751/1751/1751 1750/1750/1750
f 1755/1755/1755 1754/1754/1754 1753/1753/1753
f 1758/1758/1758 1757/1757/1757 1756/1756/1756
f 1761/1761/1761 1760/1760/1760 1759/1759/1759
f 1764/1764/1764 1763/1763/1763 1762/1762/1762
f 1767/1767/1767 1766/1766/1766 1765/1765/1765
f 1770/1770/1770 1769/1769/1769 1768/1768/1768
f 1773/1773/1773 1772/1772/1772 1771/1771/1771
f 1776/1776/1776 1775/1775/1775 1774/1774/1774
f 1779/1779/1779 1778/1778/1778 1777/1777/1777
f 1782/1782/1782 1781/1781/1781 1780/1780/1780
f 1785/1785/1785 1784/1784/1784 1783/1783/1783
f 1788/1788/1788 1787/1787/1787 1786/1786/1786
f 1791/1791/1791 1790/1790/1790 1789/1789/1789
f 1794/1794/1794 1793/1793/1793 1792/1792/1792
f 1797/1797/1797 1796/1796/1796 1795/1795/1795
f 1800/1800/1800 1799/1799/1799 1798/1798/1798
f 1803/1803/1803 1802/1802/1802 1801/1801/1801
f 1806/1806/1806 1805/1805/1805 1804/1804/1804
f 1809/1809/1809 1808/1808/1808 1807/1807/1807
f 1812/1812/1812 1811/1811/1811 1810/1810/1810
f 1815/1815/1815 1814/1814/1814 1813/1813/1813
f 1818/1818/1818 1817/1817/1817 1816/1816/1816
f 1821/1821/1821 1820/1820/1820 1819/1819/1819
f 1824/1824/1824 1823/1823/1823 1822/1822/1822
f 1827/1827/1827 1826/1826/1826 1825/1825/1825
f 1830/1830/1830 1829/1829/1829 1828/1828/1828
f 1833/1833/1833 1832/1832/1832 1831/1831/1831
f 1836/1836/1836 1835/1835/1835 1834/1834/1834
f 1839/1839/1839 1838/1838/1838 1837/1837/1837
f 1842/1842/1842 1841/1841/1841 1840/1840/1840
f 1845/1845/1845 1844/1844/1844 1843/1843/1843
f 1848/1848/1848 1847/1847/1847 1846/1846/1846
f 1851/1851/1851 1850/1850/1850 1849/1849/1849
f 1854/1854/1854 1853/1853/1853 1852/1852/1852
f 1857/1857/1857 1856/1856/1856 1855/1855/1855
f 1860/1860/1860 1859/1859/1859 1858/1858/1858
f 1863/1863/1863 1862/1862/1862 1861/1861/1861
f 1866/1866/1866 1865/1865/1865 1864/1864/1864
f 1869/1869/1869 1868/1868/1868 1867/1867/1867
f 1872/1872/1872 1871/1871/1871 1870/1870/1870
f 1875/1875/1875 1874/1874/1874 1873/1873/1873
f 1878/1878/1878 1877/1877/1877 1876/1876/1876
f 1881/1881/1881 1880/1880/1880 1879/1879/1879
f 1884/1884/1884 1883/1883/1883 1882/1882/1882
f 1887/1887/1887 1886/1886/1886 1885/1885/1885
f 1890/1890/1890 1889/1889/1889 1888/1888/1888
f 1893/1893/1893 1892/1892/1892 1891/1891/1891
f 1896/1896/1896 1895/1895/1895 1894/1894/1894
f 1899/1899/1899 1898/1898/1898 1897/1897/1897
f 1902/1902/1902 1901/1901/1901 1900/1900/1900
f 1905/1905/1905 1904/1904/1904 1903/1903/1903
f 1908/1908/1908 1907/1907/1907 1906/1906/1906
f 1911/1911/1911 1910/1910/1910 1909/1909/1909
f 1914/1914/1914 1913/1913/1913 1912/1912/1912
f 1917/1917/1917 1916/1916/1916 1915/1915/1915
f 1920/1920/1920 1919/1919/1919 1918/1918/1918
f 1923/1923/1923 1922/1922/1922 1921/1921/1921
f 1926/1926/1926 1925/1925/1925 1924/1924/1924
f 1929/1929/1929 1928/1928/1928 1927/1927/1927
f 1932/1932/1932 1931/1931/1931 1930/1930/1930
f 1935/1935/1935 1934/1934/1934 1933/1933/1933
f 1938/1938/1938 1937/1937/1937 1936/1936/1936
f 1941/1941/1941 1940/1940/1940 1939/1939/1939
f 1944/1944/1944 1943/1943/1943 1942/1942/1942
f 1947/1947/1947 1946/1946/1946 1945/1945/1945
f 1950/1950/1950 1949/1949/1949 1948/1948/1948
f 1953/1953/1953 1952/1952/1952 1951/1951/1951
f 1956/1956/1956 1955/1955/1955 1954/1954/1954
f 1959/1959/1959 1958/1958/1958 1957/1957/1957
f 1962/1962/1962 1961/1961/1961 1960/1960/1960
f 1965/1965/1965 1964/1964/1964 1963/1963/1963
f 1968/1968/1968 1967/1967/1967 1966/1966/1966
f 1971/1971/1971 1970/1970/1970 1969/1969/1969
f 1974/1974/1974 1973/1973/1973 1972/1972/1972
f 1977/1977/1977 1976/1976/1976 1975/1975/1975
f 1980/1980/1980 1979/1979/1979 1978/1978/1978
f 1983/1983/1983 1982/1982/1982 1981/1981/1981
f 1986/1986/1986 1985/1985/1985 1984/1984/1984
f 1989/1989/1989 1988/1988/1988 1987/1987/1987
f 1992/1992/1992 1991/1991/1991 1990/1990/1990
f 1995/1995/1995 1994/1994/1994 1993/1993/1993
f 1998/1998/1998 1997/1997/1997 1996/1996/1996
f 2001/2001/2001 2000/2000/2000 1999/1999/1999
f 2004/2004/2004 2003/2003/2003 2002/2002/2002
f 2007/2007/2007 2006/2006/2006 2005/2005/2005
f 2010/2010/2010 2009/2009/2009 2008/2008/2008
f 2013/2013/2013 2012/2012/2012 2011/2011/2011
f 2016/2016/2016 2015/2015/2015 2014/2014/2014
f 2019/2019/2019 2018/2018/2018 2017/2017/2017
f 2022/2022/2022 2021/2021/2021 2020/2020/2020
f 2025/2025/2025 2024/2024/2024 2023/2023/2023
f 2028/2028/2028 2027/2027/2027 2026/2026/2026
f 2031/2031/2031 2030/2030/2030 2029/2029/2029
f 2034/2034/2034 2033/2033/2033 2032/2032/2032
f 2037/2037/2037 2036/2036/2036 2035/2035/2035
f 2040/2040/2040 2039/2039/2039 2038/2038/2038
f 2043/2043/2043 2042/2042/2042 2041/2041/2041
f 2046/2046/2046 2045/2045/2045 2044/2044/2044
f 2049/2049/2049 2048/2048/2048 2047/2047/2047
f 2052/2052/2052 2051/2051/2051 2050/2050/2050
f 2055/2055/2055 2054/2054/2054 2053/2053/2053
f 2058/2058/2058 2057/2057/2057 2056/2056/2056
f 2061/2061/2061 2060/2060/2060 2059/2059/2059
f 2064/2064/2064 2063/2063/2063 2062/2062/2062
f 2067/2067/2067 2066/2066/2066 2065/2065/2065
f 2070/2070/2070 2069/2069/2069 2068/2068/2068
f 2073/2073/2073 2072/2072/2072 2071/2071/2071
f 2076/2076/2076 2075/2075/2075 2074/2074/2074
f 2079/2079/2079 2078/2078/2078 2077/2077/2077
f 2082/2082/2082 2081/2081/2081 2080/2080/2080
f 2085/2085/2085 2084/2084/2084 2083/2083/2083
f 2088/2088/2088 2087/2087/2087 2086/2086/2086
f 2091/2091/2091 2090/2090/2090 2089/2089/2089
f 2094/2094/2094 2093/2093/2093 2092/2092/2092
f 2097/2097/2097 2096/2096/2096 2095/2095/2095
f 2100/2100/2100 2099/2099/2099 2098/2098/2098
f 2103/2103/2103 2102/2102/2102 2101/2101/2101
f 2106/2106/2106 2105/2105/2105 2104/2104/2104
f 2109/2109/2109 2108/2108/2108 2107/2107/2107
f 2112/2112/2112 2111/2111/2111 2110/2110/2110
f 2115/2115/2115 2114/2114/2114 2113/2113/2113
f 2118/2118/2118 2117/2117/2117 2116/2116/2116
f 2121/2121/2121 2120/2120/2120 2119/2119/2119
f 2124/2124/2124 2123/2123/2123 2122/2122/2122
f 2127/2127/2127 2126/2126/2126 2125/2125/2125
f 2130/2130/2130 2129/2129/2129 2128/2128/2128
f 2133/2133/2133 2132/2132/2132 2131/2131/2131
f 2136/2136/2136 2135/2135/2135 2134/2134/2134
f 2139/2139/2139 2138/2138/2138 2137/2137/2137
f 2142/2142/2142 2141/2141/2141 2140/2140/2140
f 2145/2145/2145 2144/2144/2144 2143/2143/2143
f 2148/2148/2148 2147/2147/2147 2146/2146/2146
f 2151/2151/2151 2150/2150/2150 2149/2149/2149
f 2154/2154/2154 2153/2153/2153 2152/2152/2152
f 2157/2157/2157 2156/2156/2156 2155/2155/2155
f 2160/2160/2160 2159/2159/2159 2158/2158/2158
f 2163/2163/2163 2162/2162/2162 2161/2161/2161
f 2166/2166/2166 2165/2165/2165 2164/2164/2164
f 2169/2169/2169 2168/2168/2168 2167/2167/2167
f 2172/2172/2172 2171/2171/2171 2170/2170/2170
f 2175/2175/2175 2174/2174/2174 2173/2173/2173
f 2178/2178/2178 2177/2177/2177 2176/2176/2176
f 2181/2181/2181 2180/2180/2180 2179/2179/2179
f 2184/2184/2184 2183/2183/2183 2182/2182/2182
f 2187/2187/2187 2186/2186/2186 2185/2185/2185
f 2190/2190/2190 2189/2189/2189 2188/2188/2188
f 2193/2193/2193 2192/2192/2192 2191/2191/2191
f 2196/2196/2196 2195/2195/2195 2194/2194/2194
f 2199/2199/2199 2198/2198/2198 2197/2197/2197
f 2202/2202/2202 2201/2201/2201 2200/2200/2200
f 2205/2205/2205 2204/2204/2204 2203/2203/2203
f 2208/2208/2208 2207/2207/2207 2206/2206/2206
f 2211/2211/2211 2210/2210/2210 2209/2209/2209
f 2214/2214/2214 2213/2213/2213 2212/2212/2212
f 2217/2217/2217 2216/2216/2216 2215/2215/2215
f 2220/2220/2220 2219/2219/2219 2218/2218/2218
f 2223/2223/2223 2222/2222/2222 2221/2221/2221
f 2226/2226/2226 2225/2225/2225 2224/2224/2224
f 2229/2229/2229 2228/2228/2228 2227/2227/2227
f 2232/2232/2232 2231/2231/2231 2230/2230/2230
f 2235/2235/2235 2234/2234/2234 2233/2233/2233
f 2238/2238/2238 2237/2237/2237 2236/2236/2236
f 2241/2241/2241 2240/2240/2240 2239/2239/2239
f 2244/2244/2244 2243/2243/2243 2242/2242/2242
f 2247/2247/2247 2246/2246/2246 2245/2245/2245
f 2250/2250/2250 2249/2249/2249 2248/2248/2248
f 2253/2253/2253 2252/2252/2252 2251/2251/2251
f 2256/2256/2256 2255/2255/2255 2254/2254/2254
f 2259/2259/2259 2258/2258/2258 2257/2257/2257
f 2262/2262/2262 2261/2261/2261 2260/2260/2260
f 2265/2265/2265 2264/2264/2264 2263/2263/2263
f 2268/2268/2268 2267/2267/2267 2266/2266/2266
f 2271/2271/2271 2270/2270/2270 2269/2269/2269
f 2274/2274/2274 2273/2273/2273 2272/2272/2272
f 2277/2277/2277 2276/2276/2276 2275/2275/2275
f 2280/2280/2280 2279/2279/2279 2278/2278/2278
f 2283/2283/2283 2282/2282/2282 2281/2281/2281
f 2286/2286/2286 2285/2285/2285 2284/2284/2284
f 2289/2289/2289 2288/2288/2288 2287/2287/2287
f 2292/2292/2292 2291/2291/2291 2290/2290/2290
f 2295/2295/2295 2294/2294/2294 2293/2293/2293
f 2298/2298/2298 2297/2297/2297 2296/2296/2296
f 2301/2301/2301 2300/2300/2300 2299/2299/2299
f 2304/2304/2304 2303/2303/2303 2302/2302/2302
f 2307/2307/2307 2306/2306/2306 2305/2305/2305
f 2310/2310/2310 2309/2309/2309 2308/2308/2308
f 2313/2313/2313 2312/2312/2312 2311/2311/2311
f 2316/2316/2316 2315/2315/2315 2314/2314/2314
f 2319/2319/2319 2318/2318/2318 2317/2317/2317
f 2322/2322/2322 2321/2321/2321 2320/2320/2320
f 2325/2325/2325 2324/2324/2324 2323/2323/2323
f 2328/2328/2328 2327/2327/2327 2326/2326/2326
f 2331/2331/2331 2330/2330/2330 2329/2329/2329
f 2334/2334/2334 2333/2333/2333 2332/2332/2332
f 2337/2337/2337 2336/2336/2336 2335/2335/2335
f 2340/2340/2340 2339/2339/2339 2338/2338/2338
f 2343/2343/2343 2342/2342/2342 2341/2341/2341
f 2346/2346/2346 2345/2345/2345 2344/2344/2344
f 2349/2349/2349 2348/2348/2348 2347/2347/2347
f 2352/2352/2352 2351/2351/2351 2350/2350/2350
f 2355/2355/2355 2354/2354/2354 2353/2353/2353
f 2358/2358/2358 2357/2357/2357 2356/2356/2356
f 2361/2361/2361 2360/2360/2360 2359/2359/2359
f 2364/2364/2364 2363/2363/2363 2362/2362/2362
f 2367/2367/2367 2366/2366/2366 2365/2365/2365
f 2370/2370/2370 2369/2369/2369 2368/2368/2368
f 2373/2373/2373 2372/2372/2372 2371/2371/2371
f 2376/2376/2376 2375/2375/2375 2374/2374/2374
f 2379/2379/2379 2378/2378/2378 2377/2377/2377
f 2382/2382/2382 2381/2381/2381 2380/2380/2380
f 2385/2385/2385 2384/2384/2384 2383/2383/2383
f 2388/2388/2388 2387/2387/2387 2386/2386/2386
f 2391/2391/2391 2390/2390/2390 2389/2389/2389
f 2394/2394/2394 2393/2393/2393 2392/2392/2392
f 2397/2397/2397 2396/2396/2396 2395/2395/2395
f 2400/2400/2400 2399/2399/2399 2398/2398/2398
f 2403/2403/2403 2402/2402/2402 2401/2401/2401
f 2406/2406/2406 2405/2405/2405 2404/2404/2404
f 2409/2409/2409 2408/2408/2408 2407/2407/2407
f 2412/2412/2412 2411/2411/2411 2410/2410/2410
f 2415/2415/2415 2414/2414/2414 2413/2413/2413
f 2418/2418/2418 2417/2417/2417 2416/2416/2416
f 2421/2421/2421 2420/2420/2420 2419/2419/2419
f 2424/2424/2424 2423/2423/2423 2422/2422/2422
f 2427/2427/2427 2426/2426/2426 2425/2425/2425
f 2430/2430/2430 2429/2429/2429 2428/2428/2428
f 2433/2433/2433 2432/2432/2432 2431/2431/2431
f 2436/2436/2436 2435/2435/2435 2434/2434/2434
f 2439/2439/2439 2438/2438/2438 2437/2437/2437
f 2442/2442/2442 2441/2441/2441 2440/2440/2440
f 2445/2445/2445 2444/2444/2444 2443/2443/2443
f 2448/2448/2448 2447/2447/2447 2446/2446/2446
f 2451/2451/2451 2450/2450/2450 2449/2449/2449
f 2454/2454/2454 2453/2453/2453 2452/2452/2452
f 2457/2457/2457 2456/2456/2456 2455/2455/2455
f 2460/2460/2460 2459/2459/2459 2458/2458/2458
f 2463/2463/2463 2462/2462/2462 2461/2461/2461
f 2466/2466/2466 2465/2465/2465 2464/2464/2464
f 2469/2469/2469 2468/2468/2468 2467/2467/2467
f 2472/2472/2472 2471/2471/2471 2470/2470/2470
f 2475/2475/2475 2474/2474/2474 2473/2473/2473
f 2478/2478/2478 2477/2477/2477 2476/2476/2476
f 2481/2481/2481 2480/2480/2480 2479/2479/2479
f 2484/2484/2484 2483/2483/2483 2482/2482/2482
f 2487/2487/2487 2486/2486/2486 2485/2485/2485
f 2490/2490/2490 2489/2489/2489 2488/2488/2488
f 2493/2493/2493 2492/2492/2492 2491/2491/2491
f 2496/2496/2496 2495/2495/2495 2494/2494/2494
f 2499/2499/2499 2498/2498/2498 2497/2497/2497
f 2502/2502/2502 2501/2501/2501 2500/2500/2500
f 2505/2505/2505 2504/2504/2504 2503/2503/2503
f 2508/2508/2508 2507/2507/2507 2506/2506/2506
f 2511/2511/2511 2510/2510/2510 2509/2509/2509
f 2514/2514/2514 2513/2513/2513 2512/2512/2512
f 2517/2517/2517 2516/2516/2516 2515/2515/2515
f 2520/2520/2520 2519/2519/2519 2518/2518/2518
f 2523/2523/2523 2522/2522/2522 2521/2521/2521
f 2526/2526/2526 2525/2525/2525 2524/2524/2524
f 2529/2529/2529 2528/2528/2528 2527/2527/2527
f 2532/2532/2532 2531/2531/2531 2530/2530/2530
f 2535/2535/2535 2534/2534/2534 2533/2533/2533
f 2538/2538/2538 2537/2537/2537 2536/2536/2536
f 2541/2541/2541 2540/2540/2540 2539/2539/2539
f 2544/2544/2544 2543/2543/2543 2542/2542/2542
f 2547/2547/2547 2546/2546/2546 2545/2545/2545
f 2550/2550/2550 2549/2549/2549 2548/2548/2548
f 2553/2553/2553 2552/2552/2552 2551/2551/2551
f 2556/2556/2556 2555/2555/2555 2554/2554/2554
f 2559/2559/2559 2558/2558/2558 2557/2557/2557
f 2562/2562/2562 2561/2561/2561 2560/2560/2560
f 2565/2565/2565 2564/2564/2564 2563/2563/2563
f 2568/2568/2568 2567/2567/2567 2566/2566/2566
f 2571/2571/2571 2570/2570/2570 2569/2569/2569
f 2574/2574/2574 2573/2573/2573 2572/2572/2572
f 2577/2577/2577 2576/2576/2576 2575/2575/2575
f 2580/2580/2580 2579/2579/2579 2578/2578/2578
f 2583/2583/2583 2582/2582/2582 2581/2581/2581
f 2586/2586/2586 2585/2585/2585 2584/2584/2584
f 2589/2589/2589 2588/2588/2588 2587/2587/2587
f 2592/2592/2592 2591/2591/2591 2590/2590/2590
f 2595/2595/2595 2594/2594/2594 2593/2593/2593
f 2598/2598/2598 2597/2597/2597 2596/2596/2596
f 2601/2601/2601 2600/2600/2600 2599/2599/2599
f 2604/2604/2604 2603/2603/2603 2602/2602/2602
f 2607/2607/2607 2606/2606/2606 2605/2605/2605
f 2610/2610/2610 2609/2609/2609 2608/2608/2608
f 2613/2613/2613 2612/2612/2612 2611/2611/2611
f 2616/2616/2616 2615/2615/2615 2614/2614/2614
f 2619/2619/2619 2618/2618/2618 2617/2617/2617
f 2622/2622/2622 2621/2621/2621 2620/2620/2620
f 2625/2625/2625 2624/2624/2624 2623/2623/2623
f 2628/2628/2628 2627/2627/2627 2626/2626/2626
f 2631/2631/2631 2630/2630/2630 2629/2629/2629
f 2634/2634/2634 2633/2633/2633 2632/2632/2632
f 2637/2637/2637 2636/2636/2636 2635/2635/2635
f 2640/2640/2640 2639/2639/2639 2638/2638/2638
f 2643/2643/2643 2642/2642/2642 2641/2641/2641
f 2646/2646/2646 2645/2645/2645 2644/2644/2644
f 2649/2649/2649 2648/2648/2648 2647/2647/2647
f 2652/2652/2652 2651/2651/2651 2650/2650/2650
f 2655/2655/2655 2654/2654/2654 2653/2653/2653
f 2658/2658/2658 2657/2657/2657 2656/2656/2656
f 2661/2661/2661 2660/2660/2660 2659/2659/2659
f 2664/2664/2664 2663/2663/2663 2662/2662/2662
f 2667/2667/2667 2666/2666/2666 2665/2665/2665
f 2670/2670/2670 2669/2669/2669 2668/2668/2668
f 2673/2673/2673 2672/2672/2672 2671/2671/2671
f 2676/2676/2676 2675/2675/2675 2674/2674/2674
f 2679/2679/2679 2678/2678/2678 2677/2677/2677
f 2682/2682/2682 2681/2681/2681 2680/2680/2680
