# Split from People.obj for civilian_secretary
o civilian_secretary
v -0.2281513 0.504777 1.851435
v -0.1451349 0.5071689 1.854641
v -0.1106955 0.5704313 1.853391
v -0.1106955 0.5704313 1.853391
v -0.2305114 0.5593777 1.850439
v -0.2281513 0.504777 1.851435
v -0.1371425 0.5304143 1.905079
v -0.1457102 0.539878 1.960806
v -0.1402236 0.586899 1.967001
v -0.1402236 0.586899 1.967001
v -0.1216815 0.5760769 1.909733
v -0.1371425 0.5304143 1.905079
v -0.1457102 0.539878 1.960806
v -0.2369241 0.5404816 1.955534
v -0.2432227 0.5897876 1.956597
v -0.2432227 0.5897876 1.956597
v -0.1402236 0.586899 1.967001
v -0.1457102 0.539878 1.960806
v -0.2433192 0.5274025 1.900055
v -0.2281513 0.504777 1.851435
v -0.2305114 0.5593777 1.850439
v -0.2305114 0.5593777 1.850439
v -0.2487039 0.5657734 1.90267
v -0.2433192 0.5274025 1.900055
v -0.1081307 0.2534698 1.902997
v -0.1171448 0.09341787 1.894243
v -0.1250068 0.09551537 1.914698
v -0.1250068 0.09551537 1.914698
v -0.1334946 0.2685478 1.941384
v -0.1081307 0.2534698 1.902997
v -0.1791745 0.2327115 1.863575
v -0.160722 0.09452671 1.875675
v -0.1297871 0.09430945 1.874758
v -0.1297871 0.09430945 1.874758
v -0.1354885 0.2383688 1.862816
v -0.1791745 0.2327115 1.863575
v -0.1334946 0.2685478 1.941384
v -0.1250068 0.09551537 1.914698
v -0.1608869 0.09573072 1.910767
v -0.1608869 0.09573072 1.910767
v -0.1817109 0.2610042 1.936478
v -0.1334946 0.2685478 1.941384
v -0.1903181 0.2263849 1.899289
v -0.1688021 0.09744781 1.895706
v -0.160722 0.09452671 1.875675
v -0.160722 0.09452671 1.875675
v -0.1791745 0.2327115 1.863575
v -0.1903181 0.2263849 1.899289
v -0.1817109 0.2610042 1.936478
v -0.1608869 0.09573072 1.910767
v -0.1688021 0.09744781 1.895706
v -0.1688021 0.09744781 1.895706
v -0.1903181 0.2263849 1.899289
v -0.1817109 0.2610042 1.936478
v -0.1354885 0.2383688 1.862816
v -0.1297871 0.09430945 1.874758
v -0.1171448 0.09341787 1.894243
v -0.1171448 0.09341787 1.894243
v -0.1081307 0.2534698 1.902997
v -0.1354885 0.2383688 1.862816
v -0.2369241 0.5404816 1.955534
v -0.2433192 0.5274025 1.900055
v -0.2487039 0.5657734 1.90267
v -0.2487039 0.5657734 1.90267
v -0.2432227 0.5897876 1.956597
v -0.2369241 0.5404816 1.955534
v -0.1451349 0.5071689 1.854641
v -0.1371425 0.5304143 1.905079
v -0.1216815 0.5760769 1.909733
v -0.1216815 0.5760769 1.909733
v -0.1106955 0.5704313 1.853391
v -0.1451349 0.5071689 1.854641
v -0.1560921 0.3601499 1.872082
v -0.1354885 0.2383688 1.862816
v -0.1081307 0.2534698 1.902997
v -0.1081307 0.2534698 1.902997
v -0.1422207 0.3682148 1.901536
v -0.1560921 0.3601499 1.872082
v -0.2026787 0.3266486 1.926163
v -0.1817109 0.2610042 1.936478
v -0.1903181 0.2263849 1.899289
v -0.1903181 0.2263849 1.899289
v -0.207489 0.30967 1.902731
v -0.2026787 0.3266486 1.926163
v -0.207489 0.30967 1.902731
v -0.1903181 0.2263849 1.899289
v -0.1791745 0.2327115 1.863575
v -0.1791745 0.2327115 1.863575
v -0.1955253 0.3183614 1.876435
v -0.207489 0.30967 1.902731
v -0.1564618 0.3653935 1.931875
v -0.1334946 0.2685478 1.941384
v -0.1817109 0.2610042 1.936478
v -0.1817109 0.2610042 1.936478
v -0.2026787 0.3266486 1.926163
v -0.1564618 0.3653935 1.931875
v -0.1955253 0.3183614 1.876435
v -0.1791745 0.2327115 1.863575
v -0.1354885 0.2383688 1.862816
v -0.1354885 0.2383688 1.862816
v -0.1560921 0.3601499 1.872082
v -0.1955253 0.3183614 1.876435
v -0.1422207 0.3682148 1.901536
v -0.1081307 0.2534698 1.902997
v -0.1334946 0.2685478 1.941384
v -0.1334946 0.2685478 1.941384
v -0.1564618 0.3653935 1.931875
v -0.1422207 0.3682148 1.901536
v -0.1560921 0.3601499 1.872082
v -0.1422207 0.3682148 1.901536
v -0.1371425 0.5304143 1.905079
v -0.1371425 0.5304143 1.905079
v -0.1451349 0.5071689 1.854641
v -0.1560921 0.3601499 1.872082
v -0.2162083 0.3817939 1.927492
v -0.2216802 0.3925809 1.895677
v -0.2433192 0.5274025 1.900055
v -0.2433192 0.5274025 1.900055
v -0.2369241 0.5404816 1.955534
v -0.2162083 0.3817939 1.927492
v -0.2216802 0.3925809 1.895677
v -0.2075614 0.3733955 1.865814
v -0.2281513 0.504777 1.851435
v -0.2281513 0.504777 1.851435
v -0.2433192 0.5274025 1.900055
v -0.2216802 0.3925809 1.895677
v -0.1564618 0.3653935 1.931875
v -0.2162083 0.3817939 1.927492
v -0.2369241 0.5404816 1.955534
v -0.2369241 0.5404816 1.955534
v -0.1457102 0.539878 1.960806
v -0.1564618 0.3653935 1.931875
v -0.1422207 0.3682148 1.901536
v -0.1564618 0.3653935 1.931875
v -0.1457102 0.539878 1.960806
v -0.1457102 0.539878 1.960806
v -0.1371425 0.5304143 1.905079
v -0.1422207 0.3682148 1.901536
v -0.2075614 0.3733955 1.865814
v -0.1560921 0.3601499 1.872082
v -0.1451349 0.5071689 1.854641
v -0.1451349 0.5071689 1.854641
v -0.2281513 0.504777 1.851435
v -0.2075614 0.3733955 1.865814
v -0.1560921 0.3601499 1.872082
v -0.2075614 0.3733955 1.865814
v -0.2096152 0.3485886 1.871584
v -0.251635 0.5601265 1.839662
v -0.2305114 0.5593777 1.850439
v -0.1106955 0.5704313 1.853391
v -0.1106955 0.5704313 1.853391
v -0.09712944 0.5719168 1.846633
v -0.251635 0.5601265 1.839662
v -0.2180377 0.3532919 1.926261
v -0.2162083 0.3817939 1.927492
v -0.1564618 0.3653935 1.931875
v -0.2236341 0.3470916 1.900353
v -0.2096152 0.3485886 1.871584
v -0.2075614 0.3733955 1.865814
v -0.2075614 0.3733955 1.865814
v -0.2216802 0.3925809 1.895677
v -0.2236341 0.3470916 1.900353
v -0.2180377 0.3532919 1.926261
v -0.2236341 0.3470916 1.900353
v -0.2216802 0.3925809 1.895677
v -0.2216802 0.3925809 1.895677
v -0.2162083 0.3817939 1.927492
v -0.2180377 0.3532919 1.926261
v -0.1955253 0.3183614 1.876435
v -0.1560921 0.3601499 1.872082
v -0.2096152 0.3485886 1.871584
v -0.2026787 0.3266486 1.926163
v -0.2180377 0.3532919 1.926261
v -0.1564618 0.3653935 1.931875
v -0.2236341 0.3470916 1.900353
v -0.207489 0.30967 1.902731
v -0.1955253 0.3183614 1.876435
v -0.1955253 0.3183614 1.876435
v -0.2096152 0.3485886 1.871584
v -0.2236341 0.3470916 1.900353
v -0.2180377 0.3532919 1.926261
v -0.2026787 0.3266486 1.926163
v -0.207489 0.30967 1.902731
v -0.207489 0.30967 1.902731
v -0.2236341 0.3470916 1.900353
v -0.2180377 0.3532919 1.926261
v -0.2664745 0.8922466 1.889368
v -0.2718199 0.9589631 1.897852
v -0.2210359 0.9579977 1.939785
v -0.2210359 0.9579977 1.939785
v -0.2314007 0.8863829 1.931929
v -0.2664745 0.8922466 1.889368
v -0.1540837 0.7297523 1.942183
v -0.1319127 0.5895408 1.974404
v -0.2537109 0.5914193 1.96274
v -0.2537109 0.5914193 1.96274
v -0.2406429 0.708504 1.941412
v -0.1540837 0.7297523 1.942183
v -0.2621766 0.5655374 1.90132
v -0.2487039 0.5657734 1.90267
v -0.2305114 0.5593777 1.850439
v -0.2305114 0.5593777 1.850439
v -0.251635 0.5601265 1.839662
v -0.2621766 0.5655374 1.90132
v -0.2265369 1.008507 1.882876
v -0.1751499 1.059705 1.870283
v -0.1800171 1.050489 1.928831
v -0.1800171 1.050489 1.928831
v -0.1916403 1.003749 1.936997
v -0.2265369 1.008507 1.882876
v -0.1800171 1.050489 1.928831
v -0.1751499 1.059705 1.870283
v -0.1467265 1.063829 1.932619
v -0.131795 0.8713539 1.884459
v -0.1067952 0.9395454 1.894909
v -0.105733 0.9438178 1.846245
v -0.105733 0.9438178 1.846245
v -0.1328815 0.8708002 1.84502
v -0.131795 0.8713539 1.884459
v -0.09879104 0.9927944 1.896255
v -0.1135411 1.070917 1.8829
v -0.1054855 1.061968 1.846256
v -0.1054855 1.061968 1.846256
v -0.1022944 0.9961126 1.8464
v -0.09879104 0.9927944 1.896255
v -0.1494891 0.8763443 1.928222
v -0.1301905 0.9411525 1.938473
v -0.1067952 0.9395454 1.894909
v -0.1067952 0.9395454 1.894909
v -0.131795 0.8713539 1.884459
v -0.1494891 0.8763443 1.928222
v -0.1106142 0.9883734 1.94364
v -0.1157755 1.048856 1.935009
v -0.1135411 1.070917 1.8829
v -0.1135411 1.070917 1.8829
v -0.09879104 0.9927944 1.896255
v -0.1106142 0.9883734 1.94364
v -0.2306448 1.00708 1.840609
v -0.1843151 1.047897 1.842699
v -0.1751499 1.059705 1.870283
v -0.1751499 1.059705 1.870283
v -0.2265369 1.008507 1.882876
v -0.2306448 1.00708 1.840609
v -0.2556435 0.6787421 1.839481
v -0.2644546 0.8068992 1.839083
v -0.2555371 0.8033693 1.877874
v -0.2555371 0.8033693 1.877874
v -0.2545904 0.6924252 1.893584
v -0.2556435 0.6787421 1.839481
v -0.1540837 0.7297523 1.942183
v -0.1769521 0.8034118 1.914278
v -0.1575614 0.8018947 1.874422
v -0.1575614 0.8018947 1.874422
v -0.1311561 0.729448 1.893474
v -0.1540837 0.7297523 1.942183
v -0.2688757 0.8969243 1.838884
v -0.2729779 0.9559398 1.838699
v -0.2718199 0.9589631 1.897852
v -0.2718199 0.9589631 1.897852
v -0.2664745 0.8922466 1.889368
v -0.2688757 0.8969243 1.838884
v -0.1311561 0.729448 1.893474
v -0.1575614 0.8018947 1.874422
v -0.1574497 0.800345 1.843911
v -0.1574497 0.800345 1.843911
v -0.1215936 0.7249761 1.845529
v -0.1311561 0.729448 1.893474
v -0.2545904 0.6924252 1.893584
v -0.2555371 0.8033693 1.877874
v -0.2334103 0.7989898 1.913712
v -0.2334103 0.7989898 1.913712
v -0.2406429 0.708504 1.941412
v -0.2545904 0.6924252 1.893584
v -0.2314007 0.8863829 1.931929
v -0.2210359 0.9579977 1.939785
v -0.1301905 0.9411525 1.938473
v -0.1301905 0.9411525 1.938473
v -0.1494891 0.8763443 1.928222
v -0.2314007 0.8863829 1.931929
v -0.2406429 0.708504 1.941412
v -0.2334103 0.7989898 1.913712
v -0.1769521 0.8034118 1.914278
v -0.1769521 0.8034118 1.914278
v -0.1540837 0.7297523 1.942183
v -0.2406429 0.708504 1.941412
v -0.2334103 0.7989898 1.913712
v -0.2314007 0.8863829 1.931929
v -0.1494891 0.8763443 1.928222
v -0.1494891 0.8763443 1.928222
v -0.1769521 0.8034118 1.914278
v -0.2334103 0.7989898 1.913712
v -0.2644546 0.8068992 1.839083
v -0.2688757 0.8969243 1.838884
v -0.2664745 0.8922466 1.889368
v -0.2664745 0.8922466 1.889368
v -0.2555371 0.8033693 1.877874
v -0.2644546 0.8068992 1.839083
v -0.1769521 0.8034118 1.914278
v -0.1494891 0.8763443 1.928222
v -0.131795 0.8713539 1.884459
v -0.131795 0.8713539 1.884459
v -0.1575614 0.8018947 1.874422
v -0.1769521 0.8034118 1.914278
v -0.1575614 0.8018947 1.874422
v -0.131795 0.8713539 1.884459
v -0.1328815 0.8708002 1.84502
v -0.1328815 0.8708002 1.84502
v -0.1574497 0.800345 1.843911
v -0.1575614 0.8018947 1.874422
v -0.2555371 0.8033693 1.877874
v -0.2664745 0.8922466 1.889368
v -0.2314007 0.8863829 1.931929
v -0.2314007 0.8863829 1.931929
v -0.2334103 0.7989898 1.913712
v -0.2555371 0.8033693 1.877874
v -0.2730587 0.6680394 2.043466
v -0.2586419 0.696877 2.03663
v -0.2598901 0.6894356 2.02314
v -0.2598901 0.6894356 2.02314
v -0.2642251 0.663308 2.027862
v -0.2730587 0.6680394 2.043466
v -0.2642251 0.663308 2.027862
v -0.2598901 0.6894356 2.02314
v -0.2730747 0.690501 2.016554
v -0.2730747 0.690501 2.016554
v -0.2764939 0.6674353 2.020319
v -0.2642251 0.663308 2.027862
v -0.2764939 0.6674353 2.020319
v -0.2730747 0.690501 2.016554
v -0.2862096 0.6972169 2.014848
v -0.2862096 0.6972169 2.014848
v -0.2936499 0.6752441 2.013954
v -0.2764939 0.6674353 2.020319
v -0.2936499 0.6752441 2.013954
v -0.2862096 0.6972169 2.014848
v -0.2859262 0.7056965 2.029624
v -0.2859262 0.7056965 2.029624
v -0.3005146 0.6778479 2.032171
v -0.2936499 0.6752441 2.013954
v -0.3005146 0.6778479 2.032171
v -0.2859262 0.7056965 2.029624
v -0.2730687 0.7040841 2.037492
v -0.2730687 0.7040841 2.037492
v -0.2882947 0.6727926 2.040255
v -0.3005146 0.6778479 2.032171
v -0.2882947 0.6727926 2.040255
v -0.2730687 0.7040841 2.037492
v -0.2586419 0.696877 2.03663
v -0.2586419 0.696877 2.03663
v -0.2730587 0.6680394 2.043466
v -0.2882947 0.6727926 2.040255
v -0.2586419 0.696877 2.03663
v -0.238788 0.7300769 2.034079
v -0.2371084 0.7240934 2.019536
v -0.2371084 0.7240934 2.019536
v -0.2598901 0.6894356 2.02314
v -0.2586419 0.696877 2.03663
v -0.2598901 0.6894356 2.02314
v -0.2371084 0.7240934 2.019536
v -0.251534 0.7279088 2.009864
v -0.251534 0.7279088 2.009864
v -0.2730747 0.690501 2.016554
v -0.2598901 0.6894356 2.02314
v -0.2862096 0.6972169 2.014848
v -0.2663484 0.7367045 2.010354
v -0.2684077 0.7432958 2.025543
v -0.2684077 0.7432958 2.025543
v -0.2859262 0.7056965 2.029624
v -0.2862096 0.6972169 2.014848
v -0.2859262 0.7056965 2.029624
v -0.2684077 0.7432958 2.025543
v -0.254864 0.7388348 2.035919
v -0.254864 0.7388348 2.035919
v -0.2730687 0.7040841 2.037492
v -0.2859262 0.7056965 2.029624
v -0.2730687 0.7040841 2.037492
v -0.254864 0.7388348 2.035919
v -0.238788 0.7300769 2.034079
v -0.238788 0.7300769 2.034079
v -0.2586419 0.696877 2.03663
v -0.2730687 0.7040841 2.037492
v -0.2752916 0.6387168 2.049615
v -0.2690679 0.6392384 2.036543
v -0.272922 0.6022714 2.034792
v -0.272922 0.6022714 2.034792
v -0.2771995 0.6008924 2.043025
v -0.2752916 0.6387168 2.049615
v -0.2963743 0.6412804 2.042809
v -0.2752916 0.6387168 2.049615
v -0.2771995 0.6008924 2.043025
v -0.2771995 0.6008924 2.043025
v -0.3012849 0.598527 2.034207
v -0.2963743 0.6412804 2.042809
v -0.2740984 0.5815865 2.024786
v -0.297043 0.5716366 2.011374
v -0.3001871 0.5692064 2.01656
v -0.3001871 0.5692064 2.01656
v -0.2768843 0.5793611 2.029288
v -0.2740984 0.5815865 2.024786
v -0.297043 0.5716366 2.011374
v -0.321654 0.5807084 2.003303
v -0.3254814 0.5781502 2.008501
v -0.3254814 0.5781502 2.008501
v -0.3001871 0.5692064 2.01656
v -0.297043 0.5716366 2.011374
v -0.2690679 0.6392384 2.036543
v -0.2924235 0.6356702 2.022055
v -0.2967777 0.6006109 2.023633
v -0.2967777 0.6006109 2.023633
v -0.272922 0.6022714 2.034792
v -0.2690679 0.6392384 2.036543
v -0.2924235 0.6356702 2.022055
v -0.3103593 0.6372899 2.011196
v -0.3208539 0.6051636 2.012668
v -0.3208539 0.6051636 2.012668
v -0.2967777 0.6006109 2.023633
v -0.2924235 0.6356702 2.022055
v -0.3136452 0.6587766 2.025773
v -0.2963743 0.6412804 2.042809
v -0.3190273 0.6390871 2.025132
v -0.3190273 0.6390871 2.025132
v -0.2963743 0.6412804 2.042809
v -0.3012849 0.598527 2.034207
v -0.3012849 0.598527 2.034207
v -0.3267816 0.6044644 2.020471
v -0.3190273 0.6390871 2.025132
v -0.2817944 0.6508119 2.022511
v -0.2924235 0.6356702 2.022055
v -0.2690679 0.6392384 2.036543
v -0.2817944 0.6508119 2.022511
v -0.2882596 0.6549819 2.003246
v -0.2924235 0.6356702 2.022055
v -0.3208539 0.6051636 2.012668
v -0.321654 0.5807084 2.003303
v -0.297043 0.5716366 2.011374
v -0.297043 0.5716366 2.011374
v -0.2967777 0.6006109 2.023633
v -0.3208539 0.6051636 2.012668
v -0.3267816 0.6044644 2.020471
v -0.3254814 0.5781502 2.008501
v -0.321654 0.5807084 2.003303
v -0.321654 0.5807084 2.003303
v -0.3208539 0.6051636 2.012668
v -0.3267816 0.6044644 2.020471
v -0.272922 0.6022714 2.034792
v -0.2967777 0.6006109 2.023633
v -0.297043 0.5716366 2.011374
v -0.297043 0.5716366 2.011374
v -0.2740984 0.5815865 2.024786
v -0.272922 0.6022714 2.034792
v -0.2771995 0.6008924 2.043025
v -0.272922 0.6022714 2.034792
v -0.2740984 0.5815865 2.024786
v -0.2740984 0.5815865 2.024786
v -0.2768843 0.5793611 2.029288
v -0.2771995 0.6008924 2.043025
v -0.3012849 0.598527 2.034207
v -0.2771995 0.6008924 2.043025
v -0.2768843 0.5793611 2.029288
v -0.2768843 0.5793611 2.029288
v -0.3001871 0.5692064 2.01656
v -0.3012849 0.598527 2.034207
v -0.3136452 0.6587766 2.025773
v -0.300908 0.6805665 2.032245
v -0.2887207 0.6756842 2.041962
v -0.2887207 0.6756842 2.041962
v -0.2963743 0.6412804 2.042809
v -0.3136452 0.6587766 2.025773
v -0.3014522 0.6641252 1.999719
v -0.2921364 0.6801385 2.012772
v -0.300908 0.6805665 2.032245
v -0.300908 0.6805665 2.032245
v -0.3136452 0.6587766 2.025773
v -0.3014522 0.6641252 1.999719
v -0.2882596 0.6549819 2.003246
v -0.2789926 0.6733974 2.015972
v -0.2921364 0.6801385 2.012772
v -0.2921364 0.6801385 2.012772
v -0.3014522 0.6641252 1.999719
v -0.2882596 0.6549819 2.003246
v -0.2789926 0.6733974 2.015972
v -0.2882596 0.6549819 2.003246
v -0.2817944 0.6508119 2.022511
v -0.2690679 0.6392384 2.036543
v -0.2642771 0.6677886 2.025434
v -0.2789926 0.6733974 2.015972
v -0.2789926 0.6733974 2.015972
v -0.2817944 0.6508119 2.022511
v -0.2690679 0.6392384 2.036543
v -0.2642771 0.6677886 2.025434
v -0.2690679 0.6392384 2.036543
v -0.2752916 0.6387168 2.049615
v -0.2752916 0.6387168 2.049615
v -0.2718664 0.6728808 2.045174
v -0.2642771 0.6677886 2.025434
v -0.2963743 0.6412804 2.042809
v -0.2887207 0.6756842 2.041962
v -0.2718664 0.6728808 2.045174
v -0.2718664 0.6728808 2.045174
v -0.2752916 0.6387168 2.049615
v -0.2963743 0.6412804 2.042809
v -0.3211527 0.6107892 1.991233
v -0.3157296 0.6101916 1.986272
v -0.3205875 0.6122816 1.980283
v -0.3205875 0.6122816 1.980283
v -0.3265519 0.6121275 1.986259
v -0.3211527 0.6107892 1.991233
v -0.3265519 0.6121275 1.986259
v -0.3205875 0.6122816 1.980283
v -0.3097149 0.6462619 1.99215
v -0.3097149 0.6462619 1.99215
v -0.3181657 0.6436827 2.005691
v -0.3265519 0.6121275 1.986259
v -0.3000876 0.6393472 1.996952
v -0.3097149 0.6462619 1.99215
v -0.3205875 0.6122816 1.980283
v -0.3205875 0.6122816 1.980283
v -0.3157296 0.6101916 1.986272
v -0.3000876 0.6393472 1.996952
v -0.3103593 0.6372899 2.011196
v -0.3000876 0.6393472 1.996952
v -0.3157296 0.6101916 1.986272
v -0.3157296 0.6101916 1.986272
v -0.3211527 0.6107892 1.991233
v -0.3103593 0.6372899 2.011196
v -0.3012849 0.598527 2.034207
v -0.3001871 0.5692064 2.01656
v -0.3254814 0.5781502 2.008501
v -0.3254814 0.5781502 2.008501
v -0.3267816 0.6044644 2.020471
v -0.3012849 0.598527 2.034207
v -0.3136452 0.6587766 2.025773
v -0.3181657 0.6436827 2.005691
v -0.3097149 0.6462619 1.99215
v -0.3097149 0.6462619 1.99215
v -0.3014522 0.6641252 1.999719
v -0.3136452 0.6587766 2.025773
v -0.3190273 0.6390871 2.025132
v -0.3103593 0.6372899 2.011196
v -0.3181657 0.6436827 2.005691
v -0.3181657 0.6436827 2.005691
v -0.3136452 0.6587766 2.025773
v -0.3190273 0.6390871 2.025132
v -0.3014522 0.6641252 1.999719
v -0.3097149 0.6462619 1.99215
v -0.3000876 0.6393472 1.996952
v -0.3000876 0.6393472 1.996952
v -0.2882596 0.6549819 2.003246
v -0.3014522 0.6641252 1.999719
v -0.3000876 0.6393472 1.996952
v -0.3103593 0.6372899 2.011196
v -0.2924235 0.6356702 2.022055
v -0.2862096 0.6972169 2.014848
v -0.2730747 0.690501 2.016554
v -0.251534 0.7279088 2.009864
v -0.251534 0.7279088 2.009864
v -0.2663484 0.7367045 2.010354
v -0.2862096 0.6972169 2.014848
v -0.2729779 0.9559398 1.838699
v -0.2306448 1.00708 1.840609
v -0.2265369 1.008507 1.882876
v -0.2265369 1.008507 1.882876
v -0.2718199 0.9589631 1.897852
v -0.2729779 0.9559398 1.838699
v -0.2718199 0.9589631 1.897852
v -0.2265369 1.008507 1.882876
v -0.1916403 1.003749 1.936997
v -0.1916403 1.003749 1.936997
v -0.2210359 0.9579977 1.939785
v -0.2718199 0.9589631 1.897852
v -0.1467265 1.063829 1.932619
v -0.1751499 1.059705 1.870283
v -0.1135411 1.070917 1.8829
v -0.3181657 0.6436827 2.005691
v -0.3103593 0.6372899 2.011196
v -0.3211527 0.6107892 1.991233
v -0.3211527 0.6107892 1.991233
v -0.3265519 0.6121275 1.986259
v -0.3181657 0.6436827 2.005691
v -0.3103593 0.6372899 2.011196
v -0.3190273 0.6390871 2.025132
v -0.3267816 0.6044644 2.020471
v -0.3267816 0.6044644 2.020471
v -0.3208539 0.6051636 2.012668
v -0.3103593 0.6372899 2.011196
v -0.2882947 0.6727926 2.040255
v -0.2764939 0.6674353 2.020319
v -0.2936499 0.6752441 2.013954
v -0.2936499 0.6752441 2.013954
v -0.3005146 0.6778479 2.032171
v -0.2882947 0.6727926 2.040255
v -0.2730587 0.6680394 2.043466
v -0.2642251 0.663308 2.027862
v -0.2764939 0.6674353 2.020319
v -0.2764939 0.6674353 2.020319
v -0.2882947 0.6727926 2.040255
v -0.2730587 0.6680394 2.043466
v -0.2789926 0.6733974 2.015972
v -0.2887207 0.6756842 2.041962
v -0.300908 0.6805665 2.032245
v -0.300908 0.6805665 2.032245
v -0.2921364 0.6801385 2.012772
v -0.2789926 0.6733974 2.015972
v -0.2642771 0.6677886 2.025434
v -0.2718664 0.6728808 2.045174
v -0.2887207 0.6756842 2.041962
v -0.2887207 0.6756842 2.041962
v -0.2789926 0.6733974 2.015972
v -0.2642771 0.6677886 2.025434
v -0.1301905 0.9411525 1.938473
v -0.1106142 0.9883734 1.94364
v -0.09879104 0.9927944 1.896255
v -0.09879104 0.9927944 1.896255
v -0.1067952 0.9395454 1.894909
v -0.1301905 0.9411525 1.938473
v -0.1067952 0.9395454 1.894909
v -0.09879104 0.9927944 1.896255
v -0.1022944 0.9961126 1.8464
v -0.1022944 0.9961126 1.8464
v -0.105733 0.9438178 1.846245
v -0.1067952 0.9395454 1.894909
v -0.1916403 1.003749 1.936997
v -0.1106142 0.9883734 1.94364
v -0.1301905 0.9411525 1.938473
v -0.1301905 0.9411525 1.938473
v -0.2210359 0.9579977 1.939785
v -0.1916403 1.003749 1.936997
v -0.144164 0.03928413 1.881349
v -0.1171788 0.06632078 1.876624
v -0.1691458 0.0653449 1.877345
v -0.277776 0.0002474906 1.899262
v -0.2188862 0.01693509 1.932041
v -0.2036121 0.000274864 1.932731
v -0.277776 0.0002474906 1.899262
v -0.2036121 0.000274864 1.932731
v -0.2007068 0.0002748864 1.868341
v -0.277776 0.0002474906 1.899262
v -0.2142359 0.01503168 1.86773
v -0.2297125 0.03373333 1.895645
v -0.187861 0.06766228 1.89423
v -0.2297125 0.03373333 1.895645
v -0.2142359 0.01503168 1.86773
v -0.2142359 0.01503168 1.86773
v -0.1691458 0.0653449 1.877345
v -0.187861 0.06766228 1.89423
v -0.144164 0.03928413 1.881349
v -0.2007068 0.0002748864 1.868341
v -0.2036121 0.000274864 1.932731
v -0.2036121 0.000274864 1.932731
v -0.1455698 0.03928412 1.912543
v -0.144164 0.03928413 1.881349
v -0.2007068 0.0002748864 1.868341
v -0.2142359 0.01503168 1.86773
v -0.277776 0.0002474906 1.899262
v -0.1708692 0.06534488 1.915542
v -0.2188862 0.01693509 1.932041
v -0.2297125 0.03373333 1.895645
v -0.2297125 0.03373333 1.895645
v -0.187861 0.06766228 1.89423
v -0.1708692 0.06534488 1.915542
v -0.277776 0.0002474906 1.899262
v -0.2297125 0.03373333 1.895645
v -0.2188862 0.01693509 1.932041
v -0.1094091 0.06632385 1.893435
v -0.1285263 0.0009772031 1.892444
v -0.1291016 0.001184059 1.905193
v -0.1708692 0.06534488 1.915542
v -0.1188464 0.06632075 1.913582
v -0.1455698 0.03928412 1.912543
v -0.1415857 0.000765802 1.90438
v -0.1291016 0.001184059 1.905193
v -0.1285263 0.0009772031 1.892444
v -0.1285263 0.0009772031 1.892444
v -0.1410223 0.0007658079 1.89188
v -0.1415857 0.000765802 1.90438
v -0.1455698 0.03928412 1.912543
v -0.2036121 0.000274864 1.932731
v -0.2188862 0.01693509 1.932041
v -0.2188862 0.01693509 1.932041
v -0.1708692 0.06534488 1.915542
v -0.1455698 0.03928412 1.912543
v -0.2007068 0.0002748864 1.868341
v -0.144164 0.03928413 1.881349
v -0.1691458 0.0653449 1.877345
v -0.1691458 0.0653449 1.877345
v -0.2142359 0.01503168 1.86773
v -0.2007068 0.0002748864 1.868341
v -0.1171448 0.09341787 1.894243
v -0.1094091 0.06632385 1.893435
v -0.1188464 0.06632075 1.913582
v -0.1188464 0.06632075 1.913582
v -0.1250068 0.09551537 1.914698
v -0.1171448 0.09341787 1.894243
v -0.1250068 0.09551537 1.914698
v -0.1188464 0.06632075 1.913582
v -0.1708692 0.06534488 1.915542
v -0.1708692 0.06534488 1.915542
v -0.1608869 0.09573072 1.910767
v -0.1250068 0.09551537 1.914698
v -0.1608869 0.09573072 1.910767
v -0.1708692 0.06534488 1.915542
v -0.187861 0.06766228 1.89423
v -0.187861 0.06766228 1.89423
v -0.1688021 0.09744781 1.895706
v -0.1608869 0.09573072 1.910767
v -0.1688021 0.09744781 1.895706
v -0.187861 0.06766228 1.89423
v -0.1691458 0.0653449 1.877345
v -0.1691458 0.0653449 1.877345
v -0.160722 0.09452671 1.875675
v -0.1688021 0.09744781 1.895706
v -0.160722 0.09452671 1.875675
v -0.1691458 0.0653449 1.877345
v -0.1171788 0.06632078 1.876624
v -0.1171788 0.06632078 1.876624
v -0.1297871 0.09430945 1.874758
v -0.160722 0.09452671 1.875675
v -0.1297871 0.09430945 1.874758
v -0.1171788 0.06632078 1.876624
v -0.1094091 0.06632385 1.893435
v -0.1094091 0.06632385 1.893435
v -0.1171448 0.09341787 1.894243
v -0.1297871 0.09430945 1.874758
v -0.2487039 0.5657734 1.90267
v -0.2621766 0.5655374 1.90132
v -0.2537109 0.5914193 1.96274
v -0.2537109 0.5914193 1.96274
v -0.2432227 0.5897876 1.956597
v -0.2487039 0.5657734 1.90267
v -0.2432227 0.5897876 1.956597
v -0.2537109 0.5914193 1.96274
v -0.1319127 0.5895408 1.974404
v -0.1319127 0.5895408 1.974404
v -0.1402236 0.586899 1.967001
v -0.2432227 0.5897876 1.956597
v -0.2164696 1.184821 1.864058
v -0.2150642 1.211887 1.866138
v -0.2015883 1.208995 1.889397
v -0.2015883 1.208995 1.889397
v -0.2025628 1.183041 1.888748
v -0.2164696 1.184821 1.864058
v -0.2249595 1.163572 1.851604
v -0.2207406 1.163347 1.860896
v -0.2274875 1.159808 1.840751
v -0.2274875 1.159808 1.840751
v -0.2207406 1.163347 1.860896
v -0.2292327 1.14613 1.840672
v -0.2232883 1.145531 1.857969
v -0.2292327 1.14613 1.840672
v -0.2207406 1.163347 1.860896
v -0.2222502 1.220186 1.865823
v -0.2137716 1.263392 1.864518
v -0.2025522 1.260036 1.88625
v -0.2025522 1.260036 1.88625
v -0.196417 1.216578 1.892267
v -0.2222502 1.220186 1.865823
v -0.2040458 1.160747 1.882628
v -0.1511683 1.162166 1.895167
v -0.1740008 1.12453 1.872811
v -0.1740008 1.12453 1.872811
v -0.2065746 1.132689 1.869766
v -0.2040458 1.160747 1.882628
v -0.1890966 1.113741 1.842484
v -0.2179505 1.121155 1.855377
v -0.2065746 1.132689 1.869766
v -0.2065746 1.132689 1.869766
v -0.1740008 1.12453 1.872811
v -0.1890966 1.113741 1.842484
v -0.1046503 1.158348 1.890258
v -0.1326513 1.131411 1.879837
v -0.1335574 1.159978 1.902339
v -0.1046503 1.158348 1.890258
v -0.09436811 1.156881 1.846758
v -0.1202215 1.131916 1.845591
v -0.1202215 1.131916 1.845591
v -0.1326513 1.131411 1.879837
v -0.1046503 1.158348 1.890258
v -0.1046503 1.158348 1.890258
v -0.09520429 1.20567 1.892622
v -0.08015139 1.206265 1.847399
v -0.08015139 1.206265 1.847399
v -0.09436811 1.156881 1.846758
v -0.1046503 1.158348 1.890258
v -0.0903054 1.259713 1.86986
v -0.08676633 1.260769 1.847101
v -0.08015139 1.206265 1.847399
v -0.1292048 1.283169 1.868105
v -0.1794692 1.282106 1.865837
v -0.1784649 1.283393 1.842963
v -0.1784649 1.283393 1.842963
v -0.126933 1.28434 1.845288
v -0.1292048 1.283169 1.868105
v -0.2226483 1.114406 1.84097
v -0.2179505 1.121155 1.855377
v -0.1890966 1.113741 1.842484
v -0.2137716 1.263392 1.864518
v -0.2222502 1.220186 1.865823
v -0.2171357 1.264498 1.841218
v -0.2222502 1.220186 1.865823
v -0.2276449 1.214769 1.846946
v -0.2171357 1.264498 1.841218
v -0.2278015 1.213379 1.840737
v -0.2171357 1.264498 1.841218
v -0.2276449 1.214769 1.846946
v -0.2179505 1.121155 1.855377
v -0.2232883 1.145531 1.857969
v -0.2065746 1.132689 1.869766
v -0.2267305 1.19031 1.840786
v -0.2257177 1.205675 1.840831
v -0.2241456 1.206325 1.846087
v -0.2241456 1.206325 1.846087
v -0.2244425 1.190937 1.844924
v -0.2267305 1.19031 1.840786
v -0.2420859 1.170444 1.840093
v -0.2267305 1.19031 1.840786
v -0.2244425 1.190937 1.844924
v -0.2244425 1.190937 1.844924
v -0.2395317 1.171935 1.844112
v -0.2420859 1.170444 1.840093
v -0.2274875 1.159808 1.840751
v -0.2420859 1.170444 1.840093
v -0.2395317 1.171935 1.844112
v -0.2395317 1.171935 1.844112
v -0.2249595 1.163572 1.851604
v -0.2274875 1.159808 1.840751
v -0.2395317 1.171935 1.844112
v -0.2244425 1.190937 1.844924
v -0.2199697 1.188671 1.849068
v -0.2199697 1.188671 1.849068
v -0.2249595 1.163572 1.851604
v -0.2395317 1.171935 1.844112
v -0.2150642 1.211887 1.866138
v -0.2222502 1.220186 1.865823
v -0.196417 1.216578 1.892267
v -0.196417 1.216578 1.892267
v -0.2015883 1.208995 1.889397
v -0.2150642 1.211887 1.866138
v -0.2257177 1.205675 1.840831
v -0.2278015 1.213379 1.840737
v -0.2276449 1.214769 1.846946
v -0.2276449 1.214769 1.846946
v -0.2241456 1.206325 1.846087
v -0.2257177 1.205675 1.840831
v -0.1202215 1.131916 1.845591
v -0.1054855 1.061968 1.846256
v -0.1135411 1.070917 1.8829
v -0.1135411 1.070917 1.8829
v -0.1326513 1.131411 1.879837
v -0.1202215 1.131916 1.845591
v -0.1751499 1.059705 1.870283
v -0.1740008 1.12453 1.872811
v -0.1326513 1.131411 1.879837
v -0.1326513 1.131411 1.879837
v -0.1135411 1.070917 1.8829
v -0.1751499 1.059705 1.870283
v -0.1843151 1.047897 1.842699
v -0.1890966 1.113741 1.842484
v -0.1740008 1.12453 1.872811
v -0.1740008 1.12453 1.872811
v -0.1751499 1.059705 1.870283
v -0.1843151 1.047897 1.842699
v -0.2025628 1.183041 1.888748
v -0.2040458 1.160747 1.882628
v -0.2207406 1.163347 1.860896
v -0.2207406 1.163347 1.860896
v -0.2164696 1.184821 1.864058
v -0.2025628 1.183041 1.888748
v -0.2164696 1.184821 1.864058
v -0.2207406 1.163347 1.860896
v -0.2249595 1.163572 1.851604
v -0.2249595 1.163572 1.851604
v -0.2199697 1.188671 1.849068
v -0.2164696 1.184821 1.864058
v -0.1511683 1.162166 1.895167
v -0.2040458 1.160747 1.882628
v -0.2025628 1.183041 1.888748
v -0.2232883 1.145531 1.857969
v -0.2179505 1.121155 1.855377
v -0.2226483 1.114406 1.84097
v -0.2226483 1.114406 1.84097
v -0.2292327 1.14613 1.840672
v -0.2232883 1.145531 1.857969
v -0.09993851 1.250232 1.892408
v -0.1216045 1.230584 1.909133
v -0.1543006 1.252548 1.907631
v -0.1543006 1.252548 1.907631
v -0.132411 1.272014 1.89099
v -0.09993851 1.250232 1.892408
v -0.2137716 1.263392 1.864518
v -0.1794692 1.282106 1.865837
v -0.1804306 1.272353 1.892479
v -0.1804306 1.272353 1.892479
v -0.2025522 1.260036 1.88625
v -0.2137716 1.263392 1.864518
v -0.132411 1.272014 1.89099
v -0.1804306 1.272353 1.892479
v -0.1794692 1.282106 1.865837
v -0.1794692 1.282106 1.865837
v -0.1292048 1.283169 1.868105
v -0.132411 1.272014 1.89099
v -0.2171357 1.264498 1.841218
v -0.1784649 1.283393 1.842963
v -0.1794692 1.282106 1.865837
v -0.1794692 1.282106 1.865837
v -0.2137716 1.263392 1.864518
v -0.2171357 1.264498 1.841218
v -0.09993851 1.250232 1.892408
v -0.132411 1.272014 1.89099
v -0.1292048 1.283169 1.868105
v -0.1292048 1.283169 1.868105
v -0.0903054 1.259713 1.86986
v -0.09993851 1.250232 1.892408
v -0.0903054 1.259713 1.86986
v -0.1292048 1.283169 1.868105
v -0.126933 1.28434 1.845288
v -0.126933 1.28434 1.845288
v -0.08676633 1.260769 1.847101
v -0.0903054 1.259713 1.86986
v -0.183925 1.254697 1.903202
v -0.1804306 1.272353 1.892479
v -0.132411 1.272014 1.89099
v -0.132411 1.272014 1.89099
v -0.1543006 1.252548 1.907631
v -0.183925 1.254697 1.903202
v -0.2232883 1.145531 1.857969
v -0.2207406 1.163347 1.860896
v -0.2040458 1.160747 1.882628
v -0.2232883 1.145531 1.857969
v -0.2040458 1.160747 1.882628
v -0.2065746 1.132689 1.869766
v -0.2199697 1.188671 1.849068
v -0.2244425 1.190937 1.844924
v -0.2241456 1.206325 1.846087
v -0.2276449 1.214769 1.846946
v -0.2222502 1.220186 1.865823
v -0.2150642 1.211887 1.866138
v -0.2150642 1.211887 1.866138
v -0.2241456 1.206325 1.846087
v -0.2276449 1.214769 1.846946
v -0.2199697 1.188671 1.849068
v -0.2241456 1.206325 1.846087
v -0.2150642 1.211887 1.866138
v -0.2150642 1.211887 1.866138
v -0.2164696 1.184821 1.864058
v -0.2199697 1.188671 1.849068
v -0.1467265 1.063829 1.932619
v -0.1135411 1.070917 1.8829
v -0.1157755 1.048856 1.935009
v -0.0903054 1.259713 1.86986
v -0.08015139 1.206265 1.847399
v -0.09520429 1.20567 1.892622
v -0.0903054 1.259713 1.86986
v -0.09520429 1.20567 1.892622
v -0.09993851 1.250232 1.892408
v -0.1823756 1.166669 1.914338
v -0.1981979 1.096232 1.893874
v -0.1928458 1.1713 1.898905
v -0.1511683 1.162166 1.895167
v -0.1981979 1.096232 1.893874
v -0.1823756 1.166669 1.914338
v -0.1928458 1.1713 1.898905
v -0.1981979 1.096232 1.893874
v -0.1511683 1.162166 1.895167
v -0.1823756 1.166669 1.914338
v -0.1928458 1.1713 1.898905
v -0.2015883 1.208995 1.889397
v -0.2015883 1.208995 1.889397
v -0.1813058 1.209299 1.916849
v -0.1823756 1.166669 1.914338
v -0.1823756 1.166669 1.914338
v -0.1524559 1.207951 1.913811
v -0.1511683 1.162166 1.895167
v -0.1511683 1.162166 1.895167
v -0.2015883 1.208995 1.889397
v -0.1928458 1.1713 1.898905
v -0.2015883 1.208995 1.889397
v -0.1511683 1.162166 1.895167
v -0.2025628 1.183041 1.888748
v -0.1524559 1.207951 1.913811
v -0.1813058 1.209299 1.916849
v -0.183925 1.254697 1.903202
v -0.183925 1.254697 1.903202
v -0.1543006 1.252548 1.907631
v -0.1524559 1.207951 1.913811
v -0.1804306 1.272353 1.892479
v -0.183925 1.254697 1.903202
v -0.2025522 1.260036 1.88625
v -0.183925 1.254697 1.903202
v -0.196417 1.216578 1.892267
v -0.2025522 1.260036 1.88625
v -0.1813058 1.209299 1.916849
v -0.1524559 1.207951 1.913811
v -0.1823756 1.166669 1.914338
v -0.1813058 1.209299 1.916849
v -0.2015883 1.208995 1.889397
v -0.196417 1.216578 1.892267
v -0.183925 1.254697 1.903202
v -0.1813058 1.209299 1.916849
v -0.196417 1.216578 1.892267
v -0.1273186 1.20558 1.912313
v -0.09520429 1.20567 1.892622
v -0.1046503 1.158348 1.890258
v -0.1046503 1.158348 1.890258
v -0.1335574 1.159978 1.902339
v -0.1273186 1.20558 1.912313
v -0.1524559 1.207951 1.913811
v -0.1273186 1.20558 1.912313
v -0.1335574 1.159978 1.902339
v -0.1335574 1.159978 1.902339
v -0.1511683 1.162166 1.895167
v -0.1524559 1.207951 1.913811
v -0.1511683 1.162166 1.895167
v -0.1335574 1.159978 1.902339
v -0.1326513 1.131411 1.879837
v -0.1326513 1.131411 1.879837
v -0.1740008 1.12453 1.872811
v -0.1511683 1.162166 1.895167
v -0.1273186 1.20558 1.912313
v -0.1216045 1.230584 1.909133
v -0.09993851 1.250232 1.892408
v -0.09993851 1.250232 1.892408
v -0.09520429 1.20567 1.892622
v -0.1273186 1.20558 1.912313
v -0.1524559 1.207951 1.913811
v -0.1543006 1.252548 1.907631
v -0.1216045 1.230584 1.909133
v -0.1216045 1.230584 1.909133
v -0.1273186 1.20558 1.912313
v -0.1524559 1.207951 1.913811
v -0.0620531 1.061729 1.848216
v -0.03517959 1.108619 1.86637
v -0.02020527 1.107098 1.850104
v -0.0620531 1.061729 1.848216
v -0.06388694 1.105025 1.864787
v -0.03517959 1.108619 1.86637
v -0.09272648 1.20627 1.853253
v -0.06866296 1.192095 1.859692
v -0.07803613 1.183316 1.859183
v -0.07803613 1.183316 1.859183
v -0.09400411 1.200986 1.853196
v -0.09272648 1.20627 1.853253
v -0.0917985 1.208912 1.846874
v -0.06174698 1.196962 1.848229
v -0.06866296 1.192095 1.859692
v -0.06866296 1.192095 1.859692
v -0.09272648 1.20627 1.853253
v -0.0917985 1.208912 1.846874
v -0.09400411 1.200986 1.853196
v -0.07803613 1.183316 1.859183
v -0.0834001 1.178558 1.847252
v -0.0834001 1.178558 1.847252
v -0.09435377 1.198344 1.846758
v -0.09400411 1.200986 1.853196
v -0.08268264 1.137444 1.847285
v -0.0834001 1.178558 1.847252
v -0.07803613 1.183316 1.859183
v -0.07803613 1.183316 1.859183
v -0.07378799 1.140166 1.865247
v -0.08268264 1.137444 1.847285
v -0.03441435 1.156479 1.849463
v -0.02020527 1.107098 1.850104
v -0.03517959 1.108619 1.86637
v -0.03517959 1.108619 1.86637
v -0.04692708 1.15354 1.866672
v -0.03441435 1.156479 1.849463
v -0.04692708 1.15354 1.866672
v -0.03517959 1.108619 1.86637
v -0.06388694 1.105025 1.864787
v -0.06388694 1.105025 1.864787
v -0.07378799 1.140166 1.865247
v -0.04692708 1.15354 1.866672
v -0.0620531 1.061729 1.848216
v -0.07414322 1.105925 1.84767
v -0.06388694 1.105025 1.864787
v -0.06866296 1.192095 1.859692
v -0.04692708 1.15354 1.866672
v -0.07378799 1.140166 1.865247
v -0.07378799 1.140166 1.865247
v -0.07803613 1.183316 1.859183
v -0.06866296 1.192095 1.859692
v -0.06174698 1.196962 1.848229
v -0.03441435 1.156479 1.849463
v -0.04692708 1.15354 1.866672
v -0.04692708 1.15354 1.866672
v -0.06866296 1.192095 1.859692
v -0.06174698 1.196962 1.848229
v -0.07414322 1.105925 1.84767
v -0.08268264 1.137444 1.847285
v -0.07378799 1.140166 1.865247
v -0.07378799 1.140166 1.865247
v -0.06388694 1.105025 1.864787
v -0.07414322 1.105925 1.84767
v -0.1285263 0.0009772031 1.892444
v -0.1171788 0.06632078 1.876624
v -0.144164 0.03928413 1.881349
v -0.144164 0.03928413 1.881349
v -0.1410223 0.0007658079 1.89188
v -0.1285263 0.0009772031 1.892444
v -0.1311561 0.729448 1.893474
v -0.1089046 0.5777802 1.912292
v -0.1319127 0.5895408 1.974404
v -0.1319127 0.5895408 1.974404
v -0.1540837 0.7297523 1.942183
v -0.1311561 0.729448 1.893474
v -0.2545904 0.6924252 1.893584
v -0.2621766 0.5655374 1.90132
v -0.251635 0.5601265 1.839662
v -0.1215936 0.7249761 1.845529
v -0.09712944 0.5719168 1.846633
v -0.1089046 0.5777802 1.912292
v -0.1089046 0.5777802 1.912292
v -0.1311561 0.729448 1.893474
v -0.1215936 0.7249761 1.845529
v -0.2621766 0.5655374 1.90132
v -0.2545904 0.6924252 1.893584
v -0.2406429 0.708504 1.941412
v -0.2406429 0.708504 1.941412
v -0.2537109 0.5914193 1.96274
v -0.2621766 0.5655374 1.90132
v -0.1402236 0.586899 1.967001
v -0.1319127 0.5895408 1.974404
v -0.1089046 0.5777802 1.912292
v -0.1089046 0.5777802 1.912292
v -0.1216815 0.5760769 1.909733
v -0.1402236 0.586899 1.967001
v -0.09712944 0.5719168 1.846633
v -0.1106955 0.5704313 1.853391
v -0.1216815 0.5760769 1.909733
v -0.1216815 0.5760769 1.909733
v -0.1089046 0.5777802 1.912292
v -0.09712944 0.5719168 1.846633
v -0.251635 0.5601265 1.839662
v -0.2556435 0.6787421 1.839481
v -0.2545904 0.6924252 1.893584
v -0.1455698 0.03928412 1.912543
v -0.1415857 0.000765802 1.90438
v -0.1410223 0.0007658079 1.89188
v -0.1410223 0.0007658079 1.89188
v -0.144164 0.03928413 1.881349
v -0.1455698 0.03928412 1.912543
v -0.1455698 0.03928412 1.912543
v -0.1188464 0.06632075 1.913582
v -0.1291016 0.001184059 1.905193
v -0.1291016 0.001184059 1.905193
v -0.1415857 0.000765802 1.90438
v -0.1455698 0.03928412 1.912543
v -0.1094091 0.06632385 1.893435
v -0.1171788 0.06632078 1.876624
v -0.1285263 0.0009772031 1.892444
v -0.1094091 0.06632385 1.893435
v -0.1291016 0.001184059 1.905193
v -0.1188464 0.06632075 1.913582
v -0.2271864 0.5047768 1.830051
v -0.2296266 0.5593777 1.830831
v -0.1100317 0.5704313 1.838681
v -0.1100317 0.5704313 1.838681
v -0.1442186 0.5071689 1.834335
v -0.2271864 0.5047768 1.830051
v -0.1317164 0.5304143 1.784821
v -0.1158991 0.5760769 1.781578
v -0.1292086 0.586899 1.722874
v -0.1292086 0.586899 1.722874
v -0.1352307 0.539878 1.728549
v -0.1317164 0.5304143 1.784821
v -0.1352307 0.539878 1.728549
v -0.1292086 0.586899 1.722874
v -0.2327261 0.5897877 1.723959
v -0.2327261 0.5897877 1.723959
v -0.2265489 0.5404817 1.725585
v -0.1352307 0.539878 1.728549
v -0.2379142 0.5274025 1.780263
v -0.2430414 0.5657734 1.777173
v -0.2296266 0.5593777 1.830831
v -0.2296266 0.5593777 1.830831
v -0.2271864 0.5047768 1.830051
v -0.2379142 0.5274025 1.780263
v -0.1030102 0.2534697 1.789508
v -0.1248139 0.2685478 1.748992
v -0.1187638 0.09551522 1.776334
v -0.1187638 0.09551522 1.776334
v -0.1127758 0.0934177 1.797414
v -0.1030102 0.2534697 1.789508
v -0.1773154 0.2327114 1.822371
v -0.1338753 0.2383687 1.827062
v -0.1271215 0.09430928 1.815681
v -0.1271215 0.09430928 1.815681
v -0.1578482 0.09452657 1.811982
v -0.1773154 0.2327114 1.822371
v -0.1248139 0.2685478 1.748992
v -0.1732762 0.2610041 1.749536
v -0.1548522 0.09573064 1.777018
v -0.1548522 0.09573064 1.777018
v -0.1187638 0.09551522 1.776334
v -0.1248139 0.2685478 1.748992
v -0.1851975 0.2263848 1.785799
v -0.1773154 0.2327114 1.822371
v -0.1578482 0.09452657 1.811982
v -0.1578482 0.09452657 1.811982
v -0.1640916 0.0974477 1.791305
v -0.1851975 0.2263848 1.785799
v -0.1732762 0.2610041 1.749536
v -0.1851975 0.2263848 1.785799
v -0.1640916 0.0974477 1.791305
v -0.1640916 0.0974477 1.791305
v -0.1548522 0.09573064 1.777018
v -0.1732762 0.2610041 1.749536
v -0.1338753 0.2383687 1.827062
v -0.1030102 0.2534697 1.789508
v -0.1127758 0.0934177 1.797414
v -0.1127758 0.0934177 1.797414
v -0.1271215 0.09430928 1.815681
v -0.1338753 0.2383687 1.827062
v -0.2265489 0.5404817 1.725585
v -0.2327261 0.5897877 1.723959
v -0.2430414 0.5657734 1.777173
v -0.2430414 0.5657734 1.777173
v -0.2379142 0.5274025 1.780263
v -0.2265489 0.5404817 1.725585
v -0.1442186 0.5071689 1.834335
v -0.1100317 0.5704313 1.838681
v -0.1158991 0.5760769 1.781578
v -0.1158991 0.5760769 1.781578
v -0.1317164 0.5304143 1.784821
v -0.1442186 0.5071689 1.834335
v -0.1535607 0.3601499 1.815978
v -0.1370931 0.3682149 1.787892
v -0.1030102 0.2534697 1.789508
v -0.1030102 0.2534697 1.789508
v -0.1338753 0.2383687 1.827062
v -0.1535607 0.3601499 1.815978
v -0.1950877 0.3266486 1.757921
v -0.2019886 0.30967 1.780825
v -0.1851975 0.2263848 1.785799
v -0.1851975 0.2263848 1.785799
v -0.1732762 0.2610041 1.749536
v -0.1950877 0.3266486 1.757921
v -0.2019886 0.30967 1.780825
v -0.1924416 0.3183613 1.808091
v -0.1773154 0.2327114 1.822371
v -0.1773154 0.2327114 1.822371
v -0.1851975 0.2263848 1.785799
v -0.2019886 0.30967 1.780825
v -0.1485441 0.3653935 1.756394
v -0.1950877 0.3266486 1.757921
v -0.1732762 0.2610041 1.749536
v -0.1732762 0.2610041 1.749536
v -0.1248139 0.2685478 1.748992
v -0.1485441 0.3653935 1.756394
v -0.1924416 0.3183613 1.808091
v -0.1535607 0.3601499 1.815978
v -0.1338753 0.2383687 1.827062
v -0.1338753 0.2383687 1.827062
v -0.1773154 0.2327114 1.822371
v -0.1924416 0.3183613 1.808091
v -0.1370931 0.3682149 1.787892
v -0.1485441 0.3653935 1.756394
v -0.1248139 0.2685478 1.748992
v -0.1248139 0.2685478 1.748992
v -0.1030102 0.2534697 1.789508
v -0.1370931 0.3682149 1.787892
v -0.1535607 0.3601499 1.815978
v -0.1442186 0.5071689 1.834335
v -0.1317164 0.5304143 1.784821
v -0.1317164 0.5304143 1.784821
v -0.1370931 0.3682149 1.787892
v -0.1535607 0.3601499 1.815978
v -0.2084426 0.3817938 1.755379
v -0.2265489 0.5404817 1.725585
v -0.2379142 0.5274025 1.780263
v -0.2379142 0.5274025 1.780263
v -0.2167574 0.3925809 1.786572
v -0.2084426 0.3817938 1.755379
v -0.2167574 0.3925809 1.786572
v -0.2379142 0.5274025 1.780263
v -0.2271864 0.5047768 1.830051
v -0.2271864 0.5047768 1.830051
v -0.2053852 0.3733954 1.817585
v -0.2167574 0.3925809 1.786572
v -0.1485441 0.3653935 1.756394
v -0.1352307 0.539878 1.728549
v -0.2265489 0.5404817 1.725585
v -0.2265489 0.5404817 1.725585
v -0.2084426 0.3817938 1.755379
v -0.1485441 0.3653935 1.756394
v -0.1370931 0.3682149 1.787892
v -0.1317164 0.5304143 1.784821
v -0.1352307 0.539878 1.728549
v -0.1352307 0.539878 1.728549
v -0.1485441 0.3653935 1.756394
v -0.1370931 0.3682149 1.787892
v -0.2053852 0.3733954 1.817585
v -0.2271864 0.5047768 1.830051
v -0.1442186 0.5071689 1.834335
v -0.1442186 0.5071689 1.834335
v -0.1535607 0.3601499 1.815978
v -0.2053852 0.3733954 1.817585
v -0.2053852 0.3733954 1.817585
v -0.1535607 0.3601499 1.815978
v -0.2069111 0.3485886 1.811653
v -0.251635 0.5601265 1.839662
v -0.09712944 0.5719168 1.846633
v -0.1100317 0.5704313 1.838681
v -0.1100317 0.5704313 1.838681
v -0.2296266 0.5593777 1.830831
v -0.251635 0.5601265 1.839662
v -0.2084426 0.3817938 1.755379
v -0.2103754 0.3532919 1.75644
v -0.1485441 0.3653935 1.756394
v -0.2182822 0.3470916 1.781739
v -0.2167574 0.3925809 1.786572
v -0.2053852 0.3733954 1.817585
v -0.2053852 0.3733954 1.817585
v -0.2069111 0.3485886 1.811653
v -0.2182822 0.3470916 1.781739
v -0.2103754 0.3532919 1.75644
v -0.2084426 0.3817938 1.755379
v -0.2167574 0.3925809 1.786572
v -0.2167574 0.3925809 1.786572
v -0.2182822 0.3470916 1.781739
v -0.2103754 0.3532919 1.75644
v -0.1535607 0.3601499 1.815978
v -0.1924416 0.3183613 1.808091
v -0.2069111 0.3485886 1.811653
v -0.2103754 0.3532919 1.75644
v -0.1950877 0.3266486 1.757921
v -0.1485441 0.3653935 1.756394
v -0.2182822 0.3470916 1.781739
v -0.2069111 0.3485886 1.811653
v -0.1924416 0.3183613 1.808091
v -0.1924416 0.3183613 1.808091
v -0.2019886 0.30967 1.780825
v -0.2182822 0.3470916 1.781739
v -0.2103754 0.3532919 1.75644
v -0.2182822 0.3470916 1.781739
v -0.2019886 0.30967 1.780825
v -0.2019886 0.30967 1.780825
v -0.1950877 0.3266486 1.757921
v -0.2103754 0.3532919 1.75644
v -0.2619379 0.8922466 1.788821
v -0.2231737 0.8863829 1.749592
v -0.2121725 0.958638 1.743886
v -0.2121725 0.958638 1.743886
v -0.2664975 0.9589631 1.77989
v -0.2619379 0.8922466 1.788821
v -0.1452475 0.7297524 1.746342
v -0.2315244 0.7085041 1.739314
v -0.2426184 0.5914193 1.716897
v -0.2426184 0.5914193 1.716897
v -0.1202647 0.5895409 1.716249
v -0.1452475 0.7297524 1.746342
v -0.256581 0.5655374 1.777305
v -0.251635 0.5601265 1.839662
v -0.2296266 0.5593777 1.830831
v -0.2296266 0.5593777 1.830831
v -0.2430414 0.5657734 1.777173
v -0.256581 0.5655374 1.777305
v -0.2227472 1.008507 1.798883
v -0.1833012 1.002836 1.747702
v -0.1743214 1.049114 1.756335
v -0.1743214 1.049114 1.756335
v -0.1727031 1.059704 1.816053
v -0.2227472 1.008507 1.798883
v -0.1727031 1.059704 1.816053
v -0.1743214 1.049114 1.756335
v -0.1409577 1.063858 1.756371
v -0.1282478 0.8713539 1.805839
v -0.1328815 0.8708002 1.84502
v -0.105733 0.9438178 1.846245
v -0.105733 0.9438178 1.846245
v -0.1024068 0.9395641 1.797697
v -0.1282478 0.8713539 1.805839
v -0.09418778 0.9936203 1.797183
v -0.1022944 0.9961126 1.8464
v -0.1054855 1.061968 1.846256
v -0.1054855 1.061968 1.846256
v -0.1102084 1.070917 1.809036
v -0.09418778 0.9936203 1.797183
v -0.1419289 0.8763444 1.76066
v -0.1282478 0.8713539 1.805839
v -0.1024068 0.9395641 1.797697
v -0.1024068 0.9395641 1.797697
v -0.1218312 0.9420516 1.753897
v -0.1419289 0.8763444 1.76066
v -0.1013625 0.989944 1.74982
v -0.09418778 0.9936203 1.797183
v -0.1102084 1.070917 1.809036
v -0.1102084 1.070917 1.809036
v -0.1091773 1.050053 1.757324
v -0.1013625 0.989944 1.74982
v -0.2306448 1.00708 1.840609
v -0.2227472 1.008507 1.798883
v -0.1727031 1.059704 1.816053
v -0.1727031 1.059704 1.816053
v -0.1843151 1.047897 1.842699
v -0.2306448 1.00708 1.840609
v -0.2556435 0.6787421 1.839481
v -0.2497223 0.6924254 1.785692
v -0.25208 0.8033693 1.801254
v -0.25208 0.8033693 1.801254
v -0.2644546 0.8068992 1.839083
v -0.2556435 0.6787421 1.839481
v -0.1452475 0.7297524 1.746342
v -0.1267995 0.729448 1.796918
v -0.1548133 0.8018948 1.813515
v -0.1548133 0.8018948 1.813515
v -0.170536 0.8034118 1.772075
v -0.1452475 0.7297524 1.746342
v -0.2688757 0.8969243 1.838884
v -0.2619379 0.8922466 1.788821
v -0.2664975 0.9589631 1.77989
v -0.2664975 0.9589631 1.77989
v -0.2729779 0.9559398 1.838699
v -0.2688757 0.8969243 1.838884
v -0.1267995 0.729448 1.796918
v -0.1215936 0.7249761 1.845529
v -0.1574497 0.800345 1.843911
v -0.1574497 0.800345 1.843911
v -0.1548133 0.8018948 1.813515
v -0.1267995 0.729448 1.796918
v -0.2497223 0.6924254 1.785692
v -0.2315244 0.7085041 1.739314
v -0.2268157 0.7989898 1.767554
v -0.2268157 0.7989898 1.767554
v -0.25208 0.8033693 1.801254
v -0.2497223 0.6924254 1.785692
v -0.2231737 0.8863829 1.749592
v -0.1419289 0.8763444 1.76066
v -0.1218312 0.9420516 1.753897
v -0.1218312 0.9420516 1.753897
v -0.2121725 0.958638 1.743886
v -0.2231737 0.8863829 1.749592
v -0.2315244 0.7085041 1.739314
v -0.1452475 0.7297524 1.746342
v -0.170536 0.8034118 1.772075
v -0.170536 0.8034118 1.772075
v -0.2268157 0.7989898 1.767554
v -0.2315244 0.7085041 1.739314
v -0.2268157 0.7989898 1.767554
v -0.170536 0.8034118 1.772075
v -0.1419289 0.8763444 1.76066
v -0.1419289 0.8763444 1.76066
v -0.2231737 0.8863829 1.749592
v -0.2268157 0.7989898 1.767554
v -0.2644546 0.8068992 1.839083
v -0.25208 0.8033693 1.801254
v -0.2619379 0.8922466 1.788821
v -0.2619379 0.8922466 1.788821
v -0.2688757 0.8969243 1.838884
v -0.2644546 0.8068992 1.839083
v -0.170536 0.8034118 1.772075
v -0.1548133 0.8018948 1.813515
v -0.1282478 0.8713539 1.805839
v -0.1282478 0.8713539 1.805839
v -0.1419289 0.8763444 1.76066
v -0.170536 0.8034118 1.772075
v -0.1548133 0.8018948 1.813515
v -0.1574497 0.800345 1.843911
v -0.1328815 0.8708002 1.84502
v -0.1328815 0.8708002 1.84502
v -0.1282478 0.8713539 1.805839
v -0.1548133 0.8018948 1.813515
v -0.25208 0.8033693 1.801254
v -0.2268157 0.7989898 1.767554
v -0.2231737 0.8863829 1.749592
v -0.2231737 0.8863829 1.749592
v -0.2619379 0.8922466 1.788821
v -0.25208 0.8033693 1.801254
v -0.1990366 0.6545405 1.624807
v -0.1937985 0.6505611 1.642114
v -0.194331 0.6768786 1.647743
v -0.194331 0.6768786 1.647743
v -0.1907929 0.6849201 1.634983
v -0.1990366 0.6545405 1.624807
v -0.1937985 0.6505611 1.642114
v -0.2079856 0.652597 1.646373
v -0.2087466 0.6757861 1.650852
v -0.2087466 0.6757861 1.650852
v -0.194331 0.6768786 1.647743
v -0.1937985 0.6505611 1.642114
v -0.2079856 0.652597 1.646373
v -0.2270615 0.6576141 1.648277
v -0.2226658 0.6804733 1.649242
v -0.2226658 0.6804733 1.649242
v -0.2087466 0.6757861 1.650852
v -0.2079856 0.652597 1.646373
v -0.2270615 0.6576141 1.648277
v -0.2294782 0.6598676 1.628931
v -0.2198738 0.6894503 1.634996
v -0.2198738 0.6894503 1.634996
v -0.2226658 0.6804733 1.649242
v -0.2270615 0.6576141 1.648277
v -0.2294782 0.6598676 1.628931
v -0.2150789 0.6569259 1.624135
v -0.2053805 0.6900011 1.630566
v -0.2053805 0.6900011 1.630566
v -0.2198738 0.6894503 1.634996
v -0.2294782 0.6598676 1.628931
v -0.2150789 0.6569259 1.624135
v -0.1990366 0.6545405 1.624807
v -0.1907929 0.6849201 1.634983
v -0.1907929 0.6849201 1.634983
v -0.2053805 0.6900011 1.630566
v -0.2150789 0.6569259 1.624135
v -0.1907929 0.6849201 1.634983
v -0.194331 0.6768786 1.647743
v -0.1780508 0.7143472 1.656861
v -0.1780508 0.7143472 1.656861
v -0.1768622 0.720561 1.642356
v -0.1907929 0.6849201 1.634983
v -0.194331 0.6768786 1.647743
v -0.2087466 0.6757861 1.650852
v -0.1947912 0.7156845 1.662648
v -0.1947912 0.7156845 1.662648
v -0.1780508 0.7143472 1.656861
v -0.194331 0.6768786 1.647743
v -0.2226658 0.6804733 1.649242
v -0.2198738 0.6894503 1.634996
v -0.2091533 0.7290527 1.643267
v -0.2091533 0.7290527 1.643267
v -0.2100562 0.7222683 1.658493
v -0.2226658 0.6804733 1.649242
v -0.2198738 0.6894503 1.634996
v -0.2053805 0.6900011 1.630566
v -0.1929969 0.7269746 1.636581
v -0.1929969 0.7269746 1.636581
v -0.2091533 0.7290527 1.643267
v -0.2198738 0.6894503 1.634996
v -0.2053805 0.6900011 1.630566
v -0.1907929 0.6849201 1.634983
v -0.1768622 0.720561 1.642356
v -0.1768622 0.720561 1.642356
v -0.1929969 0.7269746 1.636581
v -0.2053805 0.6900011 1.630566
v -0.195705 0.6254165 1.618319
v -0.1940743 0.5874561 1.624253
v -0.1921996 0.5891376 1.633286
v -0.1921996 0.5891376 1.633286
v -0.1930486 0.626353 1.632521
v -0.195705 0.6254165 1.618319
v -0.2179485 0.6246575 1.61968
v -0.2190314 0.5813103 1.626821
v -0.1940743 0.5874561 1.624253
v -0.1940743 0.5874561 1.624253
v -0.195705 0.6254165 1.618319
v -0.2179485 0.6246575 1.61968
v -0.1930223 0.5681243 1.642699
v -0.1942776 0.5656838 1.63765
v -0.2184047 0.5517968 1.644204
v -0.2184047 0.5517968 1.644204
v -0.2170028 0.5544667 1.650004
v -0.1930223 0.5681243 1.642699
v -0.2170028 0.5544667 1.650004
v -0.2184047 0.5517968 1.644204
v -0.2458552 0.5566991 1.64573
v -0.2458552 0.5566991 1.64573
v -0.2438188 0.559594 1.651711
v -0.2170028 0.5544667 1.650004
v -0.1930486 0.626353 1.632521
v -0.1921996 0.5891376 1.633286
v -0.2176117 0.5836368 1.638178
v -0.2176117 0.5836368 1.638178
v -0.2185492 0.6189138 1.640762
v -0.1930486 0.626353 1.632521
v -0.2185492 0.6189138 1.640762
v -0.2176117 0.5836368 1.638178
v -0.2440236 0.5842617 1.642823
v -0.2440236 0.5842617 1.642823
v -0.2386533 0.6175268 1.64683
v -0.2185492 0.6189138 1.640762
v -0.2179485 0.6246575 1.61968
v -0.2410838 0.6388564 1.631883
v -0.2437512 0.6185641 1.631183
v -0.2437512 0.6185641 1.631183
v -0.2476783 0.582999 1.633797
v -0.2190314 0.5813103 1.626821
v -0.2190314 0.5813103 1.626821
v -0.2179485 0.6246575 1.61968
v -0.2437512 0.6185641 1.631183
v -0.2185492 0.6189138 1.640762
v -0.2102852 0.6354557 1.642947
v -0.1930486 0.626353 1.632521
v -0.2218195 0.6379427 1.659998
v -0.2102852 0.6354557 1.642947
v -0.2185492 0.6189138 1.640762
v -0.2440236 0.5842617 1.642823
v -0.2176117 0.5836368 1.638178
v -0.2170028 0.5544667 1.650004
v -0.2170028 0.5544667 1.650004
v -0.2438188 0.559594 1.651711
v -0.2440236 0.5842617 1.642823
v -0.2476783 0.582999 1.633797
v -0.2440236 0.5842617 1.642823
v -0.2438188 0.559594 1.651711
v -0.2438188 0.559594 1.651711
v -0.2458552 0.5566991 1.64573
v -0.2476783 0.582999 1.633797
v -0.1921996 0.5891376 1.633286
v -0.1930223 0.5681243 1.642699
v -0.2170028 0.5544667 1.650004
v -0.2170028 0.5544667 1.650004
v -0.2176117 0.5836368 1.638178
v -0.1921996 0.5891376 1.633286
v -0.1940743 0.5874561 1.624253
v -0.1942776 0.5656838 1.63765
v -0.1930223 0.5681243 1.642699
v -0.1930223 0.5681243 1.642699
v -0.1921996 0.5891376 1.633286
v -0.1940743 0.5874561 1.624253
v -0.2190314 0.5813103 1.626821
v -0.2184047 0.5517968 1.644204
v -0.1942776 0.5656838 1.63765
v -0.1942776 0.5656838 1.63765
v -0.1940743 0.5874561 1.624253
v -0.2190314 0.5813103 1.626821
v -0.2410838 0.6388564 1.631883
v -0.2179485 0.6246575 1.61968
v -0.2154537 0.6597895 1.622375
v -0.2154537 0.6597895 1.622375
v -0.2302029 0.6625049 1.628759
v -0.2410838 0.6388564 1.631883
v -0.2365723 0.6449577 1.660136
v -0.2410838 0.6388564 1.631883
v -0.2302029 0.6625049 1.628759
v -0.2302029 0.6625049 1.628759
v -0.2265626 0.6626346 1.649794
v -0.2365723 0.6449577 1.660136
v -0.2218195 0.6379427 1.659998
v -0.2365723 0.6449577 1.660136
v -0.2265626 0.6626346 1.649794
v -0.2265626 0.6626346 1.649794
v -0.212261 0.6579785 1.649959
v -0.2218195 0.6379427 1.659998
v -0.2218195 0.6379427 1.659998
v -0.212261 0.6579785 1.649959
v -0.2102852 0.6354557 1.642947
v -0.1930486 0.626353 1.632521
v -0.2102852 0.6354557 1.642947
v -0.212261 0.6579785 1.649959
v -0.212261 0.6579785 1.649959
v -0.1950534 0.6549001 1.644449
v -0.1930486 0.626353 1.632521
v -0.1950534 0.6549001 1.644449
v -0.1981221 0.6595681 1.623446
v -0.195705 0.6254165 1.618319
v -0.195705 0.6254165 1.618319
v -0.1930486 0.626353 1.632521
v -0.1950534 0.6549001 1.644449
v -0.2179485 0.6246575 1.61968
v -0.195705 0.6254165 1.618319
v -0.1981221 0.6595681 1.623446
v -0.1981221 0.6595681 1.623446
v -0.2154537 0.6597895 1.622375
v -0.2179485 0.6246575 1.61968
v -0.2503801 0.5890014 1.663504
v -0.2569693 0.5893634 1.666982
v -0.2527534 0.5901588 1.674249
v -0.2527534 0.5901588 1.674249
v -0.2463304 0.5890116 1.669655
v -0.2503801 0.5890014 1.663504
v -0.2569693 0.5893634 1.666982
v -0.2483625 0.6225249 1.650221
v -0.2439642 0.6258028 1.665429
v -0.2439642 0.6258028 1.665429
v -0.2527534 0.5901588 1.674249
v -0.2569693 0.5893634 1.666982
v -0.2326135 0.6205254 1.663171
v -0.2463304 0.5890116 1.669655
v -0.2527534 0.5901588 1.674249
v -0.2527534 0.5901588 1.674249
v -0.2439642 0.6258028 1.665429
v -0.2326135 0.6205254 1.663171
v -0.2386533 0.6175268 1.64683
v -0.2503801 0.5890014 1.663504
v -0.2463304 0.5890116 1.669655
v -0.2463304 0.5890116 1.669655
v -0.2326135 0.6205254 1.663171
v -0.2386533 0.6175268 1.64683
v -0.2190314 0.5813103 1.626821
v -0.2476783 0.582999 1.633797
v -0.2458552 0.5566991 1.64573
v -0.2458552 0.5566991 1.64573
v -0.2184047 0.5517968 1.644204
v -0.2190314 0.5813103 1.626821
v -0.2410838 0.6388564 1.631883
v -0.2365723 0.6449577 1.660136
v -0.2439642 0.6258028 1.665429
v -0.2439642 0.6258028 1.665429
v -0.2483625 0.6225249 1.650221
v -0.2410838 0.6388564 1.631883
v -0.2437512 0.6185641 1.631183
v -0.2410838 0.6388564 1.631883
v -0.2483625 0.6225249 1.650221
v -0.2483625 0.6225249 1.650221
v -0.2386533 0.6175268 1.64683
v -0.2437512 0.6185641 1.631183
v -0.2365723 0.6449577 1.660136
v -0.2218195 0.6379427 1.659998
v -0.2326135 0.6205254 1.663171
v -0.2326135 0.6205254 1.663171
v -0.2439642 0.6258028 1.665429
v -0.2365723 0.6449577 1.660136
v -0.2326135 0.6205254 1.663171
v -0.2218195 0.6379427 1.659998
v -0.2185492 0.6189138 1.640762
v -0.2226658 0.6804733 1.649242
v -0.2100562 0.7222683 1.658493
v -0.1947912 0.7156845 1.662648
v -0.1947912 0.7156845 1.662648
v -0.2087466 0.6757861 1.650852
v -0.2226658 0.6804733 1.649242
v -0.2729779 0.9559398 1.838699
v -0.2664975 0.9589631 1.77989
v -0.2227472 1.008507 1.798883
v -0.2227472 1.008507 1.798883
v -0.2306448 1.00708 1.840609
v -0.2729779 0.9559398 1.838699
v -0.2664975 0.9589631 1.77989
v -0.2121725 0.958638 1.743886
v -0.1833012 1.002836 1.747702
v -0.1833012 1.002836 1.747702
v -0.2227472 1.008507 1.798883
v -0.2664975 0.9589631 1.77989
v -0.1727031 1.059704 1.816053
v -0.1409577 1.063858 1.756371
v -0.1102084 1.070917 1.809036
v -0.2483625 0.6225249 1.650221
v -0.2569693 0.5893634 1.666982
v -0.2503801 0.5890014 1.663504
v -0.2503801 0.5890014 1.663504
v -0.2386533 0.6175268 1.64683
v -0.2483625 0.6225249 1.650221
v -0.2386533 0.6175268 1.64683
v -0.2440236 0.5842617 1.642823
v -0.2476783 0.582999 1.633797
v -0.2476783 0.582999 1.633797
v -0.2437512 0.6185641 1.631183
v -0.2386533 0.6175268 1.64683
v -0.2150789 0.6569259 1.624135
v -0.2294782 0.6598676 1.628931
v -0.2270615 0.6576141 1.648277
v -0.2270615 0.6576141 1.648277
v -0.2079856 0.652597 1.646373
v -0.2150789 0.6569259 1.624135
v -0.1990366 0.6545405 1.624807
v -0.2150789 0.6569259 1.624135
v -0.2079856 0.652597 1.646373
v -0.2079856 0.652597 1.646373
v -0.1937985 0.6505611 1.642114
v -0.1990366 0.6545405 1.624807
v -0.212261 0.6579785 1.649959
v -0.2265626 0.6626346 1.649794
v -0.2302029 0.6625049 1.628759
v -0.2302029 0.6625049 1.628759
v -0.2154537 0.6597895 1.622375
v -0.212261 0.6579785 1.649959
v -0.1950534 0.6549001 1.644449
v -0.212261 0.6579785 1.649959
v -0.2154537 0.6597895 1.622375
v -0.2154537 0.6597895 1.622375
v -0.1981221 0.6595681 1.623446
v -0.1950534 0.6549001 1.644449
v -0.1218312 0.9420516 1.753897
v -0.1024068 0.9395641 1.797697
v -0.09418778 0.9936203 1.797183
v -0.09418778 0.9936203 1.797183
v -0.1013625 0.989944 1.74982
v -0.1218312 0.9420516 1.753897
v -0.1024068 0.9395641 1.797697
v -0.105733 0.9438178 1.846245
v -0.1022944 0.9961126 1.8464
v -0.1022944 0.9961126 1.8464
v -0.09418778 0.9936203 1.797183
v -0.1024068 0.9395641 1.797697
v -0.1833012 1.002836 1.747702
v -0.2121725 0.958638 1.743886
v -0.1218312 0.9420516 1.753897
v -0.1218312 0.9420516 1.753897
v -0.1013625 0.989944 1.74982
v -0.1833012 1.002836 1.747702
v -0.1143965 0.06632055 1.814958
v -0.1408465 0.03928394 1.807822
v -0.1660874 0.06534474 1.80956
v -0.2106999 0.01693496 1.750607
v -0.2723025 0.0002473459 1.77795
v -0.1954258 0.0002747228 1.751296
v -0.1954258 0.0002747228 1.751296
v -0.2723025 0.0002473459 1.77795
v -0.1983311 0.0002747076 1.815686
v -0.2118601 0.01503151 1.815075
v -0.2723025 0.0002473459 1.77795
v -0.22476 0.03373319 1.78588
v -0.1832059 0.06766213 1.791059
v -0.1660874 0.06534474 1.80956
v -0.2118601 0.01503151 1.815075
v -0.2118601 0.01503151 1.815075
v -0.22476 0.03373319 1.78588
v -0.1832059 0.06766213 1.791059
v -0.1408465 0.03928394 1.807822
v -0.1394374 0.03928395 1.776629
v -0.1954258 0.0002747228 1.751296
v -0.1954258 0.0002747228 1.751296
v -0.1983311 0.0002747076 1.815686
v -0.1408465 0.03928394 1.807822
v -0.2118601 0.01503151 1.815075
v -0.1983311 0.0002747076 1.815686
v -0.2723025 0.0002473459 1.77795
v -0.164364 0.06534474 1.771363
v -0.1832059 0.06766213 1.791059
v -0.22476 0.03373319 1.78588
v -0.22476 0.03373319 1.78588
v -0.2106999 0.01693496 1.750607
v -0.164364 0.06534474 1.771363
v -0.22476 0.03373319 1.78588
v -0.2723025 0.0002473459 1.77795
v -0.2106999 0.01693496 1.750607
v -0.1242732 0.0009770005 1.798181
v -0.1051444 0.06632365 1.798916
v -0.123698 0.001183862 1.785432
v -0.112729 0.06632055 1.778
v -0.164364 0.06534474 1.771363
v -0.1394374 0.03928395 1.776629
v -0.1362045 0.0007656052 1.785117
v -0.1367692 0.0007656052 1.797617
v -0.1242732 0.0009770005 1.798181
v -0.1242732 0.0009770005 1.798181
v -0.123698 0.001183862 1.785432
v -0.1362045 0.0007656052 1.785117
v -0.1394374 0.03928395 1.776629
v -0.164364 0.06534474 1.771363
v -0.2106999 0.01693496 1.750607
v -0.2106999 0.01693496 1.750607
v -0.1954258 0.0002747228 1.751296
v -0.1394374 0.03928395 1.776629
v -0.1983311 0.0002747076 1.815686
v -0.2118601 0.01503151 1.815075
v -0.1660874 0.06534474 1.80956
v -0.1660874 0.06534474 1.80956
v -0.1408465 0.03928394 1.807822
v -0.1983311 0.0002747076 1.815686
v -0.1127758 0.0934177 1.797414
v -0.1187638 0.09551522 1.776334
v -0.112729 0.06632055 1.778
v -0.112729 0.06632055 1.778
v -0.1051444 0.06632365 1.798916
v -0.1127758 0.0934177 1.797414
v -0.1187638 0.09551522 1.776334
v -0.1548522 0.09573064 1.777018
v -0.164364 0.06534474 1.771363
v -0.164364 0.06534474 1.771363
v -0.112729 0.06632055 1.778
v -0.1187638 0.09551522 1.776334
v -0.1548522 0.09573064 1.777018
v -0.1640916 0.0974477 1.791305
v -0.1832059 0.06766213 1.791059
v -0.1832059 0.06766213 1.791059
v -0.164364 0.06534474 1.771363
v -0.1548522 0.09573064 1.777018
v -0.1640916 0.0974477 1.791305
v -0.1578482 0.09452657 1.811982
v -0.1660874 0.06534474 1.80956
v -0.1660874 0.06534474 1.80956
v -0.1832059 0.06766213 1.791059
v -0.1640916 0.0974477 1.791305
v -0.1578482 0.09452657 1.811982
v -0.1271215 0.09430928 1.815681
v -0.1143965 0.06632055 1.814958
v -0.1143965 0.06632055 1.814958
v -0.1660874 0.06534474 1.80956
v -0.1578482 0.09452657 1.811982
v -0.1271215 0.09430928 1.815681
v -0.1127758 0.0934177 1.797414
v -0.1051444 0.06632365 1.798916
v -0.1051444 0.06632365 1.798916
v -0.1143965 0.06632055 1.814958
v -0.1271215 0.09430928 1.815681
v -0.2430414 0.5657734 1.777173
v -0.2327261 0.5897877 1.723959
v -0.2426184 0.5914193 1.716897
v -0.2426184 0.5914193 1.716897
v -0.256581 0.5655374 1.777305
v -0.2430414 0.5657734 1.777173
v -0.2327261 0.5897877 1.723959
v -0.1292086 0.586899 1.722874
v -0.1202647 0.5895409 1.716249
v -0.1202647 0.5895409 1.716249
v -0.2426184 0.5914193 1.716897
v -0.2327261 0.5897877 1.723959
v -0.2144154 1.184821 1.818532
v -0.1983417 1.183041 1.795194
v -0.1973127 1.208995 1.794636
v -0.1973127 1.208995 1.794636
v -0.2128285 1.211887 1.816587
v -0.2144154 1.184821 1.818532
v -0.2239922 1.163572 1.830169
v -0.2274875 1.159808 1.840751
v -0.2189538 1.163347 1.821295
v -0.2274875 1.159808 1.840751
v -0.2292327 1.14613 1.840672
v -0.2189538 1.163347 1.821295
v -0.2217548 1.145531 1.82398
v -0.2189538 1.163347 1.821295
v -0.2292327 1.14613 1.840672
v -0.2200137 1.220186 1.816254
v -0.1919039 1.216578 1.792243
v -0.1985561 1.260036 1.797683
v -0.1985561 1.260036 1.797683
v -0.211687 1.263392 1.818316
v -0.2200137 1.220186 1.816254
v -0.2003697 1.160747 1.801155
v -0.2040467 1.132689 1.813738
v -0.1713309 1.12453 1.813639
v -0.1713309 1.12453 1.813639
v -0.146578 1.162166 1.79343
v -0.2003697 1.160747 1.801155
v -0.1890966 1.113741 1.842484
v -0.1713309 1.12453 1.813639
v -0.2040467 1.132689 1.813738
v -0.2040467 1.132689 1.813738
v -0.2166721 1.121155 1.827043
v -0.1890966 1.113741 1.842484
v -0.1295167 1.131411 1.810365
v -0.1006911 1.158348 1.802508
v -0.1283927 1.159978 1.787873
v -0.1006911 1.158348 1.802508
v -0.1295167 1.131411 1.810365
v -0.1202215 1.131916 1.845591
v -0.1202215 1.131916 1.845591
v -0.09436811 1.156881 1.846758
v -0.1006911 1.158348 1.802508
v -0.1006911 1.158348 1.802508
v -0.09436811 1.156881 1.846758
v -0.08015139 1.206265 1.847399
v -0.08015139 1.206265 1.847399
v -0.09107059 1.20567 1.801005
v -0.1006911 1.158348 1.802508
v -0.08676633 1.260769 1.847101
v -0.0882414 1.259713 1.824115
v -0.08015139 1.206265 1.847399
v -0.1271407 1.283169 1.82236
v -0.126933 1.28434 1.845288
v -0.1784649 1.283393 1.842963
v -0.1784649 1.283393 1.842963
v -0.1774052 1.282106 1.820092
v -0.1271407 1.283169 1.82236
v -0.2166721 1.121155 1.827043
v -0.2226483 1.114406 1.84097
v -0.1890966 1.113741 1.842484
v -0.211687 1.263392 1.818316
v -0.2171357 1.264498 1.841218
v -0.2200137 1.220186 1.816254
v -0.2200137 1.220186 1.816254
v -0.2171357 1.264498 1.841218
v -0.2270864 1.214769 1.834567
v -0.2278015 1.213379 1.840737
v -0.2270864 1.214769 1.834567
v -0.2171357 1.264498 1.841218
v -0.2217548 1.145531 1.82398
v -0.2166721 1.121155 1.827043
v -0.2040467 1.132689 1.813738
v -0.2267305 1.19031 1.840786
v -0.2240792 1.190937 1.83687
v -0.2236787 1.206325 1.835739
v -0.2236787 1.206325 1.835739
v -0.2257177 1.205675 1.840831
v -0.2267305 1.19031 1.840786
v -0.2420859 1.170444 1.840093
v -0.2391801 1.171935 1.83632
v -0.2240792 1.190937 1.83687
v -0.2240792 1.190937 1.83687
v -0.2267305 1.19031 1.840786
v -0.2420859 1.170444 1.840093
v -0.2274875 1.159808 1.840751
v -0.2239922 1.163572 1.830169
v -0.2391801 1.171935 1.83632
v -0.2391801 1.171935 1.83632
v -0.2420859 1.170444 1.840093
v -0.2274875 1.159808 1.840751
v -0.2391801 1.171935 1.83632
v -0.2239922 1.163572 1.830169
v -0.2192513 1.188671 1.833145
v -0.2192513 1.188671 1.833145
v -0.2240792 1.190937 1.83687
v -0.2391801 1.171935 1.83632
v -0.2128285 1.211887 1.816587
v -0.1973127 1.208995 1.794636
v -0.1919039 1.216578 1.792243
v -0.1919039 1.216578 1.792243
v -0.2200137 1.220186 1.816254
v -0.2128285 1.211887 1.816587
v -0.2257177 1.205675 1.840831
v -0.2236787 1.206325 1.835739
v -0.2270864 1.214769 1.834567
v -0.2270864 1.214769 1.834567
v -0.2278015 1.213379 1.840737
v -0.2257177 1.205675 1.840831
v -0.1202215 1.131916 1.845591
v -0.1295167 1.131411 1.810365
v -0.1102084 1.070917 1.809036
v -0.1102084 1.070917 1.809036
v -0.1054855 1.061968 1.846256
v -0.1202215 1.131916 1.845591
v -0.1727031 1.059704 1.816053
v -0.1102084 1.070917 1.809036
v -0.1295167 1.131411 1.810365
v -0.1295167 1.131411 1.810365
v -0.1713309 1.12453 1.813639
v -0.1727031 1.059704 1.816053
v -0.1843151 1.047897 1.842699
v -0.1727031 1.059704 1.816053
v -0.1713309 1.12453 1.813639
v -0.1713309 1.12453 1.813639
v -0.1890966 1.113741 1.842484
v -0.1843151 1.047897 1.842699
v -0.1983417 1.183041 1.795194
v -0.2144154 1.184821 1.818532
v -0.2189538 1.163347 1.821295
v -0.2189538 1.163347 1.821295
v -0.2003697 1.160747 1.801155
v -0.1983417 1.183041 1.795194
v -0.2144154 1.184821 1.818532
v -0.2192513 1.188671 1.833145
v -0.2239922 1.163572 1.830169
v -0.2239922 1.163572 1.830169
v -0.2189538 1.163347 1.821295
v -0.2144154 1.184821 1.818532
v -0.2003697 1.160747 1.801155
v -0.146578 1.162166 1.79343
v -0.1983417 1.183041 1.795194
v -0.2217548 1.145531 1.82398
v -0.2292327 1.14613 1.840672
v -0.2226483 1.114406 1.84097
v -0.2226483 1.114406 1.84097
v -0.2166721 1.121155 1.827043
v -0.2217548 1.145531 1.82398
v -0.09580481 1.250232 1.800791
v -0.128273 1.272014 1.799279
v -0.1485751 1.252548 1.780734
v -0.1485751 1.252548 1.780734
v -0.1158766 1.230584 1.782183
v -0.09580481 1.250232 1.800791
v -0.211687 1.263392 1.818316
v -0.1985561 1.260036 1.797683
v -0.1759635 1.272353 1.793472
v -0.1759635 1.272353 1.793472
v -0.1774052 1.282106 1.820092
v -0.211687 1.263392 1.818316
v -0.128273 1.272014 1.799279
v -0.1271407 1.283169 1.82236
v -0.1774052 1.282106 1.820092
v -0.1774052 1.282106 1.820092
v -0.1759635 1.272353 1.793472
v -0.128273 1.272014 1.799279
v -0.2171357 1.264498 1.841218
v -0.211687 1.263392 1.818316
v -0.1774052 1.282106 1.820092
v -0.1774052 1.282106 1.820092
v -0.1784649 1.283393 1.842963
v -0.2171357 1.264498 1.841218
v -0.09580481 1.250232 1.800791
v -0.0882414 1.259713 1.824115
v -0.1271407 1.283169 1.82236
v -0.1271407 1.283169 1.82236
v -0.128273 1.272014 1.799279
v -0.09580481 1.250232 1.800791
v -0.0882414 1.259713 1.824115
v -0.08676633 1.260769 1.847101
v -0.126933 1.28434 1.845288
v -0.126933 1.28434 1.845288
v -0.1271407 1.283169 1.82236
v -0.0882414 1.259713 1.824115
v -0.1784779 1.254697 1.782477
v -0.1485751 1.252548 1.780734
v -0.128273 1.272014 1.799279
v -0.128273 1.272014 1.799279
v -0.1759635 1.272353 1.793472
v -0.1784779 1.254697 1.782477
v -0.2189538 1.163347 1.821295
v -0.2217548 1.145531 1.82398
v -0.2003697 1.160747 1.801155
v -0.2003697 1.160747 1.801155
v -0.2217548 1.145531 1.82398
v -0.2040467 1.132689 1.813738
v -0.2240792 1.190937 1.83687
v -0.2192513 1.188671 1.833145
v -0.2236787 1.206325 1.835739
v -0.2270864 1.214769 1.834567
v -0.2236787 1.206325 1.835739
v -0.2128285 1.211887 1.816587
v -0.2128285 1.211887 1.816587
v -0.2200137 1.220186 1.816254
v -0.2270864 1.214769 1.834567
v -0.2192513 1.188671 1.833145
v -0.2144154 1.184821 1.818532
v -0.2128285 1.211887 1.816587
v -0.2128285 1.211887 1.816587
v -0.2236787 1.206325 1.835739
v -0.2192513 1.188671 1.833145
v -0.1102084 1.070917 1.809036
v -0.1409577 1.063858 1.756371
v -0.1091773 1.050053 1.757324
v -0.08015139 1.206265 1.847399
v -0.0882414 1.259713 1.824115
v -0.09107059 1.20567 1.801005
v -0.09107059 1.20567 1.801005
v -0.0882414 1.259713 1.824115
v -0.09580481 1.250232 1.800791
v -0.1935329 1.096232 1.790482
v -0.175932 1.166669 1.771526
v -0.1877496 1.1713 1.785954
v -0.1935329 1.096232 1.790482
v -0.146578 1.162166 1.79343
v -0.175932 1.166669 1.771526
v -0.1935329 1.096232 1.790482
v -0.1877496 1.1713 1.785954
v -0.146578 1.162166 1.79343
v -0.175932 1.166669 1.771526
v -0.1746405 1.209299 1.769122
v -0.1973127 1.208995 1.794636
v -0.1973127 1.208995 1.794636
v -0.1877496 1.1713 1.785954
v -0.175932 1.166669 1.771526
v -0.1461813 1.207951 1.774745
v -0.175932 1.166669 1.771526
v -0.146578 1.162166 1.79343
v -0.1973127 1.208995 1.794636
v -0.146578 1.162166 1.79343
v -0.1877496 1.1713 1.785954
v -0.146578 1.162166 1.79343
v -0.1973127 1.208995 1.794636
v -0.1983417 1.183041 1.795194
v -0.1461813 1.207951 1.774745
v -0.1485751 1.252548 1.780734
v -0.1784779 1.254697 1.782477
v -0.1784779 1.254697 1.782477
v -0.1746405 1.209299 1.769122
v -0.1461813 1.207951 1.774745
v -0.1784779 1.254697 1.782477
v -0.1759635 1.272353 1.793472
v -0.1985561 1.260036 1.797683
v -0.1919039 1.216578 1.792243
v -0.1784779 1.254697 1.782477
v -0.1985561 1.260036 1.797683
v -0.1461813 1.207951 1.774745
v -0.1746405 1.209299 1.769122
v -0.175932 1.166669 1.771526
v -0.1973127 1.208995 1.794636
v -0.1746405 1.209299 1.769122
v -0.1919039 1.216578 1.792243
v -0.1746405 1.209299 1.769122
v -0.1784779 1.254697 1.782477
v -0.1919039 1.216578 1.792243
v -0.1212811 1.20558 1.778502
v -0.1283927 1.159978 1.787873
v -0.1006911 1.158348 1.802508
v -0.1006911 1.158348 1.802508
v -0.09107059 1.20567 1.801005
v -0.1212811 1.20558 1.778502
v -0.1461813 1.207951 1.774745
v -0.146578 1.162166 1.79343
v -0.1283927 1.159978 1.787873
v -0.1283927 1.159978 1.787873
v -0.1212811 1.20558 1.778502
v -0.1461813 1.207951 1.774745
v -0.146578 1.162166 1.79343
v -0.1713309 1.12453 1.813639
v -0.1295167 1.131411 1.810365
v -0.1295167 1.131411 1.810365
v -0.1283927 1.159978 1.787873
v -0.146578 1.162166 1.79343
v -0.1212811 1.20558 1.778502
v -0.09107059 1.20567 1.801005
v -0.09580481 1.250232 1.800791
v -0.09580481 1.250232 1.800791
v -0.1158766 1.230584 1.782183
v -0.1212811 1.20558 1.778502
v -0.1461813 1.207951 1.774745
v -0.1212811 1.20558 1.778502
v -0.1158766 1.230584 1.782183
v -0.1158766 1.230584 1.782183
v -0.1485751 1.252548 1.780734
v -0.1461813 1.207951 1.774745
v -0.03365386 1.108619 1.832555
v -0.0620531 1.061729 1.848216
v -0.02020527 1.107098 1.850104
v -0.06238714 1.105025 1.831546
v -0.0620531 1.061729 1.848216
v -0.03365386 1.108619 1.832555
v -0.09214816 1.20627 1.840436
v -0.0934258 1.200986 1.840378
v -0.0769835 1.183316 1.835853
v -0.0769835 1.183316 1.835853
v -0.06760262 1.192095 1.836191
v -0.09214816 1.20627 1.840436
v -0.0917985 1.208912 1.846874
v -0.09214816 1.20627 1.840436
v -0.06760262 1.192095 1.836191
v -0.06760262 1.192095 1.836191
v -0.06174698 1.196962 1.848229
v -0.0917985 1.208912 1.846874
v -0.0934258 1.200986 1.840378
v -0.09435377 1.198344 1.846758
v -0.0834001 1.178558 1.847252
v -0.0834001 1.178558 1.847252
v -0.0769835 1.183316 1.835853
v -0.0934258 1.200986 1.840378
v -0.08268264 1.137444 1.847285
v -0.07220655 1.140166 1.830197
v -0.0769835 1.183316 1.835853
v -0.0769835 1.183316 1.835853
v -0.0834001 1.178558 1.847252
v -0.08268264 1.137444 1.847285
v -0.03441435 1.156479 1.849463
v -0.04532643 1.15354 1.831196
v -0.03365386 1.108619 1.832555
v -0.03365386 1.108619 1.832555
v -0.02020527 1.107098 1.850104
v -0.03441435 1.156479 1.849463
v -0.04532643 1.15354 1.831196
v -0.07220655 1.140166 1.830197
v -0.06238714 1.105025 1.831546
v -0.06238714 1.105025 1.831546
v -0.03365386 1.108619 1.832555
v -0.04532643 1.15354 1.831196
v -0.07414322 1.105925 1.84767
v -0.0620531 1.061729 1.848216
v -0.06238714 1.105025 1.831546
v -0.06760262 1.192095 1.836191
v -0.0769835 1.183316 1.835853
v -0.07220655 1.140166 1.830197
v -0.07220655 1.140166 1.830197
v -0.04532643 1.15354 1.831196
v -0.06760262 1.192095 1.836191
v -0.06174698 1.196962 1.848229
v -0.06760262 1.192095 1.836191
v -0.04532643 1.15354 1.831196
v -0.04532643 1.15354 1.831196
v -0.03441435 1.156479 1.849463
v -0.06174698 1.196962 1.848229
v -0.07414322 1.105925 1.84767
v -0.06238714 1.105025 1.831546
v -0.07220655 1.140166 1.830197
v -0.07220655 1.140166 1.830197
v -0.08268264 1.137444 1.847285
v -0.07414322 1.105925 1.84767
v -0.1242732 0.0009770005 1.798181
v -0.1367692 0.0007656052 1.797617
v -0.1408465 0.03928394 1.807822
v -0.1408465 0.03928394 1.807822
v -0.1143965 0.06632055 1.814958
v -0.1242732 0.0009770005 1.798181
v -0.1267995 0.729448 1.796918
v -0.1452475 0.7297524 1.746342
v -0.1202647 0.5895409 1.716249
v -0.1202647 0.5895409 1.716249
v -0.1029437 0.5777802 1.78018
v -0.1267995 0.729448 1.796918
v -0.256581 0.5655374 1.777305
v -0.2497223 0.6924254 1.785692
v -0.251635 0.5601265 1.839662
v -0.1215936 0.7249761 1.845529
v -0.1267995 0.729448 1.796918
v -0.1029437 0.5777802 1.78018
v -0.1029437 0.5777802 1.78018
v -0.09712944 0.5719168 1.846633
v -0.1215936 0.7249761 1.845529
v -0.256581 0.5655374 1.777305
v -0.2426184 0.5914193 1.716897
v -0.2315244 0.7085041 1.739314
v -0.2315244 0.7085041 1.739314
v -0.2497223 0.6924254 1.785692
v -0.256581 0.5655374 1.777305
v -0.1292086 0.586899 1.722874
v -0.1158991 0.5760769 1.781578
v -0.1029437 0.5777802 1.78018
v -0.1029437 0.5777802 1.78018
v -0.1202647 0.5895409 1.716249
v -0.1292086 0.586899 1.722874
v -0.09712944 0.5719168 1.846633
v -0.1029437 0.5777802 1.78018
v -0.1158991 0.5760769 1.781578
v -0.1158991 0.5760769 1.781578
v -0.1100317 0.5704313 1.838681
v -0.09712944 0.5719168 1.846633
v -0.2556435 0.6787421 1.839481
v -0.251635 0.5601265 1.839662
v -0.2497223 0.6924254 1.785692
v -0.1394374 0.03928395 1.776629
v -0.1408465 0.03928394 1.807822
v -0.1367692 0.0007656052 1.797617
v -0.1367692 0.0007656052 1.797617
v -0.1362045 0.0007656052 1.785117
v -0.1394374 0.03928395 1.776629
v -0.1394374 0.03928395 1.776629
v -0.1362045 0.0007656052 1.785117
v -0.123698 0.001183862 1.785432
v -0.123698 0.001183862 1.785432
v -0.112729 0.06632055 1.778
v -0.1394374 0.03928395 1.776629
v -0.1143965 0.06632055 1.814958
v -0.1051444 0.06632365 1.798916
v -0.1242732 0.0009770005 1.798181
v -0.123698 0.001183862 1.785432
v -0.1051444 0.06632365 1.798916
v -0.112729 0.06632055 1.778
v -0.3000876 0.6393472 1.996952
v -0.2924235 0.6356702 2.022055
v -0.2882596 0.6549819 2.003246
v -0.2326135 0.6205254 1.663171
v -0.2185492 0.6189138 1.640762
v -0.2386533 0.6175268 1.64683
v -0.1454155 0.9500849 1.679339
v -0.1364518 1.051357 1.701949
v -0.1726976 1.045569 1.714059
v -0.1726976 1.045569 1.714059
v -0.1765538 0.9665955 1.691143
v -0.1454155 0.9500849 1.679339
v -0.1091773 1.050053 1.757324
v -0.1078643 1.045046 1.71229
v -0.1013625 0.989944 1.74982
v -0.1833012 1.002836 1.747702
v -0.1830472 0.9584591 1.725771
v -0.1765538 0.9665955 1.691143
v -0.1765538 0.9665955 1.691143
v -0.1726976 1.045569 1.714059
v -0.1833012 1.002836 1.747702
v -0.1091773 1.050053 1.757324
v -0.1409577 1.063858 1.756371
v -0.1364518 1.051357 1.701949
v -0.1364518 1.051357 1.701949
v -0.1078643 1.045046 1.71229
v -0.1091773 1.050053 1.757324
v -0.1409577 1.063858 1.756371
v -0.1743214 1.049114 1.756335
v -0.1726976 1.045569 1.714059
v -0.1726976 1.045569 1.714059
v -0.1364518 1.051357 1.701949
v -0.1409577 1.063858 1.756371
v -0.1613265 0.7402651 1.645439
v -0.1635694 0.7316781 1.664211
v -0.1333162 0.8079873 1.681791
v -0.1333162 0.8079873 1.681791
v -0.1319122 0.8200802 1.662108
v -0.1613265 0.7402651 1.645439
v -0.1635694 0.7316781 1.664211
v -0.1850515 0.7433109 1.675896
v -0.1672355 0.8035825 1.699865
v -0.1672355 0.8035825 1.699865
v -0.1333162 0.8079873 1.681791
v -0.1635694 0.7316781 1.664211
v -0.1850515 0.7433109 1.675896
v -0.2044841 0.7487175 1.665678
v -0.1989983 0.8105501 1.685106
v -0.1989983 0.8105501 1.685106
v -0.1672355 0.8035825 1.699865
v -0.1850515 0.7433109 1.675896
v -0.2044841 0.7487175 1.665678
v -0.2057401 0.7587752 1.646785
v -0.1959545 0.8270849 1.654961
v -0.1959545 0.8270849 1.654961
v -0.1989983 0.8105501 1.685106
v -0.2044841 0.7487175 1.665678
v -0.2057401 0.7587752 1.646785
v -0.1828564 0.759913 1.636018
v -0.1634381 0.8408991 1.643028
v -0.1634381 0.8408991 1.643028
v -0.1959545 0.8270849 1.654961
v -0.2057401 0.7587752 1.646785
v -0.1828564 0.759913 1.636018
v -0.1613265 0.7402651 1.645439
v -0.1319122 0.8200802 1.662108
v -0.1319122 0.8200802 1.662108
v -0.1634381 0.8408991 1.643028
v -0.1828564 0.759913 1.636018
v -0.1319122 0.8200802 1.662108
v -0.1333162 0.8079873 1.681791
v -0.1365726 0.8512701 1.698994
v -0.1365726 0.8512701 1.698994
v -0.1364073 0.8564343 1.660331
v -0.1319122 0.8200802 1.662108
v -0.1333162 0.8079873 1.681791
v -0.1672355 0.8035825 1.699865
v -0.1616149 0.8522425 1.700292
v -0.1616149 0.8522425 1.700292
v -0.1365726 0.8512701 1.698994
v -0.1333162 0.8079873 1.681791
v -0.1672355 0.8035825 1.699865
v -0.1989983 0.8105501 1.685106
v -0.1861368 0.8483159 1.687352
v -0.1861368 0.8483159 1.687352
v -0.1616149 0.8522425 1.700292
v -0.1672355 0.8035825 1.699865
v -0.1989983 0.8105501 1.685106
v -0.1959545 0.8270849 1.654961
v -0.1864022 0.8504683 1.667319
v -0.1864022 0.8504683 1.667319
v -0.1861368 0.8483159 1.687352
v -0.1989983 0.8105501 1.685106
v -0.1959545 0.8270849 1.654961
v -0.1634381 0.8408991 1.643028
v -0.1595614 0.861966 1.657462
v -0.1595614 0.861966 1.657462
v -0.1864022 0.8504683 1.667319
v -0.1959545 0.8270849 1.654961
v -0.1634381 0.8408991 1.643028
v -0.1319122 0.8200802 1.662108
v -0.1364073 0.8564343 1.660331
v -0.1364073 0.8564343 1.660331
v -0.1595614 0.861966 1.657462
v -0.1634381 0.8408991 1.643028
v -0.1616149 0.8522425 1.700292
v -0.1307725 0.8707653 1.704391
v -0.1365726 0.8512701 1.698994
v -0.1616149 0.8522425 1.700292
v -0.1861368 0.8483159 1.687352
v -0.1830472 0.9584591 1.725771
v -0.1830472 0.9584591 1.725771
v -0.1451622 0.9538493 1.734072
v -0.1616149 0.8522425 1.700292
v -0.1861368 0.8483159 1.687352
v -0.1864022 0.8504683 1.667319
v -0.1765538 0.9665955 1.691143
v -0.1765538 0.9665955 1.691143
v -0.1830472 0.9584591 1.725771
v -0.1861368 0.8483159 1.687352
v -0.1864022 0.8504683 1.667319
v -0.1595614 0.861966 1.657462
v -0.1454155 0.9500849 1.679339
v -0.1454155 0.9500849 1.679339
v -0.1765538 0.9665955 1.691143
v -0.1864022 0.8504683 1.667319
v -0.1595614 0.861966 1.657462
v -0.1314171 0.8770701 1.666617
v -0.1121072 0.955433 1.693914
v -0.1121072 0.955433 1.693914
v -0.1454155 0.9500849 1.679339
v -0.1595614 0.861966 1.657462
v -0.1451622 0.9538493 1.734072
v -0.1013625 0.989944 1.74982
v -0.1059387 0.9531038 1.730395
v -0.1830472 0.9584591 1.725771
v -0.1833012 1.002836 1.747702
v -0.1451622 0.9538493 1.734072
v -0.1364073 0.8564343 1.660331
v -0.1365726 0.8512701 1.698994
v -0.1307725 0.8707653 1.704391
v -0.1307725 0.8707653 1.704391
v -0.1314171 0.8770701 1.666617
v -0.1364073 0.8564343 1.660331
v -0.1121072 0.955433 1.693914
v -0.1078643 1.045046 1.71229
v -0.1364518 1.051357 1.701949
v -0.1364518 1.051357 1.701949
v -0.1454155 0.9500849 1.679339
v -0.1121072 0.955433 1.693914
v -0.1833012 1.002836 1.747702
v -0.1726976 1.045569 1.714059
v -0.1743214 1.049114 1.756335
v -0.1451622 0.9538493 1.734072
v -0.1833012 1.002836 1.747702
v -0.1013625 0.989944 1.74982
v -0.1059387 0.9531038 1.730395
v -0.1013625 0.989944 1.74982
v -0.1078643 1.045046 1.71229
v -0.1078643 1.045046 1.71229
v -0.1121072 0.955433 1.693914
v -0.1059387 0.9531038 1.730395
v -0.1929969 0.7269746 1.636581
v -0.1768622 0.720561 1.642356
v -0.1639314 0.7253641 1.639995
v -0.1639314 0.7253641 1.639995
v -0.1899016 0.7325081 1.62786
v -0.1929969 0.7269746 1.636581
v -0.2091533 0.7290527 1.643267
v -0.1929969 0.7269746 1.636581
v -0.1899016 0.7325081 1.62786
v -0.1899016 0.7325081 1.62786
v -0.2155131 0.7347981 1.640926
v -0.2091533 0.7290527 1.643267
v -0.2100562 0.7222683 1.658493
v -0.2091533 0.7290527 1.643267
v -0.2155131 0.7347981 1.640926
v -0.2155131 0.7347981 1.640926
v -0.2123219 0.7243926 1.660811
v -0.2100562 0.7222683 1.658493
v -0.1947912 0.7156845 1.662648
v -0.2100562 0.7222683 1.658493
v -0.2123219 0.7243926 1.660811
v -0.2123219 0.7243926 1.660811
v -0.1921205 0.7190171 1.672279
v -0.1947912 0.7156845 1.662648
v -0.1780508 0.7143472 1.656861
v -0.1947912 0.7156845 1.662648
v -0.1921205 0.7190171 1.672279
v -0.1921205 0.7190171 1.672279
v -0.1671108 0.7157076 1.663509
v -0.1780508 0.7143472 1.656861
v -0.1768622 0.720561 1.642356
v -0.1780508 0.7143472 1.656861
v -0.1671108 0.7157076 1.663509
v -0.1671108 0.7157076 1.663509
v -0.1639314 0.7253641 1.639995
v -0.1768622 0.720561 1.642356
v -0.1899016 0.7325081 1.62786
v -0.1639314 0.7253641 1.639995
v -0.1613265 0.7402651 1.645439
v -0.1613265 0.7402651 1.645439
v -0.1828564 0.759913 1.636018
v -0.1899016 0.7325081 1.62786
v -0.2155131 0.7347981 1.640926
v -0.1899016 0.7325081 1.62786
v -0.1828564 0.759913 1.636018
v -0.1828564 0.759913 1.636018
v -0.2057401 0.7587752 1.646785
v -0.2155131 0.7347981 1.640926
v -0.2123219 0.7243926 1.660811
v -0.2155131 0.7347981 1.640926
v -0.2057401 0.7587752 1.646785
v -0.2057401 0.7587752 1.646785
v -0.2044841 0.7487175 1.665678
v -0.2123219 0.7243926 1.660811
v -0.1921205 0.7190171 1.672279
v -0.2123219 0.7243926 1.660811
v -0.2044841 0.7487175 1.665678
v -0.2044841 0.7487175 1.665678
v -0.1850515 0.7433109 1.675896
v -0.1921205 0.7190171 1.672279
v -0.1671108 0.7157076 1.663509
v -0.1921205 0.7190171 1.672279
v -0.1850515 0.7433109 1.675896
v -0.1850515 0.7433109 1.675896
v -0.1635694 0.7316781 1.664211
v -0.1671108 0.7157076 1.663509
v -0.1639314 0.7253641 1.639995
v -0.1671108 0.7157076 1.663509
v -0.1635694 0.7316781 1.664211
v -0.1635694 0.7316781 1.664211
v -0.1613265 0.7402651 1.645439
v -0.1639314 0.7253641 1.639995
v -0.1616149 0.8522425 1.700292
v -0.1451622 0.9538493 1.734072
v -0.1059387 0.9531038 1.730395
v -0.1059387 0.9531038 1.730395
v -0.1307725 0.8707653 1.704391
v -0.1616149 0.8522425 1.700292
v -0.1307725 0.8707653 1.704391
v -0.1059387 0.9531038 1.730395
v -0.1121072 0.955433 1.693914
v -0.1121072 0.955433 1.693914
v -0.1314171 0.8770701 1.666617
v -0.1307725 0.8707653 1.704391
v -0.1595614 0.861966 1.657462
v -0.1364073 0.8564343 1.660331
v -0.1314171 0.8770701 1.666617
v -0.1712222 0.9531823 2.008545
v -0.197635 0.9725723 1.991828
v -0.1833086 1.047861 1.970426
v -0.1833086 1.047861 1.970426
v -0.1488211 1.051775 1.986889
v -0.1712222 0.9531823 2.008545
v -0.119574 1.043592 1.980255
v -0.1157755 1.048856 1.935009
v -0.1106142 0.9883734 1.94364
v -0.1916403 1.003749 1.936997
v -0.1833086 1.047861 1.970426
v -0.197635 0.9725723 1.991828
v -0.197635 0.9725723 1.991828
v -0.1992674 0.9640725 1.956753
v -0.1916403 1.003749 1.936997
v -0.1157755 1.048856 1.935009
v -0.119574 1.043592 1.980255
v -0.1488211 1.051775 1.986889
v -0.1488211 1.051775 1.986889
v -0.1467265 1.063829 1.932619
v -0.1157755 1.048856 1.935009
v -0.1467265 1.063829 1.932619
v -0.1488211 1.051775 1.986889
v -0.1833086 1.047861 1.970426
v -0.1833086 1.047861 1.970426
v -0.1800171 1.050489 1.928831
v -0.1467265 1.063829 1.932619
v -0.2205498 0.7472644 2.035554
v -0.1776718 0.8219144 2.029238
v -0.1756686 0.8101377 2.009447
v -0.1756686 0.8101377 2.009447
v -0.2191229 0.739086 2.016541
v -0.2205498 0.7472644 2.035554
v -0.2191229 0.739086 2.016541
v -0.1756686 0.8101377 2.009447
v -0.2043682 0.8107364 1.983607
v -0.2043682 0.8107364 1.983607
v -0.2352739 0.7537959 2.00033
v -0.2191229 0.739086 2.016541
v -0.2352739 0.7537959 2.00033
v -0.2043682 0.8107364 1.983607
v -0.2375597 0.8224299 1.990187
v -0.2375597 0.8224299 1.990187
v -0.2557548 0.7620514 2.00563
v -0.2352739 0.7537959 2.00033
v -0.2557548 0.7620514 2.00563
v -0.2375597 0.8224299 1.990187
v -0.2400274 0.8383641 2.02067
v -0.2400274 0.8383641 2.02067
v -0.2603741 0.7722074 2.023948
v -0.2557548 0.7620514 2.00563
v -0.2603741 0.7722074 2.023948
v -0.2400274 0.8383641 2.02067
v -0.2100379 0.8471996 2.040666
v -0.2100379 0.8471996 2.040666
v -0.2409826 0.7699298 2.040034
v -0.2603741 0.7722074 2.023948
v -0.2409826 0.7699298 2.040034
v -0.2100379 0.8471996 2.040666
v -0.1776718 0.8219144 2.029238
v -0.1776718 0.8219144 2.029238
v -0.2205498 0.7472644 2.035554
v -0.2409826 0.7699298 2.040034
v -0.1776718 0.8219144 2.029238
v -0.177186 0.8588766 2.030602
v -0.169414 0.8534123 1.992747
v -0.169414 0.8534123 1.992747
v -0.1756686 0.8101377 2.009447
v -0.1776718 0.8219144 2.029238
v -0.1756686 0.8101377 2.009447
v -0.169414 0.8534123 1.992747
v -0.1935856 0.8576855 1.986117
v -0.1935856 0.8576855 1.986117
v -0.2043682 0.8107364 1.983607
v -0.1756686 0.8101377 2.009447
v -0.2043682 0.8107364 1.983607
v -0.1935856 0.8576855 1.986117
v -0.2200446 0.8576227 1.993031
v -0.2200446 0.8576227 1.993031
v -0.2375597 0.8224299 1.990187
v -0.2043682 0.8107364 1.983607
v -0.2375597 0.8224299 1.990187
v -0.2200446 0.8576227 1.993031
v -0.2246904 0.8600379 2.012028
v -0.2246904 0.8600379 2.012028
v -0.2400274 0.8383641 2.02067
v -0.2375597 0.8224299 1.990187
v -0.2400274 0.8383641 2.02067
v -0.2246904 0.8600379 2.012028
v -0.1994129 0.8676556 2.028411
v -0.1994129 0.8676556 2.028411
v -0.2100379 0.8471996 2.040666
v -0.2400274 0.8383641 2.02067
v -0.2100379 0.8471996 2.040666
v -0.1994129 0.8676556 2.028411
v -0.177186 0.8588766 2.030602
v -0.177186 0.8588766 2.030602
v -0.1776718 0.8219144 2.029238
v -0.2100379 0.8471996 2.040666
v -0.1606945 0.8718678 1.988005
v -0.1935856 0.8576855 1.986117
v -0.169414 0.8534123 1.992747
v -0.1935856 0.8576855 1.986117
v -0.1616596 0.955192 1.954452
v -0.1992674 0.9640725 1.956753
v -0.1992674 0.9640725 1.956753
v -0.2200446 0.8576227 1.993031
v -0.1935856 0.8576855 1.986117
v -0.2200446 0.8576227 1.993031
v -0.1992674 0.9640725 1.956753
v -0.197635 0.9725723 1.991828
v -0.197635 0.9725723 1.991828
v -0.2246904 0.8600379 2.012028
v -0.2200446 0.8576227 1.993031
v -0.2246904 0.8600379 2.012028
v -0.197635 0.9725723 1.991828
v -0.1712222 0.9531823 2.008545
v -0.1712222 0.9531823 2.008545
v -0.1994129 0.8676556 2.028411
v -0.2246904 0.8600379 2.012028
v -0.1994129 0.8676556 2.028411
v -0.1712222 0.9531823 2.008545
v -0.1355373 0.9541272 1.999332
v -0.1355373 0.9541272 1.999332
v -0.1680168 0.8789127 2.025098
v -0.1994129 0.8676556 2.028411
v -0.1106142 0.9883734 1.94364
v -0.1616596 0.955192 1.954452
v -0.1233171 0.9502186 1.964116
v -0.1916403 1.003749 1.936997
v -0.1992674 0.9640725 1.956753
v -0.1616596 0.955192 1.954452
v -0.177186 0.8588766 2.030602
v -0.1680168 0.8789127 2.025098
v -0.1606945 0.8718678 1.988005
v -0.1606945 0.8718678 1.988005
v -0.169414 0.8534123 1.992747
v -0.177186 0.8588766 2.030602
v -0.1355373 0.9541272 1.999332
v -0.1712222 0.9531823 2.008545
v -0.1488211 1.051775 1.986889
v -0.1488211 1.051775 1.986889
v -0.119574 1.043592 1.980255
v -0.1355373 0.9541272 1.999332
v -0.1833086 1.047861 1.970426
v -0.1916403 1.003749 1.936997
v -0.1800171 1.050489 1.928831
v -0.1916403 1.003749 1.936997
v -0.1616596 0.955192 1.954452
v -0.1106142 0.9883734 1.94364
v -0.1233171 0.9502186 1.964116
v -0.1355373 0.9541272 1.999332
v -0.119574 1.043592 1.980255
v -0.119574 1.043592 1.980255
v -0.1106142 0.9883734 1.94364
v -0.1233171 0.9502186 1.964116
v -0.254864 0.7388348 2.035919
v -0.2533568 0.7438567 2.045306
v -0.2263552 0.7329056 2.039698
v -0.2263552 0.7329056 2.039698
v -0.238788 0.7300769 2.034079
v -0.254864 0.7388348 2.035919
v -0.2684077 0.7432958 2.025543
v -0.2743405 0.7499328 2.026437
v -0.2533568 0.7438567 2.045306
v -0.2533568 0.7438567 2.045306
v -0.254864 0.7388348 2.035919
v -0.2684077 0.7432958 2.025543
v -0.2663484 0.7367045 2.010354
v -0.2676631 0.7391436 2.007623
v -0.2743405 0.7499328 2.026437
v -0.2743405 0.7499328 2.026437
v -0.2684077 0.7432958 2.025543
v -0.2663484 0.7367045 2.010354
v -0.251534 0.7279088 2.009864
v -0.2461281 0.7308034 2.001302
v -0.2676631 0.7391436 2.007623
v -0.2676631 0.7391436 2.007623
v -0.2663484 0.7367045 2.010354
v -0.251534 0.7279088 2.009864
v -0.2371084 0.7240934 2.019536
v -0.224779 0.7238049 2.015829
v -0.2461281 0.7308034 2.001302
v -0.2461281 0.7308034 2.001302
v -0.251534 0.7279088 2.009864
v -0.2371084 0.7240934 2.019536
v -0.238788 0.7300769 2.034079
v -0.2263552 0.7329056 2.039698
v -0.224779 0.7238049 2.015829
v -0.224779 0.7238049 2.015829
v -0.2371084 0.7240934 2.019536
v -0.238788 0.7300769 2.034079
v -0.2533568 0.7438567 2.045306
v -0.2409826 0.7699298 2.040034
v -0.2205498 0.7472644 2.035554
v -0.2205498 0.7472644 2.035554
v -0.2263552 0.7329056 2.039698
v -0.2533568 0.7438567 2.045306
v -0.2743405 0.7499328 2.026437
v -0.2603741 0.7722074 2.023948
v -0.2409826 0.7699298 2.040034
v -0.2409826 0.7699298 2.040034
v -0.2533568 0.7438567 2.045306
v -0.2743405 0.7499328 2.026437
v -0.2676631 0.7391436 2.007623
v -0.2557548 0.7620514 2.00563
v -0.2603741 0.7722074 2.023948
v -0.2603741 0.7722074 2.023948
v -0.2743405 0.7499328 2.026437
v -0.2676631 0.7391436 2.007623
v -0.2461281 0.7308034 2.001302
v -0.2352739 0.7537959 2.00033
v -0.2557548 0.7620514 2.00563
v -0.2557548 0.7620514 2.00563
v -0.2676631 0.7391436 2.007623
v -0.2461281 0.7308034 2.001302
v -0.224779 0.7238049 2.015829
v -0.2191229 0.739086 2.016541
v -0.2352739 0.7537959 2.00033
v -0.2352739 0.7537959 2.00033
v -0.2461281 0.7308034 2.001302
v -0.224779 0.7238049 2.015829
v -0.2263552 0.7329056 2.039698
v -0.2205498 0.7472644 2.035554
v -0.2191229 0.739086 2.016541
v -0.2191229 0.739086 2.016541
v -0.224779 0.7238049 2.015829
v -0.2263552 0.7329056 2.039698
v -0.1935856 0.8576855 1.986117
v -0.1606945 0.8718678 1.988005
v -0.1233171 0.9502186 1.964116
v -0.1233171 0.9502186 1.964116
v -0.1616596 0.955192 1.954452
v -0.1935856 0.8576855 1.986117
v -0.1606945 0.8718678 1.988005
v -0.1680168 0.8789127 2.025098
v -0.1355373 0.9541272 1.999332
v -0.1355373 0.9541272 1.999332
v -0.1233171 0.9502186 1.964116
v -0.1606945 0.8718678 1.988005
v -0.177186 0.8588766 2.030602
v -0.1994129 0.8676556 2.028411
v -0.1680168 0.8789127 2.025098
vt 0.8694822 0.760479
vt 0.7995862 0.7437898
vt 0.7780444 0.810432
vt 0.7780444 0.810432
vt 0.8723413 0.810432
vt 0.8694822 0.760479
vt 0.7199718 0.7683312
vt 0.6686096 0.7749296
vt 0.6616296 0.8147725
vt 0.6616296 0.8147725
vt 0.7158944 0.8098883
vt 0.7199718 0.7683312
vt 0.9922568 0.7649094
vt 0.9439764 0.781022
vt 0.9506635 0.810432
vt 0.9506635 0.810432
vt 0.9922568 0.810432
vt 0.9922568 0.7649094
vt 0.9047439 0.7793836
vt 0.8694822 0.760479
vt 0.8723413 0.810432
vt 0.8723413 0.810432
vt 0.9110551 0.810432
vt 0.9047439 0.7793836
vt 0.726294 0.5318091
vt 0.737676 0.4070374
vt 0.7183347 0.4070374
vt 0.7183347 0.4070374
vt 0.6888448 0.5452489
vt 0.726294 0.5318091
vt 0.8653236 0.524772
vt 0.8644078 0.4101861
vt 0.83307 0.4101861
vt 0.83307 0.4101861
vt 0.821128 0.5240321
vt 0.8653236 0.524772
vt 0.9922568 0.545319
vt 0.9672871 0.4101861
vt 0.9300308 0.4101861
vt 0.9300308 0.4101861
vt 0.9436132 0.548365
vt 0.9922568 0.545319
vt 0.9036962 0.5207068
vt 0.8985435 0.4101861
vt 0.8644078 0.4101861
vt 0.8644078 0.4101861
vt 0.8653236 0.524772
vt 0.9036962 0.5207068
vt 0.9436132 0.548365
vt 0.9300308 0.4101861
vt 0.8985435 0.4101861
vt 0.8985435 0.4101861
vt 0.9036962 0.5207068
vt 0.9436132 0.548365
vt 0.76722 0.523623
vt 0.7574236 0.4070374
vt 0.737676 0.4070374
vt 0.737676 0.4070374
vt 0.726294 0.5318091
vt 0.76722 0.523623
vt 0.9439764 0.781022
vt 0.9047439 0.7793836
vt 0.9110551 0.810432
vt 0.9110551 0.810432
vt 0.9506635 0.810432
vt 0.9439764 0.781022
vt 0.7661682 0.7480453
vt 0.7199718 0.7683312
vt 0.7158944 0.8098883
vt 0.7158944 0.8098883
vt 0.76722 0.8097426
vt 0.7661682 0.7480453
vt 0.7550827 0.6230149
vt 0.76722 0.523623
vt 0.726294 0.5318091
vt 0.726294 0.5318091
vt 0.7255066 0.627919
vt 0.7550827 0.6230149
vt 0.9354343 0.607954
vt 0.9436132 0.548365
vt 0.9036962 0.5207068
vt 0.9036962 0.5207068
vt 0.9067616 0.5954029
vt 0.9354343 0.607954
vt 0.9067616 0.5954029
vt 0.9036962 0.5207068
vt 0.8653236 0.524772
vt 0.8653236 0.524772
vt 0.8727634 0.600901
vt 0.9067616 0.5954029
vt 0.9922568 0.6287797
vt 0.9922568 0.545319
vt 0.9436132 0.548365
vt 0.9436132 0.548365
vt 0.9354343 0.607954
vt 0.9922568 0.6287797
vt 0.8727634 0.600901
vt 0.8653236 0.524772
vt 0.821128 0.5240321
vt 0.821128 0.5240321
vt 0.821128 0.6289867
vt 0.8727634 0.600901
vt 0.7255066 0.627919
vt 0.726294 0.5318091
vt 0.6888448 0.5452489
vt 0.6888448 0.5452489
vt 0.6955189 0.6265057
vt 0.7255066 0.627919
vt 0.7550827 0.6230149
vt 0.7255066 0.627919
vt 0.7199718 0.7683312
vt 0.7199718 0.7683312
vt 0.7661682 0.7480453
vt 0.7550827 0.6230149
vt 0.9348039 0.6577752
vt 0.9036605 0.6689766
vt 0.9047439 0.7793836
vt 0.9047439 0.7793836
vt 0.9439764 0.781022
vt 0.9348039 0.6577752
vt 0.9036605 0.6689766
vt 0.8715252 0.6524903
vt 0.8694822 0.760479
vt 0.8694822 0.760479
vt 0.9047439 0.7793836
vt 0.9036605 0.6689766
vt 0.9922568 0.6287797
vt 0.9348039 0.6577752
vt 0.9439764 0.781022
vt 0.9439764 0.781022
vt 0.9922568 0.7649094
vt 0.9922568 0.6287797
vt 0.7255066 0.627919
vt 0.6955189 0.6265057
vt 0.6686096 0.7749296
vt 0.6686096 0.7749296
vt 0.7199718 0.7683312
vt 0.7255066 0.627919
vt 0.8715252 0.6524903
vt 0.821128 0.6289867
vt 0.7995862 0.7437898
vt 0.7995862 0.7437898
vt 0.8694822 0.760479
vt 0.8715252 0.6524903
vt 0.821128 0.6289867
vt 0.8715252 0.6524903
vt 0.877176 0.631623
vt 0.3943408 0.5096613
vt 0.4000366 0.4975239
vt 0.3985507 0.4299204
vt 0.3985507 0.4299204
vt 0.3943408 0.4223697
vt 0.3943408 0.5096613
vt 0.9297302 0.6343793
vt 0.9348039 0.6577752
vt 0.9922568 0.6287797
vt 0.9066179 0.6308452
vt 0.877176 0.631623
vt 0.8715252 0.6524903
vt 0.8715252 0.6524903
vt 0.9036605 0.6689766
vt 0.9066179 0.6308452
vt 0.9297302 0.6343793
vt 0.9066179 0.6308452
vt 0.9036605 0.6689766
vt 0.9036605 0.6689766
vt 0.9348039 0.6577752
vt 0.9297302 0.6343793
vt 0.8727634 0.600901
vt 0.821128 0.6289867
vt 0.877176 0.631623
vt 0.9354343 0.607954
vt 0.9297302 0.6343793
vt 0.9922568 0.6287797
vt 0.9066179 0.6308452
vt 0.9067616 0.5954029
vt 0.8727634 0.600901
vt 0.8727634 0.600901
vt 0.877176 0.631623
vt 0.9066179 0.6308452
vt 0.9297302 0.6343793
vt 0.9354343 0.607954
vt 0.9067616 0.5954029
vt 0.9067616 0.5954029
vt 0.9066179 0.6308452
vt 0.9297302 0.6343793
vt 0.2600337 0.297871
vt 0.2599837 0.3411319
vt 0.3028915 0.3537751
vt 0.3028915 0.3537751
vt 0.3031322 0.2991152
vt 0.2600337 0.297871
vt 0.3885963 0.1695721
vt 0.4368164 0.05778616
vt 0.3320473 0.0348619
vt 0.3320473 0.0348619
vt 0.3179559 0.1350794
vt 0.3885963 0.1695721
vt 0.4298741 0.5140411
vt 0.4302496 0.506366
vt 0.4000366 0.4975239
vt 0.4000366 0.4975239
vt 0.3943408 0.5096613
vt 0.4298741 0.5140411
vt 0.2553184 0.3884935
vt 0.2464507 0.448732
vt 0.2981174 0.432636
vt 0.2981174 0.432636
vt 0.3125068 0.393298
vt 0.2553184 0.3884935
vt 0.2981174 0.432636
vt 0.2464507 0.448732
vt 0.3026028 0.4652655
vt 0.5143123 0.2710767
vt 0.5069056 0.3312482
vt 0.5487398 0.3343794
vt 0.5487398 0.3343794
vt 0.5489739 0.2694227
vt 0.5143123 0.2710767
vt 0.5061231 0.3741566
vt 0.5161277 0.4385948
vt 0.5483912 0.4311067
vt 0.5483912 0.4311067
vt 0.5485853 0.3772479
vt 0.5061231 0.3741566
vt 0.4722248 0.2712927
vt 0.4647747 0.3273998
vt 0.5069056 0.3312482
vt 0.5069056 0.3312482
vt 0.5143123 0.2710767
vt 0.4722248 0.2712927
vt 0.463509 0.3696464
vt 0.4732034 0.4196836
vt 0.5161277 0.4385948
vt 0.5161277 0.4385948
vt 0.5061231 0.3741566
vt 0.463509 0.3696464
vt 0.2217964 0.3855236
vt 0.2217949 0.4366096
vt 0.2464507 0.448732
vt 0.2464507 0.448732
vt 0.2553184 0.3884935
vt 0.2217964 0.3855236
vt 0.2218066 0.1116612
vt 0.2218021 0.2259737
vt 0.2593005 0.2237594
vt 0.2593005 0.2237594
vt 0.2722298 0.1229969
vt 0.2218066 0.1116612
vt 0.4610288 0.1390134
vt 0.4790338 0.2052909
vt 0.5197925 0.204641
vt 0.5197925 0.204641
vt 0.5077635 0.1355626
vt 0.4610288 0.1390134
vt 0.2217993 0.2996803
vt 0.2217979 0.3389566
vt 0.2599837 0.3411319
vt 0.2599837 0.3411319
vt 0.2600337 0.297871
vt 0.2217993 0.2996803
vt 0.5077635 0.1355626
vt 0.5197925 0.204641
vt 0.5492111 0.2035596
vt 0.5492111 0.2035596
vt 0.5494726 0.1309798
vt 0.5077635 0.1355626
vt 0.2722298 0.1229969
vt 0.2593005 0.2237594
vt 0.3008239 0.2207931
vt 0.3008239 0.2207931
vt 0.3179559 0.1350794
vt 0.2722298 0.1229969
vt 0.3031322 0.2991152
vt 0.3028915 0.3537751
vt 0.3800419 0.3602907
vt 0.3800419 0.3602907
vt 0.3750771 0.3002608
vt 0.3031322 0.2991152
vt 0.3179559 0.1350794
vt 0.3008239 0.2207931
vt 0.3552967 0.2314133
vt 0.3552967 0.2314133
vt 0.3885963 0.1695721
vt 0.3179559 0.1350794
vt 0.3008239 0.2207931
vt 0.3031322 0.2991152
vt 0.3750771 0.3002608
vt 0.3750771 0.3002608
vt 0.3552967 0.2314133
vt 0.3008239 0.2207931
vt 0.2218021 0.2259737
vt 0.2217993 0.2996803
vt 0.2600337 0.297871
vt 0.2600337 0.297871
vt 0.2593005 0.2237594
vt 0.2218021 0.2259737
vt 0.4790338 0.2052909
vt 0.4722248 0.2712927
vt 0.5143123 0.2710767
vt 0.5143123 0.2710767
vt 0.5197925 0.204641
vt 0.4790338 0.2052909
vt 0.5197925 0.204641
vt 0.5143123 0.2710767
vt 0.5489739 0.2694227
vt 0.5489739 0.2694227
vt 0.5492111 0.2035596
vt 0.5197925 0.204641
vt 0.2593005 0.2237594
vt 0.2600337 0.297871
vt 0.3031322 0.2991152
vt 0.3031322 0.2991152
vt 0.3008239 0.2207931
vt 0.2593005 0.2237594
vt 0.7586088 0.05556788
vt 0.7249545 0.05818878
vt 0.7307503 0.07500916
vt 0.7307503 0.07500916
vt 0.7586088 0.07386979
vt 0.7586088 0.05556788
vt 0.7586088 0.07386979
vt 0.7307503 0.07500916
vt 0.7342438 0.0910969
vt 0.7342438 0.0910969
vt 0.7586088 0.087858
vt 0.7586088 0.07386979
vt 0.7586088 0.087858
vt 0.7342438 0.0910969
vt 0.7336681 0.1064477
vt 0.7336681 0.1064477
vt 0.7586088 0.1064477
vt 0.7586088 0.087858
vt 0.7586088 0.006687026
vt 0.7368702 0.006687026
vt 0.7303651 0.0247476
vt 0.7303651 0.0247476
vt 0.7586088 0.02422666
vt 0.7586088 0.006687026
vt 0.7586088 0.02422666
vt 0.7303651 0.0247476
vt 0.7259322 0.04035485
vt 0.7259322 0.04035485
vt 0.7586088 0.03955062
vt 0.7586088 0.02422666
vt 0.7586088 0.03955062
vt 0.7259322 0.04035485
vt 0.7249545 0.05818878
vt 0.7249545 0.05818878
vt 0.7586088 0.05556788
vt 0.7586088 0.03955062
vt 0.7249545 0.05818878
vt 0.6884158 0.05746154
vt 0.6884158 0.07324199
vt 0.6884158 0.07324199
vt 0.7307503 0.07500916
vt 0.7249545 0.05818878
vt 0.7307503 0.07500916
vt 0.6884158 0.07324199
vt 0.6884158 0.09090218
vt 0.6884158 0.09090218
vt 0.7342438 0.0910969
vt 0.7307503 0.07500916
vt 0.7368702 0.006687026
vt 0.6884158 0.006687026
vt 0.6884158 0.02102499
vt 0.6884158 0.02102499
vt 0.7303651 0.0247476
vt 0.7368702 0.006687026
vt 0.7303651 0.0247476
vt 0.6884158 0.02102499
vt 0.6884158 0.03877033
vt 0.6884158 0.03877033
vt 0.7259322 0.04035485
vt 0.7303651 0.0247476
vt 0.7259322 0.04035485
vt 0.6884158 0.03877033
vt 0.6884158 0.05746154
vt 0.6884158 0.05746154
vt 0.7249545 0.05818878
vt 0.7259322 0.04035485
vt 0.6569083 0.1883934
vt 0.6432346 0.1897997
vt 0.6455213 0.1538186
vt 0.6455213 0.1538186
vt 0.6543949 0.1549799
vt 0.6569083 0.1883934
vt 0.677234 0.187502
vt 0.6569083 0.1883934
vt 0.6543949 0.1549799
vt 0.6543949 0.1549799
vt 0.6773981 0.1487623
vt 0.677234 0.187502
vt 0.6501446 0.126535
vt 0.6755815 0.1119811
vt 0.6774808 0.1175502
vt 0.6774808 0.1175502
vt 0.6537909 0.1312268
vt 0.6501446 0.126535
vt 0.6755815 0.1119811
vt 0.7036065 0.1142178
vt 0.7040619 0.121343
vt 0.7040619 0.121343
vt 0.6774808 0.1175502
vt 0.6755815 0.1119811
vt 0.6444387 0.3080006
vt 0.675747 0.3015443
vt 0.6736515 0.2624865
vt 0.6736515 0.2624865
vt 0.6445845 0.2683576
vt 0.6444387 0.3080006
vt 0.675747 0.3015443
vt 0.6996126 0.297796
vt 0.7035922 0.2622586
vt 0.7035922 0.2622586
vt 0.6736515 0.2624865
vt 0.675747 0.3015443
vt 0.7018641 0.1998083
vt 0.677234 0.187502
vt 0.7041466 0.1805694
vt 0.7041466 0.1805694
vt 0.677234 0.187502
vt 0.6773981 0.1487623
vt 0.6773981 0.1487623
vt 0.7046556 0.1478372
vt 0.7041466 0.1805694
vt 0.6654046 0.320385
vt 0.675747 0.3015443
vt 0.6444387 0.3080006
vt 0.6654046 0.320385
vt 0.6861041 0.3303568
vt 0.675747 0.3015443
vt 0.7035922 0.2622586
vt 0.7046128 0.234305
vt 0.6746716 0.2285549
vt 0.6746716 0.2285549
vt 0.6736515 0.2624865
vt 0.7035922 0.2622586
vt 0.7046556 0.1478372
vt 0.7040619 0.121343
vt 0.7111843 0.1211032
vt 0.7111843 0.1211032
vt 0.7135633 0.1468106
vt 0.7046556 0.1478372
vt 0.6445845 0.2683576
vt 0.6736515 0.2624865
vt 0.6746716 0.2285549
vt 0.6746716 0.2285549
vt 0.6469342 0.2437647
vt 0.6445845 0.2683576
vt 0.6543949 0.1549799
vt 0.6455213 0.1538186
vt 0.6477839 0.1306013
vt 0.6477839 0.1306013
vt 0.6537909 0.1312268
vt 0.6543949 0.1549799
vt 0.6773981 0.1487623
vt 0.6543949 0.1549799
vt 0.6537909 0.1312268
vt 0.6537909 0.1312268
vt 0.6774808 0.1175502
vt 0.6773981 0.1487623
vt 0.7018641 0.1998083
vt 0.6918964 0.222187
vt 0.6758187 0.2194165
vt 0.6758187 0.2194165
vt 0.677234 0.187502
vt 0.7018641 0.1998083
vt 0.725499 0.2137388
vt 0.711722 0.2293529
vt 0.6918964 0.222187
vt 0.6918964 0.222187
vt 0.7018641 0.1998083
vt 0.725499 0.2137388
vt 0.7366139 0.2236012
vt 0.7210382 0.2406993
vt 0.711722 0.2293529
vt 0.711722 0.2293529
vt 0.725499 0.2137388
vt 0.7366139 0.2236012
vt 0.6658832 0.3454638
vt 0.6861041 0.3303568
vt 0.6654046 0.320385
vt 0.6444387 0.3080006
vt 0.6472251 0.3397718
vt 0.6658832 0.3454638
vt 0.6658832 0.3454638
vt 0.6654046 0.320385
vt 0.6444387 0.3080006
vt 0.6366065 0.2188801
vt 0.6432346 0.1897997
vt 0.6569083 0.1883934
vt 0.6569083 0.1883934
vt 0.6584891 0.219456
vt 0.6366065 0.2188801
vt 0.677234 0.187502
vt 0.6758187 0.2194165
vt 0.6584891 0.219456
vt 0.6584891 0.219456
vt 0.6569083 0.1883934
vt 0.677234 0.187502
vt 0.7598907 0.1635544
vt 0.7653215 0.168124
vt 0.7606766 0.174225
vt 0.7606766 0.174225
vt 0.7548011 0.1686022
vt 0.7598907 0.1635544
vt 0.7548011 0.1686022
vt 0.7606766 0.174225
vt 0.7364373 0.1989122
vt 0.7364373 0.1989122
vt 0.7241271 0.1882558
vt 0.7548011 0.1686022
vt 0.745874 0.2066604
vt 0.7364373 0.1989122
vt 0.7606766 0.174225
vt 0.7606766 0.174225
vt 0.7649336 0.1806146
vt 0.745874 0.2066604
vt 0.6996126 0.297796
vt 0.7025077 0.3161889
vt 0.7366332 0.3074884
vt 0.7366332 0.3074884
vt 0.7351848 0.2998672
vt 0.6996126 0.297796
vt 0.6773981 0.1487623
vt 0.6774808 0.1175502
vt 0.7040619 0.121343
vt 0.7040619 0.121343
vt 0.7046556 0.1478372
vt 0.6773981 0.1487623
vt 0.7018641 0.1998083
vt 0.7241271 0.1882558
vt 0.7364373 0.1989122
vt 0.7364373 0.1989122
vt 0.725499 0.2137388
vt 0.7018641 0.1998083
vt 0.7041466 0.1805694
vt 0.7202082 0.1779289
vt 0.7241271 0.1882558
vt 0.7241271 0.1882558
vt 0.7018641 0.1998083
vt 0.7041466 0.1805694
vt 0.725499 0.2137388
vt 0.7364373 0.1989122
vt 0.745874 0.2066604
vt 0.745874 0.2066604
vt 0.7366139 0.2236012
vt 0.725499 0.2137388
vt 0.7025077 0.3161889
vt 0.6996126 0.297796
vt 0.675747 0.3015443
vt 0.7336681 0.1064477
vt 0.7342438 0.0910969
vt 0.6884158 0.09090218
vt 0.6884158 0.09090218
vt 0.6884158 0.1064477
vt 0.7336681 0.1064477
vt 0.2217979 0.3389566
vt 0.2217964 0.3855236
vt 0.2553184 0.3884935
vt 0.2553184 0.3884935
vt 0.2599837 0.3411319
vt 0.2217979 0.3389566
vt 0.2599837 0.3411319
vt 0.2553184 0.3884935
vt 0.3125068 0.393298
vt 0.3125068 0.393298
vt 0.3028915 0.3537751
vt 0.2599837 0.3411319
vt 0.3026028 0.4652655
vt 0.2464507 0.448732
vt 0.2646323 0.5035083
vt 0.7241271 0.1882558
vt 0.7202082 0.1779289
vt 0.7490714 0.1648842
vt 0.7490714 0.1648842
vt 0.7548011 0.1686022
vt 0.7241271 0.1882558
vt 0.7202082 0.1779289
vt 0.7041466 0.1805694
vt 0.7046556 0.1478372
vt 0.7046556 0.1478372
vt 0.7135633 0.1468106
vt 0.7202082 0.1779289
vt 0.766227 0.05210799
vt 0.7557839 0.05008827
vt 0.7562103 0.05889125
vt 0.7562103 0.05889125
vt 0.7650192 0.05889125
vt 0.766227 0.05210799
vt 0.7649746 0.04498389
vt 0.7568182 0.04350021
vt 0.7557839 0.05008827
vt 0.7557839 0.05008827
vt 0.766227 0.05210799
vt 0.7649746 0.04498389
vt 0.7414808 0.269633
vt 0.7119144 0.2709181
vt 0.7159933 0.254189
vt 0.7159933 0.254189
vt 0.7386986 0.2540629
vt 0.7414808 0.269633
vt 0.7389733 0.2888229
vt 0.7159138 0.2888229
vt 0.7119144 0.2709181
vt 0.7119144 0.2709181
vt 0.7414808 0.269633
vt 0.7389733 0.2888229
vt 0.4647747 0.3273998
vt 0.463509 0.3696464
vt 0.5061231 0.3741566
vt 0.5061231 0.3741566
vt 0.5069056 0.3312482
vt 0.4647747 0.3273998
vt 0.5069056 0.3312482
vt 0.5061231 0.3741566
vt 0.5485853 0.3772479
vt 0.5485853 0.3772479
vt 0.5487398 0.3343794
vt 0.5069056 0.3312482
vt 0.3125068 0.393298
vt 0.3863713 0.4040213
vt 0.3800419 0.3602907
vt 0.3800419 0.3602907
vt 0.3028915 0.3537751
vt 0.3125068 0.393298
vt 0.5188053 0.5677696
vt 0.5197471 0.597245
vt 0.5510874 0.5656951
vt 0.5762832 0.4470252
vt 0.613277 0.5003198
vt 0.6334676 0.5008271
vt 0.6822867 0.483457
vt 0.7026795 0.4321631
vt 0.6586855 0.4322889
vt 0.5762832 0.4470252
vt 0.5411534 0.5046195
vt 0.5748232 0.5022824
vt 0.5744628 0.5546389
vt 0.5748232 0.5022824
vt 0.5411534 0.5046195
vt 0.5411534 0.5046195
vt 0.5510874 0.5656951
vt 0.5744628 0.5546389
vt 0.6656838 0.3861433
vt 0.6586855 0.4322889
vt 0.7026795 0.4321631
vt 0.7026795 0.4321631
vt 0.6869967 0.3860815
vt 0.6656838 0.3861433
vt 0.5238692 0.5052367
vt 0.5411534 0.5046195
vt 0.5762832 0.4470252
vt 0.6010203 0.5650746
vt 0.613277 0.5003198
vt 0.5748232 0.5022824
vt 0.5748232 0.5022824
vt 0.5744628 0.5546389
vt 0.6010203 0.5650746
vt 0.5762832 0.4470252
vt 0.5748232 0.5022824
vt 0.613277 0.5003198
vt 0.6465285 0.6213332
vt 0.6846796 0.5711151
vt 0.6746232 0.5637354
vt 0.6010203 0.5650746
vt 0.6320252 0.6055503
vt 0.6361421 0.5709568
vt 0.6812363 0.3611659
vt 0.6813833 0.352684
vt 0.6726713 0.352712
vt 0.6726713 0.352712
vt 0.6726955 0.3611906
vt 0.6812363 0.3611659
vt 0.6361421 0.5709568
vt 0.6334676 0.5008271
vt 0.613277 0.5003198
vt 0.613277 0.5003198
vt 0.6010203 0.5650746
vt 0.6361421 0.5709568
vt 0.5238692 0.5052367
vt 0.5188053 0.5677696
vt 0.5510874 0.5656951
vt 0.5510874 0.5656951
vt 0.5411534 0.5046195
vt 0.5238692 0.5052367
vt 0.6233805 0.6347584
vt 0.6465285 0.6213332
vt 0.6320252 0.6055503
vt 0.6320252 0.6055503
vt 0.6087846 0.6184495
vt 0.6233805 0.6347584
vt 0.6087846 0.6184495
vt 0.6320252 0.6055503
vt 0.6010203 0.5650746
vt 0.6010203 0.5650746
vt 0.5872643 0.5914017
vt 0.6087846 0.6184495
vt 0.5872643 0.5914017
vt 0.6010203 0.5650746
vt 0.5744628 0.5546389
vt 0.5744628 0.5546389
vt 0.5748391 0.5866048
vt 0.5872643 0.5914017
vt 0.5748391 0.5866048
vt 0.5744628 0.5546389
vt 0.5510874 0.5656951
vt 0.5510874 0.5656951
vt 0.5586983 0.5899816
vt 0.5748391 0.5866048
vt 0.5586983 0.5899816
vt 0.5510874 0.5656951
vt 0.5197471 0.597245
vt 0.5197471 0.597245
vt 0.5408754 0.6066788
vt 0.5586983 0.5899816
vt 0.5408754 0.6066788
vt 0.5197471 0.597245
vt 0.5087587 0.6064427
vt 0.5087587 0.6064427
vt 0.5270497 0.6204128
vt 0.5408754 0.6066788
vt 0.4302496 0.506366
vt 0.4298741 0.5140411
vt 0.4672041 0.5071054
vt 0.4672041 0.5071054
vt 0.4632297 0.5013952
vt 0.4302496 0.506366
vt 0.4632297 0.5013952
vt 0.4672041 0.5071054
vt 0.4689664 0.4380178
vt 0.4689664 0.4380178
vt 0.464797 0.4429864
vt 0.4632297 0.5013952
vt 0.2206414 0.8344449
vt 0.2254924 0.888371
vt 0.2920815 0.8839325
vt 0.2920815 0.8839325
vt 0.2827109 0.8309523
vt 0.2206414 0.8344449
vt 0.1895893 0.7906243
vt 0.211046 0.790314
vt 0.16532 0.7829607
vt 0.16532 0.7829607
vt 0.211046 0.790314
vt 0.1650668 0.7565817
vt 0.2026688 0.7547145
vt 0.1650668 0.7565817
vt 0.211046 0.790314
vt 0.2166618 0.9083358
vt 0.2173035 0.9922481
vt 0.2703758 0.9879839
vt 0.2703758 0.9879839
vt 0.2932327 0.9005362
vt 0.2166618 0.9083358
vt 0.03147864 0.6380405
vt 0.1528449 0.6767457
vt 0.1100221 0.5740559
vt 0.1100221 0.5740559
vt 0.0406909 0.5788114
vt 0.03147864 0.6380405
vt 0.074476 0.5096998
vt 0.01583719 0.5421436
vt 0.0406909 0.5788114
vt 0.0406909 0.5788114
vt 0.1100221 0.5740559
vt 0.074476 0.5096998
vt 0.5311921 0.8783698
vt 0.5296534 0.8339553
vt 0.4984214 0.8652281
vt 0.5311921 0.8783698
vt 0.5791885 0.8793609
vt 0.5787165 0.8343561
vt 0.5787165 0.8343561
vt 0.5296534 0.8339553
vt 0.5311921 0.8783698
vt 0.5311921 0.8783698
vt 0.5279782 0.9274712
vt 0.579735 0.9314704
vt 0.579735 0.9314704
vt 0.5791885 0.8793609
vt 0.5311921 0.8783698
vt 0.5507874 0.9917389
vt 0.5803798 0.9929522
vt 0.579735 0.9314704
vt 0.8117499 0.9373157
vt 0.8126601 0.8784651
vt 0.7845551 0.8781101
vt 0.7845551 0.8781101
vt 0.7848403 0.9393254
vt 0.8117499 0.9373157
vt 0.005046126 0.5096998
vt 0.01583719 0.5421436
vt 0.074476 0.5096998
vt 0.2173035 0.9922481
vt 0.2166618 0.9083358
vt 0.167337 0.9932065
vt 0.2166618 0.9083358
vt 0.1785911 0.8953518
vt 0.167337 0.9932065
vt 0.1663713 0.8925489
vt 0.167337 0.9932065
vt 0.1785911 0.8953518
vt 0.1996711 0.7032822
vt 0.2026688 0.7547145
vt 0.2431622 0.7235588
vt 0.1658977 0.8431834
vt 0.1662179 0.8765575
vt 0.1781295 0.8773617
vt 0.1781295 0.8773617
vt 0.1757855 0.8455807
vt 0.1658977 0.8431834
vt 0.1655505 0.8069955
vt 0.1658977 0.8431834
vt 0.1757855 0.8455807
vt 0.1757855 0.8455807
vt 0.1700702 0.8077604
vt 0.1655505 0.8069955
vt 0.16532 0.7829607
vt 0.1655505 0.8069955
vt 0.1700702 0.8077604
vt 0.1700702 0.8077604
vt 0.1895893 0.7906243
vt 0.16532 0.7829607
vt 0.1700702 0.8077604
vt 0.1757855 0.8455807
vt 0.1884797 0.8430122
vt 0.1884797 0.8430122
vt 0.1895893 0.7906243
vt 0.1700702 0.8077604
vt 0.2254924 0.888371
vt 0.2166618 0.9083358
vt 0.2932327 0.9005362
vt 0.2932327 0.9005362
vt 0.2920815 0.8839325
vt 0.2254924 0.888371
vt 0.1662179 0.8765575
vt 0.1663713 0.8925489
vt 0.1785911 0.8953518
vt 0.1785911 0.8953518
vt 0.1781295 0.8773617
vt 0.1662179 0.8765575
vt 0.5787165 0.8343561
vt 0.5777668 0.7438201
vt 0.5309613 0.755478
vt 0.5309613 0.755478
vt 0.5296534 0.8339553
vt 0.5787165 0.8343561
vt 0.3509412 0.5801458
vt 0.3564104 0.6497359
vt 0.4042087 0.6546284
vt 0.4042087 0.6546284
vt 0.422659 0.5884922
vt 0.3509412 0.5801458
vt 0.3174973 0.5683792
vt 0.3174973 0.6394148
vt 0.3564104 0.6497359
vt 0.3564104 0.6497359
vt 0.3509412 0.5801458
vt 0.3174973 0.5683792
vt 0.2827109 0.8309523
vt 0.2622991 0.7848924
vt 0.211046 0.790314
vt 0.211046 0.790314
vt 0.2206414 0.8344449
vt 0.2827109 0.8309523
vt 0.2206414 0.8344449
vt 0.211046 0.790314
vt 0.1895893 0.7906243
vt 0.1895893 0.7906243
vt 0.1884797 0.8430122
vt 0.2206414 0.8344449
vt 0.1528449 0.6767457
vt 0.03147864 0.6380405
vt 0.03510666 0.686342
vt 0.2026688 0.7547145
vt 0.1996711 0.7032822
vt 0.1644425 0.6915034
vt 0.1644425 0.6915034
vt 0.1650668 0.7565817
vt 0.2026688 0.7547145
vt 0.8519446 0.985194
vt 0.8934664 0.9642124
vt 0.8780824 0.9122252
vt 0.8780824 0.9122252
vt 0.8423753 0.9363958
vt 0.8519446 0.985194
vt 0.8163033 0.828733
vt 0.8126601 0.8784651
vt 0.8467717 0.8785319
vt 0.8467717 0.8785319
vt 0.8469437 0.8448606
vt 0.8163033 0.828733
vt 0.8423753 0.9363958
vt 0.8467717 0.8785319
vt 0.8126601 0.8784651
vt 0.8126601 0.8784651
vt 0.8117499 0.9373157
vt 0.8423753 0.9363958
vt 0.7843001 0.8233343
vt 0.7845551 0.8781101
vt 0.8126601 0.8784651
vt 0.8126601 0.8784651
vt 0.8163033 0.828733
vt 0.7843001 0.8233343
vt 0.8519446 0.985194
vt 0.8423753 0.9363958
vt 0.8117499 0.9373157
vt 0.8117499 0.9373157
vt 0.8166485 0.9942049
vt 0.8519446 0.985194
vt 0.8166485 0.9942049
vt 0.8117499 0.9373157
vt 0.7848403 0.9393254
vt 0.7848403 0.9393254
vt 0.7851107 0.9974519
vt 0.8166485 0.9942049
vt 0.8717926 0.871177
vt 0.8467717 0.8785319
vt 0.8423753 0.9363958
vt 0.8423753 0.9363958
vt 0.8780824 0.9122252
vt 0.8717926 0.871177
vt 0.2026688 0.7547145
vt 0.211046 0.790314
vt 0.2622991 0.7848924
vt 0.2026688 0.7547145
vt 0.2622991 0.7848924
vt 0.2431622 0.7235588
vt 0.1884797 0.8430122
vt 0.1757855 0.8455807
vt 0.1781295 0.8773617
vt 0.1785911 0.8953518
vt 0.2166618 0.9083358
vt 0.2254924 0.888371
vt 0.2254924 0.888371
vt 0.1781295 0.8773617
vt 0.1785911 0.8953518
vt 0.1884797 0.8430122
vt 0.1781295 0.8773617
vt 0.2254924 0.888371
vt 0.2254924 0.888371
vt 0.2206414 0.8344449
vt 0.1884797 0.8430122
vt 0.3026028 0.4652655
vt 0.2646323 0.5035083
vt 0.312795 0.4946687
vt 0.5507874 0.9917389
vt 0.579735 0.9314704
vt 0.5279782 0.9274712
vt 0.5507874 0.9917389
vt 0.5279782 0.9274712
vt 0.5204023 0.9779093
vt 0.3724923 0.8090203
vt 0.3566242 0.6620163
vt 0.3324633 0.8097143
vt 0.4382603 0.8053616
vt 0.3566242 0.6620163
vt 0.3724923 0.8090203
vt 0.2808156 0.7760297
vt 0.2461066 0.6845315
vt 0.3324524 0.7490638
vt 0.3724923 0.8090203
vt 0.3324633 0.8097143
vt 0.3024119 0.8814748
vt 0.3024119 0.8814748
vt 0.3631772 0.8885624
vt 0.3724923 0.8090203
vt 0.3724923 0.8090203
vt 0.4214994 0.8958569
vt 0.4382603 0.8053616
vt 0.3324524 0.7490638
vt 0.2905334 0.8253543
vt 0.2808156 0.7760297
vt 0.03689694 0.7395618
vt 0.1528449 0.6767457
vt 0.03510666 0.686342
vt 0.4214994 0.8958569
vt 0.3631772 0.8885624
vt 0.3362412 0.976781
vt 0.3362412 0.976781
vt 0.4007519 0.9837493
vt 0.4214994 0.8958569
vt 0.8467717 0.8785319
vt 0.8717926 0.871177
vt 0.8469437 0.8448606
vt 0.3249616 0.9798356
vt 0.2932327 0.9005362
vt 0.2703758 0.9879839
vt 0.3631772 0.8885624
vt 0.4214994 0.8958569
vt 0.3724923 0.8090203
vt 0.3631772 0.8885624
vt 0.3024119 0.8814748
vt 0.3039574 0.8985364
vt 0.3362412 0.976781
vt 0.3631772 0.8885624
vt 0.3039574 0.8985364
vt 0.4831784 0.9191023
vt 0.5279782 0.9274712
vt 0.5311921 0.8783698
vt 0.5311921 0.8783698
vt 0.4984214 0.8652281
vt 0.4831784 0.9191023
vt 0.4214994 0.8958569
vt 0.4741929 0.9004199
vt 0.4773768 0.8059877
vt 0.4773768 0.8059877
vt 0.4382603 0.8053616
vt 0.4214994 0.8958569
vt 0.1528449 0.6767457
vt 0.1906354 0.6696768
vt 0.1948016 0.5966756
vt 0.1948016 0.5966756
vt 0.1100221 0.5740559
vt 0.1528449 0.6767457
vt 0.4831784 0.9191023
vt 0.4870681 0.9508246
vt 0.5204023 0.9779093
vt 0.5204023 0.9779093
vt 0.5279782 0.9274712
vt 0.4831784 0.9191023
vt 0.4214994 0.8958569
vt 0.4007519 0.9837493
vt 0.4773768 0.9525712
vt 0.4773768 0.9525712
vt 0.4741929 0.9004199
vt 0.4214994 0.8958569
vt 0.9203016 0.8196315
vt 0.9619005 0.8632847
vt 0.9826891 0.8497888
vt 0.9203016 0.8196315
vt 0.9330523 0.8685783
vt 0.9619005 0.8632847
vt 0.9449592 0.9875076
vt 0.9612119 0.9568292
vt 0.9463304 0.9533376
vt 0.9463304 0.9533376
vt 0.9400382 0.9829887
vt 0.9449592 0.9875076
vt 0.9515394 0.9936526
vt 0.9779099 0.9625607
vt 0.9612119 0.9568292
vt 0.9612119 0.9568292
vt 0.9449592 0.9875076
vt 0.9515394 0.9936526
vt 0.9400382 0.9829887
vt 0.9463304 0.9533376
vt 0.9288386 0.9542221
vt 0.9288386 0.9542221
vt 0.9316793 0.9813749
vt 0.9400382 0.9829887
vt 0.9121411 0.9090538
vt 0.9288386 0.9542221
vt 0.9463304 0.9533376
vt 0.9463304 0.9533376
vt 0.9351563 0.9055719
vt 0.9121411 0.9090538
vt 0.99247 0.9062284
vt 0.9826891 0.8497888
vt 0.9619005 0.8632847
vt 0.9619005 0.8632847
vt 0.967119 0.9080134
vt 0.99247 0.9062284
vt 0.967119 0.9080134
vt 0.9619005 0.8632847
vt 0.9330523 0.8685783
vt 0.9330523 0.8685783
vt 0.9351563 0.9055719
vt 0.967119 0.9080134
vt 0.9203016 0.8196315
vt 0.9100123 0.8714241
vt 0.9330523 0.8685783
vt 0.9612119 0.9568292
vt 0.967119 0.9080134
vt 0.9351563 0.9055719
vt 0.9351563 0.9055719
vt 0.9463304 0.9533376
vt 0.9612119 0.9568292
vt 0.9779099 0.9625607
vt 0.99247 0.9062284
vt 0.967119 0.9080134
vt 0.967119 0.9080134
vt 0.9612119 0.9568292
vt 0.9779099 0.9625607
vt 0.9100123 0.8714241
vt 0.9121411 0.9090538
vt 0.9351563 0.9055719
vt 0.9351563 0.9055719
vt 0.9330523 0.8685783
vt 0.9100123 0.8714241
vt 0.487158 0.5583066
vt 0.5197471 0.597245
vt 0.5188053 0.5677696
vt 0.5188053 0.5677696
vt 0.4934503 0.5504856
vt 0.487158 0.5583066
vt 0.5077635 0.1355626
vt 0.4923166 0.01050062
vt 0.4356697 0.02265938
vt 0.4356697 0.02265938
vt 0.4610288 0.1390134
vt 0.5077635 0.1355626
vt 0.2722298 0.1229969
vt 0.2772149 0.01411965
vt 0.2218107 0.01048052
vt 0.5494726 0.1309798
vt 0.5499277 0.004680097
vt 0.4923166 0.01050062
vt 0.4923166 0.01050062
vt 0.5077635 0.1355626
vt 0.5494726 0.1309798
vt 0.2772149 0.01411965
vt 0.2722298 0.1229969
vt 0.3179559 0.1350794
vt 0.3179559 0.1350794
vt 0.3320473 0.0348619
vt 0.2772149 0.01411965
vt 0.464797 0.4429864
vt 0.4689664 0.4380178
vt 0.4322765 0.4270008
vt 0.4322765 0.4270008
vt 0.431108 0.4343579
vt 0.464797 0.4429864
vt 0.3943408 0.4223697
vt 0.3985507 0.4299204
vt 0.431108 0.4343579
vt 0.431108 0.4343579
vt 0.4322765 0.4270008
vt 0.3943408 0.4223697
vt 0.2218107 0.01048052
vt 0.2218066 0.1116612
vt 0.2722298 0.1229969
vt 0.6869967 0.3860815
vt 0.6812363 0.3611659
vt 0.6726955 0.3611906
vt 0.6726955 0.3611906
vt 0.6656838 0.3861433
vt 0.6869967 0.3860815
vt 0.6361421 0.5709568
vt 0.6320252 0.6055503
vt 0.6746232 0.5637354
vt 0.6746232 0.5637354
vt 0.668192 0.5534731
vt 0.6361421 0.5709568
vt 0.5087587 0.6064427
vt 0.5197471 0.597245
vt 0.487158 0.5583066
vt 0.6465285 0.6213332
vt 0.6746232 0.5637354
vt 0.6320252 0.6055503
vt 0.8694822 0.760479
vt 0.8723413 0.810432
vt 0.7780444 0.810432
vt 0.7780444 0.810432
vt 0.7995862 0.7437898
vt 0.8694822 0.760479
vt 0.7199718 0.7683312
vt 0.7158944 0.8098883
vt 0.6616296 0.8147725
vt 0.6616296 0.8147725
vt 0.6686096 0.7749296
vt 0.7199718 0.7683312
vt 0.9922568 0.7649094
vt 0.9922568 0.810432
vt 0.9506635 0.810432
vt 0.9506635 0.810432
vt 0.9439764 0.781022
vt 0.9922568 0.7649094
vt 0.9047439 0.7793836
vt 0.9110551 0.810432
vt 0.8723413 0.810432
vt 0.8723413 0.810432
vt 0.8694822 0.760479
vt 0.9047439 0.7793836
vt 0.726294 0.5318091
vt 0.6888448 0.5452489
vt 0.7183347 0.4070374
vt 0.7183347 0.4070374
vt 0.737676 0.4070374
vt 0.726294 0.5318091
vt 0.8653236 0.524772
vt 0.821128 0.5240321
vt 0.83307 0.4101861
vt 0.83307 0.4101861
vt 0.8644078 0.4101861
vt 0.8653236 0.524772
vt 0.9922568 0.545319
vt 0.9436132 0.548365
vt 0.9300308 0.4101861
vt 0.9300308 0.4101861
vt 0.9672871 0.4101861
vt 0.9922568 0.545319
vt 0.9036962 0.5207068
vt 0.8653236 0.524772
vt 0.8644078 0.4101861
vt 0.8644078 0.4101861
vt 0.8985435 0.4101861
vt 0.9036962 0.5207068
vt 0.9436132 0.548365
vt 0.9036962 0.5207068
vt 0.8985435 0.4101861
vt 0.8985435 0.4101861
vt 0.9300308 0.4101861
vt 0.9436132 0.548365
vt 0.76722 0.523623
vt 0.726294 0.5318091
vt 0.737676 0.4070374
vt 0.737676 0.4070374
vt 0.7574236 0.4070374
vt 0.76722 0.523623
vt 0.9439764 0.781022
vt 0.9506635 0.810432
vt 0.9110551 0.810432
vt 0.9110551 0.810432
vt 0.9047439 0.7793836
vt 0.9439764 0.781022
vt 0.7661682 0.7480453
vt 0.76722 0.8097426
vt 0.7158944 0.8098883
vt 0.7158944 0.8098883
vt 0.7199718 0.7683312
vt 0.7661682 0.7480453
vt 0.7550827 0.6230149
vt 0.7255066 0.627919
vt 0.726294 0.5318091
vt 0.726294 0.5318091
vt 0.76722 0.523623
vt 0.7550827 0.6230149
vt 0.9354343 0.607954
vt 0.9067616 0.5954029
vt 0.9036962 0.5207068
vt 0.9036962 0.5207068
vt 0.9436132 0.548365
vt 0.9354343 0.607954
vt 0.9067616 0.5954029
vt 0.8727634 0.600901
vt 0.8653236 0.524772
vt 0.8653236 0.524772
vt 0.9036962 0.5207068
vt 0.9067616 0.5954029
vt 0.9922568 0.6287797
vt 0.9354343 0.607954
vt 0.9436132 0.548365
vt 0.9436132 0.548365
vt 0.9922568 0.545319
vt 0.9922568 0.6287797
vt 0.8727634 0.600901
vt 0.821128 0.6289867
vt 0.821128 0.5240321
vt 0.821128 0.5240321
vt 0.8653236 0.524772
vt 0.8727634 0.600901
vt 0.7255066 0.627919
vt 0.6955189 0.6265057
vt 0.6888448 0.5452489
vt 0.6888448 0.5452489
vt 0.726294 0.5318091
vt 0.7255066 0.627919
vt 0.7550827 0.6230149
vt 0.7661682 0.7480453
vt 0.7199718 0.7683312
vt 0.7199718 0.7683312
vt 0.7255066 0.627919
vt 0.7550827 0.6230149
vt 0.9348039 0.6577752
vt 0.9439764 0.781022
vt 0.9047439 0.7793836
vt 0.9047439 0.7793836
vt 0.9036605 0.6689766
vt 0.9348039 0.6577752
vt 0.9036605 0.6689766
vt 0.9047439 0.7793836
vt 0.8694822 0.760479
vt 0.8694822 0.760479
vt 0.8715252 0.6524903
vt 0.9036605 0.6689766
vt 0.9922568 0.6287797
vt 0.9922568 0.7649094
vt 0.9439764 0.781022
vt 0.9439764 0.781022
vt 0.9348039 0.6577752
vt 0.9922568 0.6287797
vt 0.7255066 0.627919
vt 0.7199718 0.7683312
vt 0.6686096 0.7749296
vt 0.6686096 0.7749296
vt 0.6955189 0.6265057
vt 0.7255066 0.627919
vt 0.8715252 0.6524903
vt 0.8694822 0.760479
vt 0.7995862 0.7437898
vt 0.7995862 0.7437898
vt 0.821128 0.6289867
vt 0.8715252 0.6524903
vt 0.8715252 0.6524903
vt 0.821128 0.6289867
vt 0.877176 0.631623
vt 0.3943408 0.5096613
vt 0.3943408 0.4223697
vt 0.3901309 0.4299204
vt 0.3901309 0.4299204
vt 0.3886449 0.4975239
vt 0.3943408 0.5096613
vt 0.9348039 0.6577752
vt 0.9297302 0.6343793
vt 0.9922568 0.6287797
vt 0.9066179 0.6308452
vt 0.9036605 0.6689766
vt 0.8715252 0.6524903
vt 0.8715252 0.6524903
vt 0.877176 0.631623
vt 0.9066179 0.6308452
vt 0.9297302 0.6343793
vt 0.9348039 0.6577752
vt 0.9036605 0.6689766
vt 0.9036605 0.6689766
vt 0.9066179 0.6308452
vt 0.9297302 0.6343793
vt 0.821128 0.6289867
vt 0.8727634 0.600901
vt 0.877176 0.631623
vt 0.9297302 0.6343793
vt 0.9354343 0.607954
vt 0.9922568 0.6287797
vt 0.9066179 0.6308452
vt 0.877176 0.631623
vt 0.8727634 0.600901
vt 0.8727634 0.600901
vt 0.9067616 0.5954029
vt 0.9066179 0.6308452
vt 0.9297302 0.6343793
vt 0.9066179 0.6308452
vt 0.9067616 0.5954029
vt 0.9067616 0.5954029
vt 0.9354343 0.607954
vt 0.9297302 0.6343793
vt 0.1835651 0.2978681
vt 0.1404663 0.2991091
vt 0.1407029 0.3537694
vt 0.1407029 0.3537694
vt 0.1836119 0.3411293
vt 0.1835651 0.2978681
vt 0.05501203 0.1695589
vt 0.1256554 0.1350718
vt 0.111572 0.03485296
vt 0.111572 0.03485296
vt 0.006800902 0.05776878
vt 0.05501203 0.1695589
vt 0.3588074 0.5140411
vt 0.3943408 0.5096613
vt 0.3886449 0.4975239
vt 0.3886449 0.4975239
vt 0.3584319 0.5063658
vt 0.3588074 0.5140411
vt 0.1882741 0.3884913
vt 0.1310846 0.393292
vt 0.1454715 0.4326318
vt 0.1454715 0.4326318
vt 0.1971383 0.4487312
vt 0.1882741 0.3884913
vt 0.1971383 0.4487312
vt 0.1454715 0.4326318
vt 0.1409837 0.4652618
vt 0.5836224 0.2713265
vt 0.5489739 0.2694227
vt 0.5487398 0.3343794
vt 0.5487398 0.3343794
vt 0.5905954 0.3315498
vt 0.5836224 0.2713265
vt 0.5910687 0.3744626
vt 0.5485853 0.3772479
vt 0.5483912 0.4311067
vt 0.5483912 0.4311067
vt 0.5806 0.4388271
vt 0.5910687 0.3744626
vt 0.6257073 0.2718455
vt 0.5836224 0.2713265
vt 0.5905954 0.3315498
vt 0.5905954 0.3315498
vt 0.6327528 0.3280051
vt 0.6257073 0.2718455
vt 0.6337142 0.3702597
vt 0.5910687 0.3744626
vt 0.5806 0.4388271
vt 0.5806 0.4388271
vt 0.6236594 0.4202257
vt 0.6337142 0.3702597
vt 0.2217964 0.3855236
vt 0.1882741 0.3884913
vt 0.1971383 0.4487312
vt 0.1971383 0.4487312
vt 0.2217949 0.4366096
vt 0.2217964 0.3855236
vt 0.2218066 0.1116612
vt 0.1713825 0.1229929
vt 0.1843038 0.2237564
vt 0.1843038 0.2237564
vt 0.2218021 0.2259737
vt 0.2218066 0.1116612
vt 0.6378561 0.1396505
vt 0.5911475 0.1358631
vt 0.5786211 0.204853
vt 0.5786211 0.204853
vt 0.6193741 0.2057967
vt 0.6378561 0.1396505
vt 0.2217993 0.2996803
vt 0.1835651 0.2978681
vt 0.1836119 0.3411293
vt 0.1836119 0.3411293
vt 0.2217979 0.3389566
vt 0.2217993 0.2996803
vt 0.5911475 0.1358631
vt 0.5494726 0.1309798
vt 0.5492111 0.2035596
vt 0.5492111 0.2035596
vt 0.5786211 0.204853
vt 0.5911475 0.1358631
vt 0.1713825 0.1229929
vt 0.1256554 0.1350718
vt 0.1427806 0.2207869
vt 0.1427806 0.2207869
vt 0.1843038 0.2237564
vt 0.1713825 0.1229929
vt 0.1404663 0.2991091
vt 0.06852086 0.3002492
vt 0.06355141 0.3602794
vt 0.06355141 0.3602794
vt 0.1407029 0.3537694
vt 0.1404663 0.2991091
vt 0.1256554 0.1350718
vt 0.05501203 0.1695589
vt 0.08830674 0.2314029
vt 0.08830674 0.2314029
vt 0.1427806 0.2207869
vt 0.1256554 0.1350718
vt 0.1427806 0.2207869
vt 0.08830674 0.2314029
vt 0.06852086 0.3002492
vt 0.06852086 0.3002492
vt 0.1404663 0.2991091
vt 0.1427806 0.2207869
vt 0.2218021 0.2259737
vt 0.1843038 0.2237564
vt 0.1835651 0.2978681
vt 0.1835651 0.2978681
vt 0.2217993 0.2996803
vt 0.2218021 0.2259737
vt 0.6193741 0.2057967
vt 0.5786211 0.204853
vt 0.5836224 0.2713265
vt 0.5836224 0.2713265
vt 0.6257073 0.2718455
vt 0.6193741 0.2057967
vt 0.5786211 0.204853
vt 0.5492111 0.2035596
vt 0.5489739 0.2694227
vt 0.5489739 0.2694227
vt 0.5836224 0.2713265
vt 0.5786211 0.204853
vt 0.1843038 0.2237564
vt 0.1427806 0.2207869
vt 0.1404663 0.2991091
vt 0.1404663 0.2991091
vt 0.1835651 0.2978681
vt 0.1843038 0.2237564
vt 0.7586088 0.05556788
vt 0.7586088 0.07386979
vt 0.7307503 0.07500916
vt 0.7307503 0.07500916
vt 0.7249545 0.05818878
vt 0.7586088 0.05556788
vt 0.7586088 0.07386979
vt 0.7586088 0.087858
vt 0.7342438 0.0910969
vt 0.7342438 0.0910969
vt 0.7307503 0.07500916
vt 0.7586088 0.07386979
vt 0.7586088 0.087858
vt 0.7586088 0.1064477
vt 0.7336681 0.1064477
vt 0.7336681 0.1064477
vt 0.7342438 0.0910969
vt 0.7586088 0.087858
vt 0.7586088 0.006687026
vt 0.7586088 0.02422666
vt 0.7303651 0.0247476
vt 0.7303651 0.0247476
vt 0.7368702 0.006687026
vt 0.7586088 0.006687026
vt 0.7586088 0.02422666
vt 0.7586088 0.03955062
vt 0.7259322 0.04035485
vt 0.7259322 0.04035485
vt 0.7303651 0.0247476
vt 0.7586088 0.02422666
vt 0.7586088 0.03955062
vt 0.7586088 0.05556788
vt 0.7249545 0.05818878
vt 0.7249545 0.05818878
vt 0.7259322 0.04035485
vt 0.7586088 0.03955062
vt 0.7249545 0.05818878
vt 0.7307503 0.07500916
vt 0.6884158 0.07324199
vt 0.6884158 0.07324199
vt 0.6884158 0.05746154
vt 0.7249545 0.05818878
vt 0.7307503 0.07500916
vt 0.7342438 0.0910969
vt 0.6884158 0.09090218
vt 0.6884158 0.09090218
vt 0.6884158 0.07324199
vt 0.7307503 0.07500916
vt 0.7368702 0.006687026
vt 0.7303651 0.0247476
vt 0.6884158 0.02102499
vt 0.6884158 0.02102499
vt 0.6884158 0.006687026
vt 0.7368702 0.006687026
vt 0.7303651 0.0247476
vt 0.7259322 0.04035485
vt 0.6884158 0.03877033
vt 0.6884158 0.03877033
vt 0.6884158 0.02102499
vt 0.7303651 0.0247476
vt 0.7259322 0.04035485
vt 0.7249545 0.05818878
vt 0.6884158 0.05746154
vt 0.6884158 0.05746154
vt 0.6884158 0.03877033
vt 0.7259322 0.04035485
vt 0.6569083 0.1883934
vt 0.6543949 0.1549799
vt 0.6455213 0.1538186
vt 0.6455213 0.1538186
vt 0.6432346 0.1897997
vt 0.6569083 0.1883934
vt 0.677234 0.187502
vt 0.6773981 0.1487623
vt 0.6543949 0.1549799
vt 0.6543949 0.1549799
vt 0.6569083 0.1883934
vt 0.677234 0.187502
vt 0.6501446 0.126535
vt 0.6537909 0.1312268
vt 0.6774808 0.1175502
vt 0.6774808 0.1175502
vt 0.6755815 0.1119811
vt 0.6501446 0.126535
vt 0.6755815 0.1119811
vt 0.6774808 0.1175502
vt 0.7040619 0.121343
vt 0.7040619 0.121343
vt 0.7036065 0.1142178
vt 0.6755815 0.1119811
vt 0.6444387 0.3080006
vt 0.6445845 0.2683576
vt 0.6736515 0.2624865
vt 0.6736515 0.2624865
vt 0.675747 0.3015443
vt 0.6444387 0.3080006
vt 0.675747 0.3015443
vt 0.6736515 0.2624865
vt 0.7035922 0.2622586
vt 0.7035922 0.2622586
vt 0.6996126 0.297796
vt 0.675747 0.3015443
vt 0.677234 0.187502
vt 0.7018641 0.1998083
vt 0.7041466 0.1805694
vt 0.7041466 0.1805694
vt 0.7046556 0.1478372
vt 0.6773981 0.1487623
vt 0.6773981 0.1487623
vt 0.677234 0.187502
vt 0.7041466 0.1805694
vt 0.675747 0.3015443
vt 0.6654046 0.320385
vt 0.6444387 0.3080006
vt 0.6861041 0.3303568
vt 0.6654046 0.320385
vt 0.675747 0.3015443
vt 0.7035922 0.2622586
vt 0.6736515 0.2624865
vt 0.6746716 0.2285549
vt 0.6746716 0.2285549
vt 0.7046128 0.234305
vt 0.7035922 0.2622586
vt 0.7046556 0.1478372
vt 0.7135633 0.1468106
vt 0.7111843 0.1211032
vt 0.7111843 0.1211032
vt 0.7040619 0.121343
vt 0.7046556 0.1478372
vt 0.6445845 0.2683576
vt 0.6469342 0.2437647
vt 0.6746716 0.2285549
vt 0.6746716 0.2285549
vt 0.6736515 0.2624865
vt 0.6445845 0.2683576
vt 0.6543949 0.1549799
vt 0.6537909 0.1312268
vt 0.6477839 0.1306013
vt 0.6477839 0.1306013
vt 0.6455213 0.1538186
vt 0.6543949 0.1549799
vt 0.6773981 0.1487623
vt 0.6774808 0.1175502
vt 0.6537909 0.1312268
vt 0.6537909 0.1312268
vt 0.6543949 0.1549799
vt 0.6773981 0.1487623
vt 0.7018641 0.1998083
vt 0.677234 0.187502
vt 0.6758187 0.2194165
vt 0.6758187 0.2194165
vt 0.6918964 0.222187
vt 0.7018641 0.1998083
vt 0.725499 0.2137388
vt 0.7018641 0.1998083
vt 0.6918964 0.222187
vt 0.6918964 0.222187
vt 0.711722 0.2293529
vt 0.725499 0.2137388
vt 0.7366139 0.2236012
vt 0.725499 0.2137388
vt 0.711722 0.2293529
vt 0.711722 0.2293529
vt 0.7210382 0.2406993
vt 0.7366139 0.2236012
vt 0.6861041 0.3303568
vt 0.6658832 0.3454638
vt 0.6654046 0.320385
vt 0.6444387 0.3080006
vt 0.6654046 0.320385
vt 0.6658832 0.3454638
vt 0.6658832 0.3454638
vt 0.6472251 0.3397718
vt 0.6444387 0.3080006
vt 0.6366065 0.2188801
vt 0.6584891 0.219456
vt 0.6569083 0.1883934
vt 0.6569083 0.1883934
vt 0.6432346 0.1897997
vt 0.6366065 0.2188801
vt 0.677234 0.187502
vt 0.6569083 0.1883934
vt 0.6584891 0.219456
vt 0.6584891 0.219456
vt 0.6758187 0.2194165
vt 0.677234 0.187502
vt 0.7598907 0.1635544
vt 0.7548011 0.1686022
vt 0.7606766 0.174225
vt 0.7606766 0.174225
vt 0.7653215 0.168124
vt 0.7598907 0.1635544
vt 0.7548011 0.1686022
vt 0.7241271 0.1882558
vt 0.7364373 0.1989122
vt 0.7364373 0.1989122
vt 0.7606766 0.174225
vt 0.7548011 0.1686022
vt 0.745874 0.2066604
vt 0.7649336 0.1806146
vt 0.7606766 0.174225
vt 0.7606766 0.174225
vt 0.7364373 0.1989122
vt 0.745874 0.2066604
vt 0.6996126 0.297796
vt 0.7351848 0.2998672
vt 0.7366332 0.3074884
vt 0.7366332 0.3074884
vt 0.7025077 0.3161889
vt 0.6996126 0.297796
vt 0.6773981 0.1487623
vt 0.7046556 0.1478372
vt 0.7040619 0.121343
vt 0.7040619 0.121343
vt 0.6774808 0.1175502
vt 0.6773981 0.1487623
vt 0.7018641 0.1998083
vt 0.725499 0.2137388
vt 0.7364373 0.1989122
vt 0.7364373 0.1989122
vt 0.7241271 0.1882558
vt 0.7018641 0.1998083
vt 0.7041466 0.1805694
vt 0.7018641 0.1998083
vt 0.7241271 0.1882558
vt 0.7241271 0.1882558
vt 0.7202082 0.1779289
vt 0.7041466 0.1805694
vt 0.725499 0.2137388
vt 0.7366139 0.2236012
vt 0.745874 0.2066604
vt 0.745874 0.2066604
vt 0.7364373 0.1989122
vt 0.725499 0.2137388
vt 0.7025077 0.3161889
vt 0.6861041 0.3303568
vt 0.675747 0.3015443
vt 0.7336681 0.1064477
vt 0.6884158 0.1064477
vt 0.6884158 0.09090218
vt 0.6884158 0.09090218
vt 0.7342438 0.0910969
vt 0.7336681 0.1064477
vt 0.2217979 0.3389566
vt 0.1836119 0.3411293
vt 0.1882741 0.3884913
vt 0.1882741 0.3884913
vt 0.2217964 0.3855236
vt 0.2217979 0.3389566
vt 0.1836119 0.3411293
vt 0.1407029 0.3537694
vt 0.1310846 0.393292
vt 0.1310846 0.393292
vt 0.1882741 0.3884913
vt 0.1836119 0.3411293
vt 0.1971383 0.4487312
vt 0.1409837 0.4652618
vt 0.1789529 0.5035083
vt 0.7241271 0.1882558
vt 0.7548011 0.1686022
vt 0.7490714 0.1648842
vt 0.7490714 0.1648842
vt 0.7202082 0.1779289
vt 0.7241271 0.1882558
vt 0.7202082 0.1779289
vt 0.7135633 0.1468106
vt 0.7046556 0.1478372
vt 0.7046556 0.1478372
vt 0.7041466 0.1805694
vt 0.7202082 0.1779289
vt 0.766227 0.052108
vt 0.7650191 0.05889127
vt 0.7562103 0.05889127
vt 0.7562103 0.05889127
vt 0.7557839 0.05008826
vt 0.766227 0.052108
vt 0.7649746 0.04498389
vt 0.766227 0.052108
vt 0.7557839 0.05008826
vt 0.7557839 0.05008826
vt 0.7568182 0.0435002
vt 0.7649746 0.04498389
vt 0.7414808 0.269633
vt 0.7386986 0.2540629
vt 0.7159933 0.254189
vt 0.7159933 0.254189
vt 0.7119144 0.2709181
vt 0.7414808 0.269633
vt 0.7389733 0.2888229
vt 0.7414808 0.269633
vt 0.7119144 0.2709181
vt 0.7119144 0.2709181
vt 0.7159138 0.2888229
vt 0.7389733 0.2888229
vt 0.6327528 0.3280051
vt 0.5905954 0.3315498
vt 0.5910687 0.3744626
vt 0.5910687 0.3744626
vt 0.6337142 0.3702597
vt 0.6327528 0.3280051
vt 0.5905954 0.3315498
vt 0.5487398 0.3343794
vt 0.5485853 0.3772479
vt 0.5485853 0.3772479
vt 0.5910687 0.3744626
vt 0.5905954 0.3315498
vt 0.1310846 0.393292
vt 0.1407029 0.3537694
vt 0.06355141 0.3602794
vt 0.06355141 0.3602794
vt 0.05721862 0.4040097
vt 0.1310846 0.393292
vt 0.5197471 0.597245
vt 0.5188053 0.5677696
vt 0.5510874 0.5656951
vt 0.613277 0.5003198
vt 0.5762832 0.4470252
vt 0.6334676 0.5008271
vt 0.7026795 0.4321631
vt 0.6822867 0.483457
vt 0.6586855 0.4322889
vt 0.5411534 0.5046195
vt 0.5762832 0.4470252
vt 0.5748232 0.5022824
vt 0.5744628 0.5546389
vt 0.5510874 0.5656951
vt 0.5411534 0.5046195
vt 0.5411534 0.5046195
vt 0.5748232 0.5022824
vt 0.5744628 0.5546389
vt 0.6656838 0.3861433
vt 0.6869967 0.3860815
vt 0.7026795 0.4321631
vt 0.7026795 0.4321631
vt 0.6586855 0.4322889
vt 0.6656838 0.3861433
vt 0.5411534 0.5046195
vt 0.5238692 0.5052367
vt 0.5762832 0.4470252
vt 0.6010203 0.5650746
vt 0.5744628 0.5546389
vt 0.5748232 0.5022824
vt 0.5748232 0.5022824
vt 0.613277 0.5003198
vt 0.6010203 0.5650746
vt 0.5748232 0.5022824
vt 0.5762832 0.4470252
vt 0.613277 0.5003198
vt 0.6846796 0.5711151
vt 0.6465285 0.6213332
vt 0.6746232 0.5637354
vt 0.6320252 0.6055503
vt 0.6010203 0.5650746
vt 0.6361421 0.5709568
vt 0.6812363 0.3611659
vt 0.6726955 0.3611906
vt 0.6726713 0.352712
vt 0.6726713 0.352712
vt 0.6813833 0.352684
vt 0.6812363 0.3611659
vt 0.6361421 0.5709568
vt 0.6010203 0.5650746
vt 0.613277 0.5003198
vt 0.613277 0.5003198
vt 0.6334676 0.5008271
vt 0.6361421 0.5709568
vt 0.5238692 0.5052367
vt 0.5411534 0.5046195
vt 0.5510874 0.5656951
vt 0.5510874 0.5656951
vt 0.5188053 0.5677696
vt 0.5238692 0.5052367
vt 0.6233805 0.6347584
vt 0.6087846 0.6184495
vt 0.6320252 0.6055503
vt 0.6320252 0.6055503
vt 0.6465285 0.6213332
vt 0.6233805 0.6347584
vt 0.6087846 0.6184495
vt 0.5872643 0.5914017
vt 0.6010203 0.5650746
vt 0.6010203 0.5650746
vt 0.6320252 0.6055503
vt 0.6087846 0.6184495
vt 0.5872643 0.5914017
vt 0.5748391 0.5866048
vt 0.5744628 0.5546389
vt 0.5744628 0.5546389
vt 0.6010203 0.5650746
vt 0.5872643 0.5914017
vt 0.5748391 0.5866048
vt 0.5586983 0.5899816
vt 0.5510874 0.5656951
vt 0.5510874 0.5656951
vt 0.5744628 0.5546389
vt 0.5748391 0.5866048
vt 0.5586983 0.5899816
vt 0.5408754 0.6066788
vt 0.5197471 0.597245
vt 0.5197471 0.597245
vt 0.5510874 0.5656951
vt 0.5586983 0.5899816
vt 0.5408754 0.6066788
vt 0.5270497 0.6204128
vt 0.5087587 0.6064427
vt 0.5087587 0.6064427
vt 0.5197471 0.597245
vt 0.5408754 0.6066788
vt 0.3584319 0.5063658
vt 0.3254518 0.5013952
vt 0.3214774 0.5071054
vt 0.3214774 0.5071054
vt 0.3588074 0.5140411
vt 0.3584319 0.5063658
vt 0.3254518 0.5013952
vt 0.3238846 0.4429864
vt 0.3197151 0.4380178
vt 0.3197151 0.4380178
vt 0.3214774 0.5071054
vt 0.3254518 0.5013952
vt 0.1109963 0.835497
vt 0.04887134 0.8331958
vt 0.04051882 0.8863455
vt 0.04051882 0.8863455
vt 0.1071809 0.889506
vt 0.1109963 0.835497
vt 0.141202 0.7910883
vt 0.16532 0.7829607
vt 0.1197432 0.7911897
vt 0.16532 0.7829607
vt 0.1650668 0.7565817
vt 0.1197432 0.7911897
vt 0.127436 0.7554363
vt 0.1197432 0.7911897
vt 0.1650668 0.7565817
vt 0.1163929 0.9092983
vt 0.0396865 0.9029683
vt 0.06421691 0.989962
vt 0.06421691 0.989962
vt 0.1173614 0.9932065
vt 0.1163929 0.9092983
vt 0.03147864 0.6380403
vt 0.0406909 0.5788114
vt 0.1100221 0.5740559
vt 0.1100221 0.5740559
vt 0.1528449 0.6767457
vt 0.03147864 0.6380403
vt 0.074476 0.5096998
vt 0.1100221 0.5740559
vt 0.0406909 0.5788114
vt 0.0406909 0.5788114
vt 0.01583707 0.5421436
vt 0.074476 0.5096998
vt 0.6277602 0.8329262
vt 0.6271535 0.8773633
vt 0.6596412 0.8635369
vt 0.6271535 0.8773633
vt 0.6277602 0.8329262
vt 0.5787165 0.8343561
vt 0.5787165 0.8343561
vt 0.5791885 0.8793609
vt 0.6271535 0.8773633
vt 0.6271535 0.8773633
vt 0.5791885 0.8793609
vt 0.579735 0.9314704
vt 0.579735 0.9314704
vt 0.6313965 0.9263865
vt 0.6271535 0.8773633
vt 0.5803798 0.9929522
vt 0.6099402 0.9911185
vt 0.579735 0.9314704
vt 0.7579129 0.9375662
vt 0.7848403 0.9393254
vt 0.7845551 0.8781101
vt 0.7845551 0.8781101
vt 0.756455 0.8787268
vt 0.7579129 0.9375662
vt 0.01583707 0.5421436
vt 0.005046126 0.5096998
vt 0.074476 0.5096998
vt 0.1173614 0.9932065
vt 0.167337 0.9932065
vt 0.1163929 0.9092983
vt 0.1163929 0.9092983
vt 0.167337 0.9932065
vt 0.1542075 0.8955857
vt 0.1663713 0.8925489
vt 0.1542075 0.8955857
vt 0.167337 0.9932065
vt 0.127436 0.7554363
vt 0.1294463 0.703956
vt 0.08635241 0.7250634
vt 0.1658977 0.8431834
vt 0.1560577 0.8457701
vt 0.1543239 0.8775896
vt 0.1543239 0.8775896
vt 0.1662179 0.8765575
vt 0.1658977 0.8431834
vt 0.1655505 0.8069955
vt 0.1610463 0.8078474
vt 0.1560577 0.8457701
vt 0.1560577 0.8457701
vt 0.1658977 0.8431834
vt 0.1655505 0.8069955
vt 0.16532 0.7829607
vt 0.141202 0.7910883
vt 0.1610463 0.8078474
vt 0.1610463 0.8078474
vt 0.1655505 0.8069955
vt 0.16532 0.7829607
vt 0.1610463 0.8078474
vt 0.141202 0.7910883
vt 0.1433166 0.8434452
vt 0.1433166 0.8434452
vt 0.1560577 0.8457701
vt 0.1610463 0.8078474
vt 0.1071809 0.889506
vt 0.04051882 0.8863455
vt 0.0396865 0.9029683
vt 0.0396865 0.9029683
vt 0.1163929 0.9092983
vt 0.1071809 0.889506
vt 0.1662179 0.8765575
vt 0.1543239 0.8775896
vt 0.1542075 0.8955857
vt 0.1542075 0.8955857
vt 0.1663713 0.8925489
vt 0.1662179 0.8765575
vt 0.5787165 0.8343561
vt 0.6277602 0.8329262
vt 0.6248066 0.7544937
vt 0.6248066 0.7544937
vt 0.5777668 0.7438201
vt 0.5787165 0.8343561
vt 0.2840533 0.5801458
vt 0.2123355 0.5884922
vt 0.2307858 0.6546284
vt 0.2307858 0.6546284
vt 0.2785841 0.6497359
vt 0.2840533 0.5801458
vt 0.3174973 0.5683792
vt 0.2840533 0.5801458
vt 0.2785841 0.6497359
vt 0.2785841 0.6497359
vt 0.3174973 0.6394148
vt 0.3174973 0.5683792
vt 0.04887134 0.8331958
vt 0.1109963 0.835497
vt 0.1197432 0.7911897
vt 0.1197432 0.7911897
vt 0.06839567 0.7867531
vt 0.04887134 0.8331958
vt 0.1109963 0.835497
vt 0.1433166 0.8434452
vt 0.141202 0.7910883
vt 0.141202 0.7910883
vt 0.1197432 0.7911897
vt 0.1109963 0.835497
vt 0.03147864 0.6380403
vt 0.1528449 0.6767457
vt 0.03510666 0.686342
vt 0.127436 0.7554363
vt 0.1650668 0.7565817
vt 0.1644425 0.6915034
vt 0.1644425 0.6915034
vt 0.1294463 0.703956
vt 0.127436 0.7554363
vt 0.7181656 0.9858167
vt 0.7272801 0.9369316
vt 0.6913497 0.9130945
vt 0.6913497 0.9130945
vt 0.6764503 0.9652225
vt 0.7181656 0.9858167
vt 0.7523488 0.8290306
vt 0.7218598 0.8454427
vt 0.7223455 0.8791112
vt 0.7223455 0.8791112
vt 0.756455 0.8787268
vt 0.7523488 0.8290306
vt 0.7272801 0.9369316
vt 0.7579129 0.9375662
vt 0.756455 0.8787268
vt 0.756455 0.8787268
vt 0.7223455 0.8791112
vt 0.7272801 0.9369316
vt 0.7843001 0.8233343
vt 0.7523488 0.8290306
vt 0.756455 0.8787268
vt 0.756455 0.8787268
vt 0.7845551 0.8781101
vt 0.7843001 0.8233343
vt 0.7181656 0.9858167
vt 0.7535442 0.9944987
vt 0.7579129 0.9375662
vt 0.7579129 0.9375662
vt 0.7272801 0.9369316
vt 0.7181656 0.9858167
vt 0.7535442 0.9944987
vt 0.7851107 0.9974519
vt 0.7848403 0.9393254
vt 0.7848403 0.9393254
vt 0.7579129 0.9375662
vt 0.7535442 0.9944987
vt 0.6972569 0.8719894
vt 0.6913497 0.9130945
vt 0.7272801 0.9369316
vt 0.7272801 0.9369316
vt 0.7223455 0.8791112
vt 0.6972569 0.8719894
vt 0.1197432 0.7911897
vt 0.127436 0.7554363
vt 0.06839567 0.7867531
vt 0.06839567 0.7867531
vt 0.127436 0.7554363
vt 0.08635241 0.7250634
vt 0.1560577 0.8457701
vt 0.1433166 0.8434452
vt 0.1543239 0.8775896
vt 0.1542075 0.8955857
vt 0.1543239 0.8775896
vt 0.1071809 0.889506
vt 0.1071809 0.889506
vt 0.1163929 0.9092983
vt 0.1542075 0.8955857
vt 0.1433166 0.8434452
vt 0.1109963 0.835497
vt 0.1071809 0.889506
vt 0.1071809 0.889506
vt 0.1543239 0.8775896
vt 0.1433166 0.8434452
vt 0.1789529 0.5035083
vt 0.1409837 0.4652618
vt 0.1307892 0.4946653
vt 0.579735 0.9314704
vt 0.6099402 0.9911185
vt 0.6313965 0.9263865
vt 0.6313965 0.9263865
vt 0.6099402 0.9911185
vt 0.6400287 0.9766548
vt 0.3566242 0.6620163
vt 0.3724923 0.8090203
vt 0.3324633 0.8097143
vt 0.3566242 0.6620163
vt 0.4382603 0.8053616
vt 0.3724923 0.8090203
vt 0.2461066 0.6845315
vt 0.2808156 0.7760297
vt 0.3324524 0.7490638
vt 0.3724923 0.8090203
vt 0.3631772 0.8885624
vt 0.3024119 0.8814748
vt 0.3024119 0.8814748
vt 0.3324633 0.8097143
vt 0.3724923 0.8090203
vt 0.4214994 0.8958569
vt 0.3724923 0.8090203
vt 0.4382603 0.8053616
vt 0.2905334 0.8253543
vt 0.3324524 0.7490638
vt 0.2808156 0.7760297
vt 0.1528449 0.6767457
vt 0.03689694 0.7395618
vt 0.03510666 0.686342
vt 0.4214994 0.8958569
vt 0.4007519 0.9837493
vt 0.3362412 0.976781
vt 0.3362412 0.976781
vt 0.3631772 0.8885624
vt 0.4214994 0.8958569
vt 0.6972569 0.8719894
vt 0.7223455 0.8791112
vt 0.7218598 0.8454427
vt 0.0396865 0.9029683
vt 0.009484826 0.9828624
vt 0.06421691 0.989962
vt 0.4214994 0.8958569
vt 0.3631772 0.8885624
vt 0.3724923 0.8090203
vt 0.3024119 0.8814748
vt 0.3631772 0.8885624
vt 0.3039574 0.8985364
vt 0.3631772 0.8885624
vt 0.3362412 0.976781
vt 0.3039574 0.8985364
vt 0.676011 0.9170799
vt 0.6596412 0.8635369
vt 0.6271535 0.8773633
vt 0.6271535 0.8773633
vt 0.6313965 0.9263865
vt 0.676011 0.9170799
vt 0.4214994 0.8958569
vt 0.4382603 0.8053616
vt 0.4773768 0.8059877
vt 0.4773768 0.8059877
vt 0.4741929 0.9004199
vt 0.4214994 0.8958569
vt 0.1528449 0.6767457
vt 0.1100221 0.5740559
vt 0.1948016 0.5966754
vt 0.1948016 0.5966754
vt 0.1906352 0.6696768
vt 0.1528449 0.6767457
vt 0.676011 0.9170799
vt 0.6313965 0.9263865
vt 0.6400287 0.9766548
vt 0.6400287 0.9766548
vt 0.6727875 0.9488767
vt 0.676011 0.9170799
vt 0.4214994 0.8958569
vt 0.4741929 0.9004199
vt 0.4773768 0.9525712
vt 0.4773768 0.9525712
vt 0.4007519 0.9837493
vt 0.4214994 0.8958569
vt 0.9619005 0.8632847
vt 0.9203016 0.8196316
vt 0.9826891 0.8497886
vt 0.9330523 0.8685783
vt 0.9203016 0.8196316
vt 0.9619005 0.8632847
vt 0.9449592 0.9875076
vt 0.9400382 0.9829887
vt 0.9463304 0.9533376
vt 0.9463304 0.9533376
vt 0.9612119 0.9568292
vt 0.9449592 0.9875076
vt 0.9515395 0.9936526
vt 0.9449592 0.9875076
vt 0.9612119 0.9568292
vt 0.9612119 0.9568292
vt 0.9779099 0.9625607
vt 0.9515395 0.9936526
vt 0.9400382 0.9829887
vt 0.9316793 0.9813749
vt 0.9288386 0.9542222
vt 0.9288386 0.9542222
vt 0.9463304 0.9533376
vt 0.9400382 0.9829887
vt 0.9121411 0.9090538
vt 0.9351563 0.9055721
vt 0.9463304 0.9533376
vt 0.9463304 0.9533376
vt 0.9288386 0.9542222
vt 0.9121411 0.9090538
vt 0.99247 0.9062284
vt 0.967119 0.9080134
vt 0.9619005 0.8632847
vt 0.9619005 0.8632847
vt 0.9826891 0.8497886
vt 0.99247 0.9062284
vt 0.967119 0.9080134
vt 0.9351563 0.9055721
vt 0.9330523 0.8685783
vt 0.9330523 0.8685783
vt 0.9619005 0.8632847
vt 0.967119 0.9080134
vt 0.9100123 0.8714242
vt 0.9203016 0.8196316
vt 0.9330523 0.8685783
vt 0.9612119 0.9568292
vt 0.9463304 0.9533376
vt 0.9351563 0.9055721
vt 0.9351563 0.9055721
vt 0.967119 0.9080134
vt 0.9612119 0.9568292
vt 0.9779099 0.9625607
vt 0.9612119 0.9568292
vt 0.967119 0.9080134
vt 0.967119 0.9080134
vt 0.99247 0.9062284
vt 0.9779099 0.9625607
vt 0.9100123 0.8714242
vt 0.9330523 0.8685783
vt 0.9351563 0.9055721
vt 0.9351563 0.9055721
vt 0.9121411 0.9090538
vt 0.9100123 0.8714242
vt 0.487158 0.5583066
vt 0.4934503 0.5504856
vt 0.5188053 0.5677696
vt 0.5188053 0.5677696
vt 0.5197471 0.597245
vt 0.487158 0.5583066
vt 0.5911475 0.1358631
vt 0.6378561 0.1396505
vt 0.6640533 0.02348229
vt 0.6640533 0.02348229
vt 0.6074953 0.01091574
vt 0.5911475 0.1358631
vt 0.1664062 0.01411506
vt 0.1713825 0.1229929
vt 0.2218107 0.01048052
vt 0.5494726 0.1309798
vt 0.5911475 0.1358631
vt 0.6074953 0.01091574
vt 0.6074953 0.01091574
vt 0.5499277 0.004680097
vt 0.5494726 0.1309798
vt 0.1664062 0.01411506
vt 0.111572 0.03485296
vt 0.1256554 0.1350718
vt 0.1256554 0.1350718
vt 0.1713825 0.1229929
vt 0.1664062 0.01411506
vt 0.3238846 0.4429864
vt 0.3575735 0.4343579
vt 0.3564051 0.4270008
vt 0.3564051 0.4270008
vt 0.3197151 0.4380178
vt 0.3238846 0.4429864
vt 0.3943408 0.4223697
vt 0.3564051 0.4270008
vt 0.3575735 0.4343579
vt 0.3575735 0.4343579
vt 0.3901309 0.4299204
vt 0.3943408 0.4223697
vt 0.2218066 0.1116612
vt 0.2218107 0.01048052
vt 0.1713825 0.1229929
vt 0.6869967 0.3860815
vt 0.6656838 0.3861433
vt 0.6726955 0.3611906
vt 0.6726955 0.3611906
vt 0.6812363 0.3611659
vt 0.6869967 0.3860815
vt 0.6361421 0.5709568
vt 0.668192 0.5534731
vt 0.6746232 0.5637354
vt 0.6746232 0.5637354
vt 0.6320252 0.6055503
vt 0.6361421 0.5709568
vt 0.5197471 0.597245
vt 0.5087587 0.6064427
vt 0.487158 0.5583066
vt 0.6746232 0.5637354
vt 0.6465285 0.6213332
vt 0.6320252 0.6055503
vt 0.7025077 0.3161889
vt 0.675747 0.3015443
vt 0.6861041 0.3303568
vt 0.7025077 0.3161889
vt 0.675747 0.3015443
vt 0.6996126 0.297796
vt 0.9222293 0.2695171
vt 0.9195356 0.3442982
vt 0.8954964 0.3456195
vt 0.8954964 0.3456195
vt 0.8899003 0.2836873
vt 0.9222293 0.2695171
vt 0.9498008 0.377199
vt 0.9369386 0.3473024
vt 0.9874656 0.3371632
vt 0.8579166 0.3374816
vt 0.8579166 0.2879346
vt 0.8899003 0.2836873
vt 0.8899003 0.2836873
vt 0.8954964 0.3456195
vt 0.8579166 0.3374816
vt 0.9498008 0.377199
vt 0.9151886 0.3846
vt 0.9195356 0.3442982
vt 0.9195356 0.3442982
vt 0.9369386 0.3473024
vt 0.9498008 0.377199
vt 0.9151886 0.3846
vt 0.8794438 0.3735158
vt 0.8954964 0.3456195
vt 0.8954964 0.3456195
vt 0.9195356 0.3442982
vt 0.9151886 0.3846
vt 0.9382591 0.05150968
vt 0.9593682 0.03818198
vt 0.9874656 0.1298374
vt 0.9874656 0.1298374
vt 0.9604962 0.1396043
vt 0.9382591 0.05150968
vt 0.7842897 0.04867935
vt 0.8097122 0.05839472
vt 0.8036727 0.1219253
vt 0.8036727 0.1219253
vt 0.7659945 0.1277024
vt 0.7842897 0.04867935
vt 0.8097122 0.05839472
vt 0.8324377 0.05634353
vt 0.8387307 0.1191427
vt 0.8387307 0.1191427
vt 0.8036727 0.1219253
vt 0.8097122 0.05839472
vt 0.8579166 0.06255411
vt 0.8826515 0.06696749
vt 0.8876562 0.1366383
vt 0.8876562 0.1366383
vt 0.8579166 0.1291362
vt 0.8579166 0.06255411
vt 0.8826515 0.06696749
vt 0.9102437 0.06852004
vt 0.9200004 0.1520367
vt 0.9200004 0.1520367
vt 0.8876562 0.1366383
vt 0.8826515 0.06696749
vt 0.9102437 0.06852004
vt 0.9382591 0.05150968
vt 0.9604962 0.1396043
vt 0.9604962 0.1396043
vt 0.9200004 0.1520367
vt 0.9102437 0.06852004
vt 0.9604962 0.1396043
vt 0.9874656 0.1298374
vt 0.9874656 0.181361
vt 0.9874656 0.181361
vt 0.9477131 0.175558
vt 0.9604962 0.1396043
vt 0.7659945 0.1277024
vt 0.8036727 0.1219253
vt 0.8050316 0.1696884
vt 0.8050316 0.1696884
vt 0.7782986 0.1723234
vt 0.7659945 0.1277024
vt 0.8036727 0.1219253
vt 0.8387307 0.1191427
vt 0.8336203 0.1589412
vt 0.8336203 0.1589412
vt 0.8050316 0.1696884
vt 0.8036727 0.1219253
vt 0.8579166 0.1291362
vt 0.8876562 0.1366383
vt 0.8869283 0.1653485
vt 0.8869283 0.1653485
vt 0.8579166 0.1691432
vt 0.8579166 0.1291362
vt 0.8876562 0.1366383
vt 0.9200004 0.1520367
vt 0.9194679 0.176958
vt 0.9194679 0.176958
vt 0.8869283 0.1653485
vt 0.8876562 0.1366383
vt 0.9200004 0.1520367
vt 0.9604962 0.1396043
vt 0.9477131 0.175558
vt 0.9477131 0.175558
vt 0.9194679 0.176958
vt 0.9200004 0.1520367
vt 0.8050316 0.1696884
vt 0.7744184 0.1945067
vt 0.7782986 0.1723234
vt 0.8050316 0.1696884
vt 0.8336203 0.1589412
vt 0.8435438 0.2813238
vt 0.8435438 0.2813238
vt 0.8009155 0.2849112
vt 0.8050316 0.1696884
vt 0.8579166 0.1691432
vt 0.8869283 0.1653485
vt 0.8899003 0.2836873
vt 0.8899003 0.2836873
vt 0.8579166 0.2879346
vt 0.8579166 0.1691432
vt 0.8869283 0.1653485
vt 0.9194679 0.176958
vt 0.9222293 0.2695171
vt 0.9222293 0.2695171
vt 0.8899003 0.2836873
vt 0.8869283 0.1653485
vt 0.9194679 0.176958
vt 0.9490453 0.1975084
vt 0.9542382 0.2830722
vt 0.9542382 0.2830722
vt 0.9222293 0.2695171
vt 0.9194679 0.176958
vt 0.8009155 0.2849112
vt 0.7581059 0.3372163
vt 0.7581059 0.2877659
vt 0.8435438 0.2813238
vt 0.848964 0.3397863
vt 0.8009155 0.2849112
vt 0.9477131 0.175558
vt 0.9874656 0.181361
vt 0.9874656 0.2033488
vt 0.9874656 0.2033488
vt 0.9490453 0.1975084
vt 0.9477131 0.175558
vt 0.9542382 0.2830722
vt 0.9369386 0.3473024
vt 0.9195356 0.3442982
vt 0.9195356 0.3442982
vt 0.9222293 0.2695171
vt 0.9542382 0.2830722
vt 0.8579166 0.3374816
vt 0.8954964 0.3456195
vt 0.8794438 0.3735158
vt 0.8009155 0.2849112
vt 0.848964 0.3397863
vt 0.7581059 0.3372163
vt 0.9874656 0.2957863
vt 0.9874656 0.3371632
vt 0.9369386 0.3473024
vt 0.9369386 0.3473024
vt 0.9542382 0.2830722
vt 0.9874656 0.2957863
vt 0.9017181 0.03050019
vt 0.923835 0.02517514
vt 0.9319211 0.03716002
vt 0.9319211 0.03716002
vt 0.9054154 0.0403402
vt 0.9017181 0.03050019
vt 0.8805402 0.03451397
vt 0.9017181 0.03050019
vt 0.9054154 0.0403402
vt 0.9054154 0.0403402
vt 0.8799457 0.04201011
vt 0.8805402 0.03451397
vt 0.8579166 0.03399818
vt 0.8805402 0.03451397
vt 0.8799457 0.04201011
vt 0.8799457 0.04201011
vt 0.8579166 0.03794616
vt 0.8579166 0.03399818
vt 0.8141116 0.02560715
vt 0.8319076 0.02820206
vt 0.8337325 0.0318138
vt 0.8337325 0.0318138
vt 0.8116044 0.03485629
vt 0.8141116 0.02560715
vt 0.7953967 0.02318571
vt 0.8141116 0.02560715
vt 0.8116044 0.03485629
vt 0.8116044 0.03485629
vt 0.7864115 0.03301965
vt 0.7953967 0.02318571
vt 0.923835 0.02517514
vt 0.938308 0.01112522
vt 0.9533812 0.01771477
vt 0.9533812 0.01771477
vt 0.9319211 0.03716002
vt 0.923835 0.02517514
vt 0.9054154 0.0403402
vt 0.9319211 0.03716002
vt 0.9382591 0.05150968
vt 0.9382591 0.05150968
vt 0.9102437 0.06852004
vt 0.9054154 0.0403402
vt 0.8799457 0.04201011
vt 0.9054154 0.0403402
vt 0.9102437 0.06852004
vt 0.9102437 0.06852004
vt 0.8826515 0.06696749
vt 0.8799457 0.04201011
vt 0.8579166 0.03794616
vt 0.8799457 0.04201011
vt 0.8826515 0.06696749
vt 0.8826515 0.06696749
vt 0.8579166 0.06255411
vt 0.8579166 0.03794616
vt 0.8116044 0.03485629
vt 0.8337325 0.0318138
vt 0.8324377 0.05634353
vt 0.8324377 0.05634353
vt 0.8097122 0.05839472
vt 0.8116044 0.03485629
vt 0.7864115 0.03301965
vt 0.8116044 0.03485629
vt 0.8097122 0.05839472
vt 0.8097122 0.05839472
vt 0.7842897 0.04867935
vt 0.7864115 0.03301965
vt 0.9319211 0.03716002
vt 0.9533812 0.01771477
vt 0.9593682 0.03818198
vt 0.9593682 0.03818198
vt 0.9382591 0.05150968
vt 0.9319211 0.03716002
vt 0.8050316 0.1696884
vt 0.8009155 0.2849112
vt 0.7581059 0.2877659
vt 0.7581059 0.2877659
vt 0.7744184 0.1945067
vt 0.8050316 0.1696884
vt 0.9874656 0.2033488
vt 0.9874656 0.2957863
vt 0.9542382 0.2830722
vt 0.9542382 0.2830722
vt 0.9490453 0.1975084
vt 0.9874656 0.2033488
vt 0.9194679 0.176958
vt 0.9477131 0.175558
vt 0.9490453 0.1975084
vt 0.9222293 0.2695171
vt 0.8899003 0.2836873
vt 0.8954964 0.3456195
vt 0.8954964 0.3456195
vt 0.9195356 0.3442982
vt 0.9222293 0.2695171
vt 0.9369386 0.3473024
vt 0.9498008 0.377199
vt 0.9874656 0.3371632
vt 0.8579166 0.3374816
vt 0.8954964 0.3456195
vt 0.8899003 0.2836873
vt 0.8899003 0.2836873
vt 0.8579166 0.2879346
vt 0.8579166 0.3374816
vt 0.9498008 0.377199
vt 0.9369386 0.3473024
vt 0.9195356 0.3442982
vt 0.9195356 0.3442982
vt 0.9151886 0.3846
vt 0.9498008 0.377199
vt 0.9151886 0.3846
vt 0.9195356 0.3442982
vt 0.8954964 0.3456195
vt 0.8954964 0.3456195
vt 0.8794438 0.3735158
vt 0.9151886 0.3846
vt 0.9382591 0.05150968
vt 0.9604962 0.1396043
vt 0.9874656 0.1298374
vt 0.9874656 0.1298374
vt 0.9593682 0.03818198
vt 0.9382591 0.05150968
vt 0.7842897 0.04867935
vt 0.7659945 0.1277024
vt 0.8036727 0.1219253
vt 0.8036727 0.1219253
vt 0.8097122 0.05839472
vt 0.7842897 0.04867935
vt 0.8097122 0.05839472
vt 0.8036727 0.1219253
vt 0.8387307 0.1191427
vt 0.8387307 0.1191427
vt 0.8324377 0.05634353
vt 0.8097122 0.05839472
vt 0.8579166 0.06255411
vt 0.8579166 0.1291362
vt 0.8876562 0.1366383
vt 0.8876562 0.1366383
vt 0.8826515 0.06696749
vt 0.8579166 0.06255411
vt 0.8826515 0.06696749
vt 0.8876562 0.1366383
vt 0.9200004 0.1520367
vt 0.9200004 0.1520367
vt 0.9102437 0.06852004
vt 0.8826515 0.06696749
vt 0.9102437 0.06852004
vt 0.9200004 0.1520367
vt 0.9604962 0.1396043
vt 0.9604962 0.1396043
vt 0.9382591 0.05150968
vt 0.9102437 0.06852004
vt 0.9604962 0.1396043
vt 0.9477131 0.175558
vt 0.9874656 0.181361
vt 0.9874656 0.181361
vt 0.9874656 0.1298374
vt 0.9604962 0.1396043
vt 0.7659945 0.1277024
vt 0.7782986 0.1723234
vt 0.8050316 0.1696884
vt 0.8050316 0.1696884
vt 0.8036727 0.1219253
vt 0.7659945 0.1277024
vt 0.8036727 0.1219253
vt 0.8050316 0.1696884
vt 0.8336203 0.1589412
vt 0.8336203 0.1589412
vt 0.8387307 0.1191427
vt 0.8036727 0.1219253
vt 0.8579166 0.1291362
vt 0.8579166 0.1691432
vt 0.8869283 0.1653485
vt 0.8869283 0.1653485
vt 0.8876562 0.1366383
vt 0.8579166 0.1291362
vt 0.8876562 0.1366383
vt 0.8869283 0.1653485
vt 0.9194679 0.176958
vt 0.9194679 0.176958
vt 0.9200004 0.1520367
vt 0.8876562 0.1366383
vt 0.9200004 0.1520367
vt 0.9194679 0.176958
vt 0.9477131 0.175558
vt 0.9477131 0.175558
vt 0.9604962 0.1396043
vt 0.9200004 0.1520367
vt 0.7744184 0.1945067
vt 0.8050316 0.1696884
vt 0.7782986 0.1723234
vt 0.8050316 0.1696884
vt 0.8009155 0.2849112
vt 0.8435438 0.2813238
vt 0.8435438 0.2813238
vt 0.8336203 0.1589412
vt 0.8050316 0.1696884
vt 0.8579166 0.1691432
vt 0.8579166 0.2879346
vt 0.8899003 0.2836873
vt 0.8899003 0.2836873
vt 0.8869283 0.1653485
vt 0.8579166 0.1691432
vt 0.8869283 0.1653485
vt 0.8899003 0.2836873
vt 0.9222293 0.2695171
vt 0.9222293 0.2695171
vt 0.9194679 0.176958
vt 0.8869283 0.1653485
vt 0.9194679 0.176958
vt 0.9222293 0.2695171
vt 0.9542382 0.2830722
vt 0.9542382 0.2830722
vt 0.9490453 0.1975084
vt 0.9194679 0.176958
vt 0.7581059 0.3372163
vt 0.8009155 0.2849112
vt 0.7581059 0.2877659
vt 0.848964 0.3397863
vt 0.8435438 0.2813238
vt 0.8009155 0.2849112
vt 0.9477131 0.175558
vt 0.9490453 0.1975084
vt 0.9874656 0.2033488
vt 0.9874656 0.2033488
vt 0.9874656 0.181361
vt 0.9477131 0.175558
vt 0.9542382 0.2830722
vt 0.9222293 0.2695171
vt 0.9195356 0.3442982
vt 0.9195356 0.3442982
vt 0.9369386 0.3473024
vt 0.9542382 0.2830722
vt 0.8954964 0.3456195
vt 0.8579166 0.3374816
vt 0.8794438 0.3735158
vt 0.848964 0.3397863
vt 0.8009155 0.2849112
vt 0.7581059 0.3372163
vt 0.9874656 0.2957863
vt 0.9542382 0.2830722
vt 0.9369386 0.3473024
vt 0.9369386 0.3473024
vt 0.9874656 0.3371632
vt 0.9874656 0.2957863
vt 0.9017181 0.03050019
vt 0.9054154 0.0403402
vt 0.9319211 0.03716002
vt 0.9319211 0.03716002
vt 0.923835 0.02517514
vt 0.9017181 0.03050019
vt 0.8805402 0.03451397
vt 0.8799457 0.04201011
vt 0.9054154 0.0403402
vt 0.9054154 0.0403402
vt 0.9017181 0.03050019
vt 0.8805402 0.03451397
vt 0.8579166 0.03399818
vt 0.8579166 0.03794616
vt 0.8799457 0.04201011
vt 0.8799457 0.04201011
vt 0.8805402 0.03451397
vt 0.8579166 0.03399818
vt 0.8141116 0.02560715
vt 0.8116044 0.03485629
vt 0.8337325 0.0318138
vt 0.8337325 0.0318138
vt 0.8319076 0.02820206
vt 0.8141116 0.02560715
vt 0.7953967 0.02318571
vt 0.7864115 0.03301965
vt 0.8116044 0.03485629
vt 0.8116044 0.03485629
vt 0.8141116 0.02560715
vt 0.7953967 0.02318571
vt 0.923835 0.02517514
vt 0.9319211 0.03716002
vt 0.9533812 0.01771477
vt 0.9533812 0.01771477
vt 0.938308 0.01112522
vt 0.923835 0.02517514
vt 0.9054154 0.0403402
vt 0.9102437 0.06852004
vt 0.9382591 0.05150968
vt 0.9382591 0.05150968
vt 0.9319211 0.03716002
vt 0.9054154 0.0403402
vt 0.8799457 0.04201011
vt 0.8826515 0.06696749
vt 0.9102437 0.06852004
vt 0.9102437 0.06852004
vt 0.9054154 0.0403402
vt 0.8799457 0.04201011
vt 0.8579166 0.03794616
vt 0.8579166 0.06255411
vt 0.8826515 0.06696749
vt 0.8826515 0.06696749
vt 0.8799457 0.04201011
vt 0.8579166 0.03794616
vt 0.8116044 0.03485629
vt 0.8097122 0.05839472
vt 0.8324377 0.05634353
vt 0.8324377 0.05634353
vt 0.8337325 0.0318138
vt 0.8116044 0.03485629
vt 0.7864115 0.03301965
vt 0.7842897 0.04867935
vt 0.8097122 0.05839472
vt 0.8097122 0.05839472
vt 0.8116044 0.03485629
vt 0.7864115 0.03301965
vt 0.9319211 0.03716002
vt 0.9382591 0.05150968
vt 0.9593682 0.03818198
vt 0.9593682 0.03818198
vt 0.9533812 0.01771477
vt 0.9319211 0.03716002
vt 0.8050316 0.1696884
vt 0.7744184 0.1945067
vt 0.7581059 0.2877659
vt 0.7581059 0.2877659
vt 0.8009155 0.2849112
vt 0.8050316 0.1696884
vt 0.9874656 0.2033488
vt 0.9490453 0.1975084
vt 0.9542382 0.2830722
vt 0.9542382 0.2830722
vt 0.9874656 0.2957863
vt 0.9874656 0.2033488
vt 0.9477131 0.175558
vt 0.9194679 0.176958
vt 0.9490453 0.1975084
vn -0.5948389 -0.1167068 -0.7953279
vn 0.6300774 -0.1924745 -0.7523006
vn 0.3217001 -0.9425958 -0.08957115
vn 0.3217001 -0.9425958 -0.08957115
vn -0.2652407 -0.8313243 -0.4884137
vn -0.5948389 -0.1167068 -0.7953279
vn 0.9775907 -0.1972526 0.07354397
vn 0.5909789 -0.1599442 0.7906718
vn 0.1952838 -0.817203 0.5422581
vn 0.1952838 -0.817203 0.5422581
vn 0.5613521 -0.7949657 0.2300306
vn 0.9775907 -0.1972526 0.07354397
vn 0.5909789 -0.1599442 0.7906718
vn -0.6498738 -0.1569028 0.7436703
vn -0.2101432 -0.8294032 0.5176204
vn -0.2101432 -0.8294032 0.5176204
vn 0.1952838 -0.817203 0.5422581
vn 0.5909789 -0.1599442 0.7906718
vn -0.9881174 -0.137498 -0.06869811
vn -0.5948389 -0.1167068 -0.7953279
vn -0.2652407 -0.8313243 -0.4884137
vn -0.2652407 -0.8313243 -0.4884137
vn -0.636148 -0.7576138 0.1460748
vn -0.9881174 -0.137498 -0.06869811
vn 0.994127 0.1069427 -0.01661038
vn 0.9872286 0.1221837 -0.1022348
vn 0.5249954 -0.009242237 0.8510552
vn 0.5249954 -0.009242237 0.8510552
vn 0.4584815 0.06494451 0.886328
vn 0.994127 0.1069427 -0.01661038
vn -0.5529042 -0.07409698 -0.8299441
vn -0.5166365 -0.0251115 -0.8558369
vn 0.4256012 0.008153856 -0.9048743
vn 0.4256012 0.008153856 -0.9048743
vn 0.4464014 0.0502148 -0.8934231
vn -0.5529042 -0.07409698 -0.8299441
vn 0.4584815 0.06494451 0.886328
vn 0.5249954 -0.009242237 0.8510552
vn -0.5072602 0.08577284 0.857514
vn -0.5072602 0.08577284 0.857514
vn -0.5364925 -0.1372922 0.8326627
vn 0.4584815 0.06494451 0.886328
vn -0.9811499 -0.1917136 0.02433681
vn -0.9900314 0.1408072 0.003478527
vn -0.5166365 -0.0251115 -0.8558369
vn -0.5166365 -0.0251115 -0.8558369
vn -0.5529042 -0.07409698 -0.8299441
vn -0.9811499 -0.1917136 0.02433681
vn -0.5364925 -0.1372922 0.8326627
vn -0.5072602 0.08577284 0.857514
vn -0.9900314 0.1408072 0.003478527
vn -0.9900314 0.1408072 0.003478527
vn -0.9811499 -0.1917136 0.02433681
vn -0.5364925 -0.1372922 0.8326627
vn 0.4464014 0.0502148 -0.8934231
vn 0.4256012 0.008153856 -0.9048743
vn 0.9872286 0.1221837 -0.1022348
vn 0.9872286 0.1221837 -0.1022348
vn 0.994127 0.1069427 -0.01661038
vn 0.4464014 0.0502148 -0.8934231
vn -0.6498738 -0.1569028 0.7436703
vn -0.9881174 -0.137498 -0.06869811
vn -0.636148 -0.7576138 0.1460748
vn -0.636148 -0.7576138 0.1460748
vn -0.2101432 -0.8294032 0.5176204
vn -0.6498738 -0.1569028 0.7436703
vn 0.6300774 -0.1924745 -0.7523006
vn 0.9775907 -0.1972526 0.07354397
vn 0.5613521 -0.7949657 0.2300306
vn 0.5613521 -0.7949657 0.2300306
vn 0.3217001 -0.9425958 -0.08957115
vn 0.6300774 -0.1924745 -0.7523006
vn 0.513631 0.008881658 -0.8579653
vn 0.4464014 0.0502148 -0.8934231
vn 0.994127 0.1069427 -0.01661038
vn 0.994127 0.1069427 -0.01661038
vn 0.994591 0.1000384 -0.02796328
vn 0.513631 0.008881658 -0.8579653
vn -0.5431938 -0.1884274 0.8181908
vn -0.5364925 -0.1372922 0.8326627
vn -0.9811499 -0.1917136 0.02433681
vn -0.9811499 -0.1917136 0.02433681
vn -0.9546129 -0.2952765 -0.03907531
vn -0.5431938 -0.1884274 0.8181908
vn -0.9546129 -0.2952765 -0.03907531
vn -0.9811499 -0.1917136 0.02433681
vn -0.5529042 -0.07409698 -0.8299441
vn -0.5529042 -0.07409698 -0.8299441
vn -0.523402 -0.1639964 -0.8361555
vn -0.9546129 -0.2952765 -0.03907531
vn 0.4600929 0.001715332 0.8878694
vn 0.4584815 0.06494451 0.886328
vn -0.5364925 -0.1372922 0.8326627
vn -0.5364925 -0.1372922 0.8326627
vn -0.5431938 -0.1884274 0.8181908
vn 0.4600929 0.001715332 0.8878694
vn -0.523402 -0.1639964 -0.8361555
vn -0.5529042 -0.07409698 -0.8299441
vn 0.4464014 0.0502148 -0.8934231
vn 0.4464014 0.0502148 -0.8934231
vn 0.513631 0.008881658 -0.8579653
vn -0.523402 -0.1639964 -0.8361555
vn 0.994591 0.1000384 -0.02796328
vn 0.994127 0.1069427 -0.01661038
vn 0.4584815 0.06494451 0.886328
vn 0.4584815 0.06494451 0.886328
vn 0.4600929 0.001715332 0.8878694
vn 0.994591 0.1000384 -0.02796328
vn 0.513631 0.008881658 -0.8579653
vn 0.994591 0.1000384 -0.02796328
vn 0.9775907 -0.1972526 0.07354397
vn 0.9775907 -0.1972526 0.07354397
vn 0.6300774 -0.1924745 -0.7523006
vn 0.513631 0.008881658 -0.8579653
vn -0.6790755 -0.1104556 0.725711
vn -0.987446 -0.1051633 -0.1178642
vn -0.9881174 -0.137498 -0.06869811
vn -0.9881174 -0.137498 -0.06869811
vn -0.6498738 -0.1569028 0.7436703
vn -0.6790755 -0.1104556 0.725711
vn -0.987446 -0.1051633 -0.1178642
vn -0.4757404 -0.1603375 -0.8648487
vn -0.5948389 -0.1167068 -0.7953279
vn -0.5948389 -0.1167068 -0.7953279
vn -0.9881174 -0.137498 -0.06869811
vn -0.987446 -0.1051633 -0.1178642
vn 0.4600929 0.001715332 0.8878694
vn -0.6790755 -0.1104556 0.725711
vn -0.6498738 -0.1569028 0.7436703
vn -0.6498738 -0.1569028 0.7436703
vn 0.5909789 -0.1599442 0.7906718
vn 0.4600929 0.001715332 0.8878694
vn 0.994591 0.1000384 -0.02796328
vn 0.4600929 0.001715332 0.8878694
vn 0.5909789 -0.1599442 0.7906718
vn 0.5909789 -0.1599442 0.7906718
vn 0.9775907 -0.1972526 0.07354397
vn 0.994591 0.1000384 -0.02796328
vn -0.4757404 -0.1603375 -0.8648487
vn 0.513631 0.008881658 -0.8579653
vn 0.6300774 -0.1924745 -0.7523006
vn 0.6300774 -0.1924745 -0.7523006
vn -0.5948389 -0.1167068 -0.7953279
vn -0.4757404 -0.1603375 -0.8648487
vn 0.513631 0.008881658 -0.8579653
vn -0.4757404 -0.1603375 -0.8648487
vn -0.5542932 -0.2547221 -0.7923865
vn -0.6794927 -0.7330419 -0.03065836
vn -0.2652407 -0.8313243 -0.4884137
vn 0.3217001 -0.9425958 -0.08957115
vn 0.3217001 -0.9425958 -0.08957115
vn 0.1281116 -0.991743 0.005780309
vn -0.6794927 -0.7330419 -0.03065836
vn -0.6877733 -0.1305484 0.7140907
vn -0.6790755 -0.1104556 0.725711
vn 0.4600929 0.001715332 0.8878694
vn -0.971607 -0.2158892 -0.09681344
vn -0.5542932 -0.2547221 -0.7923865
vn -0.4757404 -0.1603375 -0.8648487
vn -0.4757404 -0.1603375 -0.8648487
vn -0.987446 -0.1051633 -0.1178642
vn -0.971607 -0.2158892 -0.09681344
vn -0.6877733 -0.1305484 0.7140907
vn -0.971607 -0.2158892 -0.09681344
vn -0.987446 -0.1051633 -0.1178642
vn -0.987446 -0.1051633 -0.1178642
vn -0.6790755 -0.1104556 0.725711
vn -0.6877733 -0.1305484 0.7140907
vn -0.523402 -0.1639964 -0.8361555
vn 0.513631 0.008881658 -0.8579653
vn -0.5542932 -0.2547221 -0.7923865
vn -0.5431938 -0.1884274 0.8181908
vn -0.6877733 -0.1305484 0.7140907
vn 0.4600929 0.001715332 0.8878694
vn -0.971607 -0.2158892 -0.09681344
vn -0.9546129 -0.2952765 -0.03907531
vn -0.523402 -0.1639964 -0.8361555
vn -0.523402 -0.1639964 -0.8361555
vn -0.5542932 -0.2547221 -0.7923865
vn -0.971607 -0.2158892 -0.09681344
vn -0.6877733 -0.1305484 0.7140907
vn -0.5431938 -0.1884274 0.8181908
vn -0.9546129 -0.2952765 -0.03907531
vn -0.9546129 -0.2952765 -0.03907531
vn -0.971607 -0.2158892 -0.09681344
vn -0.6877733 -0.1305484 0.7140907
vn -0.9187551 -0.106312 0.3802461
vn -0.8728169 0.2810066 0.3990318
vn -0.3878911 0.1004676 0.9162134
vn -0.3878911 0.1004676 0.9162134
vn -0.4413544 -0.125833 0.8884665
vn -0.9187551 -0.106312 0.3802461
vn 0.470809 0.3606063 0.8051722
vn 0.5598353 0.2608462 0.7864757
vn -0.7411846 0.2185491 0.6347298
vn -0.7411846 0.2185491 0.6347298
vn -0.6231368 0.2366055 0.7454652
vn 0.470809 0.3606063 0.8051722
vn -0.7399621 -0.6569785 0.1443472
vn -0.636148 -0.7576138 0.1460748
vn -0.2652407 -0.8313243 -0.4884137
vn -0.2652407 -0.8313243 -0.4884137
vn -0.6794927 -0.7330419 -0.03065836
vn -0.7399621 -0.6569785 0.1443472
vn -0.7026014 0.6829827 0.1997155
vn -0.7297224 0.5706433 0.3766589
vn -0.6805512 0.7115068 0.1663483
vn -0.6805512 0.7115068 0.1663483
vn -0.8830596 0.1025121 0.4552298
vn -0.7026014 0.6829827 0.1997155
vn -0.6805512 0.7115068 0.1663483
vn -0.7297224 0.5706433 0.3766589
vn -0.03119319 0.9658794 0.2256079
vn 0.9035599 -0.3855693 0.1868587
vn 0.9405872 -0.2528728 0.2266092
vn 0.976633 -0.2103497 0.04406518
vn 0.976633 -0.2103497 0.04406518
vn 0.9316941 -0.3608038 0.04203755
vn 0.9035599 -0.3855693 0.1868587
vn 0.9903078 -0.01873702 0.1376225
vn 0.7284211 0.4884838 0.4804027
vn 0.9818209 0.1845701 0.04429924
vn 0.9818209 0.1845701 0.04429924
vn 0.9985889 -0.02812314 0.04505587
vn 0.9903078 -0.01873702 0.1376225
vn 0.5029881 -0.3351684 0.7966589
vn 0.4870933 -0.2486708 0.8371997
vn 0.9405872 -0.2528728 0.2266092
vn 0.9405872 -0.2528728 0.2266092
vn 0.9035599 -0.3855693 0.1868587
vn 0.5029881 -0.3351684 0.7966589
vn 0.8865739 -0.1389861 0.4265054
vn 0.7936905 0.5335261 0.260653
vn 0.7284211 0.4884838 0.4804027
vn 0.7284211 0.4884838 0.4804027
vn 0.9903078 -0.01873702 0.1376225
vn 0.8865739 -0.1389861 0.4265054
vn -0.7162396 0.6971059 -0.03231639
vn -0.8426411 0.5371326 -0.03801954
vn -0.7297224 0.5706433 0.3766589
vn -0.7297224 0.5706433 0.3766589
vn -0.7026014 0.6829827 0.1997155
vn -0.7162396 0.6971059 -0.03231639
vn -0.998546 -0.02961022 -0.0450539
vn -0.9940668 -0.09909499 -0.04485178
vn -0.9308649 -0.07230592 0.3581381
vn -0.9308649 -0.07230592 0.3581381
vn -0.9884406 0.05009705 0.1430939
vn -0.998546 -0.02961022 -0.0450539
vn 0.470809 0.3606063 0.8051722
vn 0.4710101 0.05082363 0.8806627
vn 0.9789298 0.009183943 0.2039912
vn 0.9789298 0.009183943 0.2039912
vn 0.9099658 0.3168964 0.2674692
vn 0.470809 0.3606063 0.8051722
vn -0.996702 -0.0675528 -0.04497063
vn -0.9484733 0.3139551 -0.04279464
vn -0.8728169 0.2810066 0.3990318
vn -0.8728169 0.2810066 0.3990318
vn -0.9187551 -0.106312 0.3802461
vn -0.996702 -0.0675528 -0.04497063
vn 0.9099658 0.3168964 0.2674692
vn 0.9789298 0.009183943 0.2039912
vn 0.9983689 0.03508365 0.04504585
vn 0.9983689 0.03508365 0.04504585
vn 0.9522771 0.3021971 0.04296625
vn 0.9099658 0.3168964 0.2674692
vn -0.9884406 0.05009705 0.1430939
vn -0.9308649 -0.07230592 0.3581381
vn -0.5487881 0.04399681 0.834803
vn -0.5487881 0.04399681 0.834803
vn -0.6231368 0.2366055 0.7454652
vn -0.9884406 0.05009705 0.1430939
vn -0.4413544 -0.125833 0.8884665
vn -0.3878911 0.1004676 0.9162134
vn 0.4870933 -0.2486708 0.8371997
vn 0.4870933 -0.2486708 0.8371997
vn 0.5029881 -0.3351684 0.7966589
vn -0.4413544 -0.125833 0.8884665
vn -0.6231368 0.2366055 0.7454652
vn -0.5487881 0.04399681 0.834803
vn 0.4710101 0.05082363 0.8806627
vn 0.4710101 0.05082363 0.8806627
vn 0.470809 0.3606063 0.8051722
vn -0.6231368 0.2366055 0.7454652
vn -0.5487881 0.04399681 0.834803
vn -0.4413544 -0.125833 0.8884665
vn 0.5029881 -0.3351684 0.7966589
vn 0.5029881 -0.3351684 0.7966589
vn 0.4710101 0.05082363 0.8806627
vn -0.5487881 0.04399681 0.834803
vn -0.9940668 -0.09909499 -0.04485178
vn -0.996702 -0.0675528 -0.04497063
vn -0.9187551 -0.106312 0.3802461
vn -0.9187551 -0.106312 0.3802461
vn -0.9308649 -0.07230592 0.3581381
vn -0.9940668 -0.09909499 -0.04485178
vn 0.4710101 0.05082363 0.8806627
vn 0.5029881 -0.3351684 0.7966589
vn 0.9035599 -0.3855693 0.1868587
vn 0.9035599 -0.3855693 0.1868587
vn 0.9789298 0.009183943 0.2039912
vn 0.4710101 0.05082363 0.8806627
vn 0.9789298 0.009183943 0.2039912
vn 0.9035599 -0.3855693 0.1868587
vn 0.9316941 -0.3608038 0.04203755
vn 0.9316941 -0.3608038 0.04203755
vn 0.9983689 0.03508365 0.04504585
vn 0.9789298 0.009183943 0.2039912
vn -0.9308649 -0.07230592 0.3581381
vn -0.9187551 -0.106312 0.3802461
vn -0.4413544 -0.125833 0.8884665
vn -0.4413544 -0.125833 0.8884665
vn -0.5487881 0.04399681 0.834803
vn -0.9308649 -0.07230592 0.3581381
vn 0.9005835 -0.1897138 0.3910999
vn 0.5871612 -0.2723299 0.7622852
vn 0.7827049 -0.4556465 -0.4239812
vn 0.7827049 -0.4556465 -0.4239812
vn 0.8635507 -0.05479431 0.5012771
vn 0.9005835 -0.1897138 0.3910999
vn 0.4459974 -0.2285427 -0.8653642
vn 0.7827049 -0.4556465 -0.4239812
vn 0.2084467 -0.2459876 -0.9465944
vn 0.2084467 -0.2459876 -0.9465944
vn 0.3643886 -0.1774827 -0.9141781
vn 0.4459974 -0.2285427 -0.8653642
vn 0.3643886 -0.1774827 -0.9141781
vn 0.2084467 -0.2459876 -0.9465944
vn -0.6001607 0.1645781 -0.7827656
vn -0.6001607 0.1645781 -0.7827656
vn 0.3206797 -0.07364577 -0.9443206
vn 0.3643886 -0.1774827 -0.9141781
vn -0.8628414 0.3991664 -0.3101156
vn -0.6001607 0.1645781 -0.7827656
vn -0.821781 0.4399189 0.3621436
vn -0.821781 0.4399189 0.3621436
vn -0.8195225 0.4732845 0.3230876
vn -0.8628414 0.3991664 -0.3101156
vn -0.8195225 0.4732845 0.3230876
vn -0.821781 0.4399189 0.3621436
vn -0.2052923 0.184884 0.9610794
vn -0.2052923 0.184884 0.9610794
vn -0.2660452 0.2733098 0.9244039
vn -0.8195225 0.4732845 0.3230876
vn -0.2660452 0.2733098 0.9244039
vn -0.2052923 0.184884 0.9610794
vn 0.5871612 -0.2723299 0.7622852
vn 0.5871612 -0.2723299 0.7622852
vn -0.1127008 0.2975736 0.9480238
vn -0.2660452 0.2733098 0.9244039
vn 0.5871612 -0.2723299 0.7622852
vn 0.1532011 -0.6595796 0.7358564
vn 0.3466548 -0.9334694 -0.09200907
vn 0.3466548 -0.9334694 -0.09200907
vn 0.7827049 -0.4556465 -0.4239812
vn 0.5871612 -0.2723299 0.7622852
vn 0.7827049 -0.4556465 -0.4239812
vn 0.3466548 -0.9334694 -0.09200907
vn -0.03421343 -0.6579971 -0.752243
vn -0.03421343 -0.6579971 -0.752243
vn 0.2084467 -0.2459876 -0.9465944
vn 0.7827049 -0.4556465 -0.4239812
vn -0.6001607 0.1645781 -0.7827656
vn -0.7571552 -0.3852025 -0.5275759
vn -0.853693 -0.3080042 0.4199317
vn -0.853693 -0.3080042 0.4199317
vn -0.821781 0.4399189 0.3621436
vn -0.6001607 0.1645781 -0.7827656
vn -0.821781 0.4399189 0.3621436
vn -0.853693 -0.3080042 0.4199317
vn -0.3783464 -0.4334343 0.8179176
vn -0.3783464 -0.4334343 0.8179176
vn -0.2052923 0.184884 0.9610794
vn -0.821781 0.4399189 0.3621436
vn -0.2052923 0.184884 0.9610794
vn -0.3783464 -0.4334343 0.8179176
vn 0.1532011 -0.6595796 0.7358564
vn 0.1532011 -0.6595796 0.7358564
vn 0.5871612 -0.2723299 0.7622852
vn -0.2052923 0.184884 0.9610794
vn 0.369746 -0.04409727 0.928086
vn 0.9674014 -0.1698111 -0.1878793
vn 0.964384 -0.04399633 -0.2608219
vn 0.964384 -0.04399633 -0.2608219
vn 0.344678 -0.3402938 0.8748701
vn 0.369746 -0.04409727 0.928086
vn -0.4634745 0.01716721 0.8859444
vn 0.369746 -0.04409727 0.928086
vn 0.344678 -0.3402938 0.8748701
vn 0.344678 -0.3402938 0.8748701
vn -0.3993471 -0.3211739 0.8587023
vn -0.4634745 0.01716721 0.8859444
vn 0.7544789 -0.6343188 0.1685264
vn 0.39117 -0.494276 -0.7763233
vn -0.1078712 -0.9653984 0.2374229
vn -0.1078712 -0.9653984 0.2374229
vn 0.4194612 -0.7448859 0.5188422
vn 0.7544789 -0.6343188 0.1685264
vn 0.39117 -0.494276 -0.7763233
vn -0.2647639 -0.16675 -0.9497869
vn -0.8120674 -0.5807579 -0.05715472
vn -0.8120674 -0.5807579 -0.05715472
vn -0.1078712 -0.9653984 0.2374229
vn 0.39117 -0.494276 -0.7763233
vn 0.9674014 -0.1698111 -0.1878793
vn 0.5794533 -0.4007311 -0.7096826
vn 0.4311373 0.1685 -0.8864137
vn 0.4311373 0.1685 -0.8864137
vn 0.964384 -0.04399633 -0.2608219
vn 0.9674014 -0.1698111 -0.1878793
vn 0.5794533 -0.4007311 -0.7096826
vn -0.2739509 -0.9215076 -0.275272
vn -0.3035927 0.2484053 -0.9198515
vn -0.3035927 0.2484053 -0.9198515
vn 0.4311373 0.1685 -0.8864137
vn 0.5794533 -0.4007311 -0.7096826
vn -0.8679913 0.3991209 0.2954558
vn -0.4634745 0.01716721 0.8859444
vn -0.9394621 0.06843311 0.3357499
vn -0.9394621 0.06843311 0.3357499
vn -0.4634745 0.01716721 0.8859444
vn -0.3993471 -0.3211739 0.8587023
vn -0.3993471 -0.3211739 0.8587023
vn -0.5017937 -0.2127841 0.8384073
vn -0.9394621 0.06843311 0.3357499
vn 0.6923687 -0.3776768 -0.6148059
vn 0.5794533 -0.4007311 -0.7096826
vn 0.9674014 -0.1698111 -0.1878793
vn 0.6923687 -0.3776768 -0.6148059
vn 0.7082219 -0.08090723 -0.7013388
vn 0.5794533 -0.4007311 -0.7096826
vn -0.3035927 0.2484053 -0.9198515
vn -0.2647639 -0.16675 -0.9497869
vn 0.39117 -0.494276 -0.7763233
vn 0.39117 -0.494276 -0.7763233
vn 0.4311373 0.1685 -0.8864137
vn -0.3035927 0.2484053 -0.9198515
vn -0.79166 0.2483827 -0.5581939
vn -0.8120674 -0.5807579 -0.05715472
vn -0.2647639 -0.16675 -0.9497869
vn -0.2647639 -0.16675 -0.9497869
vn -0.3035927 0.2484053 -0.9198515
vn -0.79166 0.2483827 -0.5581939
vn 0.964384 -0.04399633 -0.2608219
vn 0.4311373 0.1685 -0.8864137
vn 0.39117 -0.494276 -0.7763233
vn 0.39117 -0.494276 -0.7763233
vn 0.3280675 0.4153088 -0.8484638
vn 0.964384 -0.04399633 -0.2608219
vn 0.344678 -0.3402938 0.8748701
vn 0.964384 -0.04399633 -0.2608219
vn 0.7544789 -0.6343188 0.1685264
vn 0.7544789 -0.6343188 0.1685264
vn 0.4194612 -0.7448859 0.5188422
vn 0.344678 -0.3402938 0.8748701
vn -0.3993471 -0.3211739 0.8587023
vn 0.344678 -0.3402938 0.8748701
vn 0.4194612 -0.7448859 0.5188422
vn 0.4194612 -0.7448859 0.5188422
vn -0.1078712 -0.9653984 0.2374229
vn -0.3993471 -0.3211739 0.8587023
vn -0.8679913 0.3991209 0.2954558
vn -0.4636793 0.8153261 0.346764
vn -0.4059377 0.1078971 0.9075096
vn -0.4059377 0.1078971 0.9075096
vn -0.4634745 0.01716721 0.8859444
vn -0.8679913 0.3991209 0.2954558
vn -0.2256654 0.5690506 -0.7907318
vn 0.03567798 0.8961263 -0.4423625
vn -0.4636793 0.8153261 0.346764
vn -0.4636793 0.8153261 0.346764
vn -0.8679913 0.3991209 0.2954558
vn -0.2256654 0.5690506 -0.7907318
vn 0.7082219 -0.08090723 -0.7013388
vn 0.6550344 0.5600372 -0.5072362
vn 0.03567798 0.8961263 -0.4423625
vn 0.03567798 0.8961263 -0.4423625
vn -0.2256654 0.5690506 -0.7907318
vn 0.7082219 -0.08090723 -0.7013388
vn 0.6550344 0.5600372 -0.5072362
vn 0.7082219 -0.08090723 -0.7013388
vn 0.6923687 -0.3776768 -0.6148059
vn 0.9674014 -0.1698111 -0.1878793
vn 0.3867523 -0.4091287 -0.8264607
vn 0.6550344 0.5600372 -0.5072362
vn 0.6550344 0.5600372 -0.5072362
vn 0.6923687 -0.3776768 -0.6148059
vn 0.9674014 -0.1698111 -0.1878793
vn 0.7217281 0.6637475 0.1963354
vn 0.9674014 -0.1698111 -0.1878793
vn 0.369746 -0.04409727 0.928086
vn 0.369746 -0.04409727 0.928086
vn 0.466908 0.6176471 0.632858
vn 0.7217281 0.6637475 0.1963354
vn -0.4634745 0.01716721 0.8859444
vn -0.4059377 0.1078971 0.9075096
vn 0.466908 0.6176471 0.632858
vn 0.466908 0.6176471 0.632858
vn 0.369746 -0.04409727 0.928086
vn -0.4634745 0.01716721 0.8859444
vn -0.2128623 -0.8108779 0.5451306
vn 0.5446131 -0.8232139 -0.1603614
vn -0.1278841 -0.3662224 -0.9216982
vn -0.1278841 -0.3662224 -0.9216982
vn -0.8962233 -0.4087793 -0.1722909
vn -0.2128623 -0.8108779 0.5451306
vn -0.8962233 -0.4087793 -0.1722909
vn -0.1278841 -0.3662224 -0.9216982
vn -0.1982153 0.4784734 -0.8554382
vn -0.1982153 0.4784734 -0.8554382
vn -0.9757255 0.2095729 -0.06355596
vn -0.8962233 -0.4087793 -0.1722909
vn 0.7360025 -0.3975086 -0.5479852
vn -0.1982153 0.4784734 -0.8554382
vn -0.1278841 -0.3662224 -0.9216982
vn -0.1278841 -0.3662224 -0.9216982
vn 0.5446131 -0.8232139 -0.1603614
vn 0.7360025 -0.3975086 -0.5479852
vn -0.2739509 -0.9215076 -0.275272
vn 0.7360025 -0.3975086 -0.5479852
vn 0.5446131 -0.8232139 -0.1603614
vn 0.5446131 -0.8232139 -0.1603614
vn -0.2128623 -0.8108779 0.5451306
vn -0.2739509 -0.9215076 -0.275272
vn -0.3993471 -0.3211739 0.8587023
vn -0.1078712 -0.9653984 0.2374229
vn -0.8120674 -0.5807579 -0.05715472
vn -0.8120674 -0.5807579 -0.05715472
vn -0.5017937 -0.2127841 0.8384073
vn -0.3993471 -0.3211739 0.8587023
vn -0.8679913 0.3991209 0.2954558
vn -0.9757255 0.2095729 -0.06355596
vn -0.1982153 0.4784734 -0.8554382
vn -0.1982153 0.4784734 -0.8554382
vn -0.2256654 0.5690506 -0.7907318
vn -0.8679913 0.3991209 0.2954558
vn -0.9394621 0.06843311 0.3357499
vn -0.2739509 -0.9215076 -0.275272
vn -0.9757255 0.2095729 -0.06355596
vn -0.9757255 0.2095729 -0.06355596
vn -0.8679913 0.3991209 0.2954558
vn -0.9394621 0.06843311 0.3357499
vn -0.2256654 0.5690506 -0.7907318
vn -0.1982153 0.4784734 -0.8554382
vn 0.7360025 -0.3975086 -0.5479852
vn 0.7360025 -0.3975086 -0.5479852
vn 0.7082219 -0.08090723 -0.7013388
vn -0.2256654 0.5690506 -0.7907318
vn 0.7360025 -0.3975086 -0.5479852
vn -0.2739509 -0.9215076 -0.275272
vn 0.5794533 -0.4007311 -0.7096826
vn -0.6001607 0.1645781 -0.7827656
vn 0.2084467 -0.2459876 -0.9465944
vn -0.03421343 -0.6579971 -0.752243
vn -0.03421343 -0.6579971 -0.752243
vn -0.7571552 -0.3852025 -0.5275759
vn -0.6001607 0.1645781 -0.7827656
vn -0.9484733 0.3139551 -0.04279464
vn -0.7162396 0.6971059 -0.03231639
vn -0.7026014 0.6829827 0.1997155
vn -0.7026014 0.6829827 0.1997155
vn -0.8728169 0.2810066 0.3990318
vn -0.9484733 0.3139551 -0.04279464
vn -0.8728169 0.2810066 0.3990318
vn -0.7026014 0.6829827 0.1997155
vn -0.8830596 0.1025121 0.4552298
vn -0.8830596 0.1025121 0.4552298
vn -0.3878911 0.1004676 0.9162134
vn -0.8728169 0.2810066 0.3990318
vn -0.03119319 0.9658794 0.2256079
vn -0.7297224 0.5706433 0.3766589
vn 0.7284211 0.4884838 0.4804027
vn -0.9757255 0.2095729 -0.06355596
vn -0.2739509 -0.9215076 -0.275272
vn -0.2128623 -0.8108779 0.5451306
vn -0.2128623 -0.8108779 0.5451306
vn -0.8962233 -0.4087793 -0.1722909
vn -0.9757255 0.2095729 -0.06355596
vn -0.2739509 -0.9215076 -0.275272
vn -0.9394621 0.06843311 0.3357499
vn -0.79166 0.2483827 -0.5581939
vn -0.79166 0.2483827 -0.5581939
vn -0.3035927 0.2484053 -0.9198515
vn -0.2739509 -0.9215076 -0.275272
vn -0.3437978 -0.9386783 0.02619967
vn -0.3575597 -0.9330956 0.03852227
vn -0.3836282 -0.92348 -0.003796935
vn -0.3836282 -0.92348 -0.003796935
vn -0.3606328 -0.9326623 -0.009247035
vn -0.3437978 -0.9386783 0.02619967
vn -0.3139924 -0.9468788 0.06949505
vn -0.3449013 -0.9357361 0.07376578
vn -0.3575597 -0.9330956 0.03852227
vn -0.3575597 -0.9330956 0.03852227
vn -0.3437978 -0.9386783 0.02619967
vn -0.3139924 -0.9468788 0.06949505
vn 0.6550344 0.5600372 -0.5072362
vn 0.2850021 0.958357 -0.01805064
vn -0.4636793 0.8153261 0.346764
vn -0.4636793 0.8153261 0.346764
vn 0.03567798 0.8961263 -0.4423625
vn 0.6550344 0.5600372 -0.5072362
vn 0.7217281 0.6637475 0.1963354
vn 0.466908 0.6176471 0.632858
vn 0.2850021 0.958357 -0.01805064
vn 0.2850021 0.958357 -0.01805064
vn 0.6550344 0.5600372 -0.5072362
vn 0.7217281 0.6637475 0.1963354
vn 0.4870933 -0.2486708 0.8371997
vn 0.8865739 -0.1389861 0.4265054
vn 0.9903078 -0.01873702 0.1376225
vn 0.9903078 -0.01873702 0.1376225
vn 0.9405872 -0.2528728 0.2266092
vn 0.4870933 -0.2486708 0.8371997
vn 0.9405872 -0.2528728 0.2266092
vn 0.9903078 -0.01873702 0.1376225
vn 0.9985889 -0.02812314 0.04505587
vn 0.9985889 -0.02812314 0.04505587
vn 0.976633 -0.2103497 0.04406518
vn 0.9405872 -0.2528728 0.2266092
vn -0.8830596 0.1025121 0.4552298
vn 0.8865739 -0.1389861 0.4265054
vn 0.4870933 -0.2486708 0.8371997
vn 0.4870933 -0.2486708 0.8371997
vn -0.3878911 0.1004676 0.9162134
vn -0.8830596 0.1025121 0.4552298
vn 0.01257772 -0.4256375 -0.9048066
vn 0.5955412 -0.01586634 -0.8031684
vn -0.2764792 0.2163653 -0.9363469
vn -0.9733656 -0.2287785 -0.01484489
vn -0.3348859 0.2670247 0.9036312
vn 0.2031211 -0.642835 0.7385828
vn -0.9733656 -0.2287785 -0.01484489
vn 0.2031211 -0.642835 0.7385828
vn 0.2005327 -0.7029572 -0.6823766
vn -0.9733656 -0.2287785 -0.01484489
vn -0.3112791 0.1481039 -0.9387069
vn -0.580488 0.8064561 -0.1125248
vn -0.7067325 0.699545 -0.1056706
vn -0.580488 0.8064561 -0.1125248
vn -0.3112791 0.1481039 -0.9387069
vn -0.3112791 0.1481039 -0.9387069
vn -0.2764792 0.2163653 -0.9363469
vn -0.7067325 0.699545 -0.1056706
vn 0.01257772 -0.4256375 -0.9048066
vn 0.2005327 -0.7029572 -0.6823766
vn 0.2031211 -0.642835 0.7385828
vn 0.2031211 -0.642835 0.7385828
vn 0.5442023 -0.8385954 0.02452564
vn 0.01257772 -0.4256375 -0.9048066
vn 0.2005327 -0.7029572 -0.6823766
vn -0.3112791 0.1481039 -0.9387069
vn -0.9733656 -0.2287785 -0.01484489
vn -0.2650157 0.3106407 0.9128358
vn -0.3348859 0.2670247 0.9036312
vn -0.580488 0.8064561 -0.1125248
vn -0.580488 0.8064561 -0.1125248
vn -0.7067325 0.699545 -0.1056706
vn -0.2650157 0.3106407 0.9128358
vn -0.9733656 -0.2287785 -0.01484489
vn -0.580488 0.8064561 -0.1125248
vn -0.3348859 0.2670247 0.9036312
vn 0.9993421 0.02822763 -0.02279043
vn 0.5180833 -0.7126431 -0.4730005
vn 0.4763457 -0.6776035 0.5603108
vn -0.2650157 0.3106407 0.9128358
vn 0.6015067 -0.0256179 0.7984573
vn -0.1566672 -0.0868191 0.9838283
vn -0.574591 -0.6664532 0.475064
vn 0.4763457 -0.6776035 0.5603108
vn 0.5180833 -0.7126431 -0.4730005
vn 0.5180833 -0.7126431 -0.4730005
vn -0.5312726 -0.6758099 -0.5109118
vn -0.574591 -0.6664532 0.475064
vn -0.1566672 -0.0868191 0.9838283
vn 0.2031211 -0.642835 0.7385828
vn -0.3348859 0.2670247 0.9036312
vn -0.3348859 0.2670247 0.9036312
vn -0.2650157 0.3106407 0.9128358
vn -0.1566672 -0.0868191 0.9838283
vn 0.2005327 -0.7029572 -0.6823766
vn 0.01257772 -0.4256375 -0.9048066
vn -0.2764792 0.2163653 -0.9363469
vn -0.2764792 0.2163653 -0.9363469
vn -0.3112791 0.1481039 -0.9387069
vn 0.2005327 -0.7029572 -0.6823766
vn 0.9872286 0.1221837 -0.1022348
vn 0.9993421 0.02822763 -0.02279043
vn 0.6015067 -0.0256179 0.7984573
vn 0.6015067 -0.0256179 0.7984573
vn 0.5249954 -0.009242237 0.8510552
vn 0.9872286 0.1221837 -0.1022348
vn 0.5249954 -0.009242237 0.8510552
vn 0.6015067 -0.0256179 0.7984573
vn -0.2650157 0.3106407 0.9128358
vn -0.2650157 0.3106407 0.9128358
vn -0.5072602 0.08577284 0.857514
vn 0.5249954 -0.009242237 0.8510552
vn -0.5072602 0.08577284 0.857514
vn -0.2650157 0.3106407 0.9128358
vn -0.7067325 0.699545 -0.1056706
vn -0.7067325 0.699545 -0.1056706
vn -0.9900314 0.1408072 0.003478527
vn -0.5072602 0.08577284 0.857514
vn -0.9900314 0.1408072 0.003478527
vn -0.7067325 0.699545 -0.1056706
vn -0.2764792 0.2163653 -0.9363469
vn -0.2764792 0.2163653 -0.9363469
vn -0.5166365 -0.0251115 -0.8558369
vn -0.9900314 0.1408072 0.003478527
vn -0.5166365 -0.0251115 -0.8558369
vn -0.2764792 0.2163653 -0.9363469
vn 0.5955412 -0.01586634 -0.8031684
vn 0.5955412 -0.01586634 -0.8031684
vn 0.4256012 0.008153856 -0.9048743
vn -0.5166365 -0.0251115 -0.8558369
vn 0.4256012 0.008153856 -0.9048743
vn 0.5955412 -0.01586634 -0.8031684
vn 0.9993421 0.02822763 -0.02279043
vn 0.9993421 0.02822763 -0.02279043
vn 0.9872286 0.1221837 -0.1022348
vn 0.4256012 0.008153856 -0.9048743
vn -0.636148 -0.7576138 0.1460748
vn -0.7399621 -0.6569785 0.1443472
vn 0.03241521 -0.9492318 0.312904
vn 0.03241521 -0.9492318 0.312904
vn -0.2101432 -0.8294032 0.5176204
vn -0.636148 -0.7576138 0.1460748
vn -0.2101432 -0.8294032 0.5176204
vn 0.03241521 -0.9492318 0.312904
vn 0.04397037 -0.9621698 0.2688806
vn 0.04397037 -0.9621698 0.2688806
vn 0.1952838 -0.817203 0.5422581
vn -0.2101432 -0.8294032 0.5176204
vn -0.9159977 0.09172565 0.3905571
vn -0.8210464 -0.3028693 0.4838939
vn -0.7669342 0.1620827 0.6209198
vn -0.7669342 0.1620827 0.6209198
vn -0.5448323 -0.06862974 0.835732
vn -0.9159977 0.09172565 0.3905571
vn -0.8056246 -0.285824 0.5189165
vn -0.8770254 0.04523361 0.4783105
vn -0.9340682 -0.3546005 -0.04214483
vn -0.9340682 -0.3546005 -0.04214483
vn -0.8770254 0.04523361 0.4783105
vn -0.9979865 -0.04468191 -0.04502904
vn -0.8582569 -0.1108267 0.5011124
vn -0.9979865 -0.04468191 -0.04502904
vn -0.8770254 0.04523361 0.4783105
vn -0.8724707 -0.1870591 0.4514464
vn -0.7745096 0.5688798 0.2766064
vn -0.6868875 0.414375 0.597059
vn -0.6868875 0.414375 0.597059
vn -0.7792287 0.153922 0.6075451
vn -0.8724707 -0.1870591 0.4514464
vn -0.5091664 -0.2602038 0.8203926
vn -0.04567781 -0.4338002 0.8998508
vn -0.3500992 -0.3894299 0.8519244
vn -0.3500992 -0.3894299 0.8519244
vn -0.3846678 -0.5440596 0.7456745
vn -0.5091664 -0.2602038 0.8203926
vn -0.6738933 -0.7382026 -0.0304057
vn -0.4890004 -0.6399868 0.5927021
vn -0.3846678 -0.5440596 0.7456745
vn -0.3846678 -0.5440596 0.7456745
vn -0.3500992 -0.3894299 0.8519244
vn -0.6738933 -0.7382026 -0.0304057
vn 0.6665402 -0.4781959 0.5718856
vn 0.3569458 -0.4050396 0.8417441
vn -0.008449707 -0.4720055 0.8815553
vn 0.6665402 -0.4781959 0.5718856
vn 0.8516863 -0.5226414 0.03842765
vn 0.9489667 -0.3124567 0.04281688
vn 0.9489667 -0.3124567 0.04281688
vn 0.3569458 -0.4050396 0.8417441
vn 0.6665402 -0.4781959 0.5718856
vn 0.6665402 -0.4781959 0.5718856
vn 0.7878535 -0.06301254 0.6126309
vn 0.995058 -0.08856708 0.04489648
vn 0.995058 -0.08856708 0.04489648
vn 0.8516863 -0.5226414 0.03842765
vn 0.6665402 -0.4781959 0.5718856
vn 0.781453 0.5363545 0.3188344
vn 0.8311986 0.5547096 0.03750324
vn 0.995058 -0.08856708 0.04489648
vn 0.2298889 0.9392518 0.2548668
vn -0.2305668 0.9547587 0.1878165
vn -0.2233347 0.9746899 -0.01007673
vn -0.2233347 0.9746899 -0.01007673
vn 0.2530767 0.9673789 0.01141873
vn 0.2298889 0.9392518 0.2548668
vn -0.6241125 -0.780827 -0.02815962
vn -0.4890004 -0.6399868 0.5927021
vn -0.6738933 -0.7382026 -0.0304057
vn -0.7745096 0.5688798 0.2766064
vn -0.8724707 -0.1870591 0.4514464
vn -0.7986948 0.6006566 -0.03603667
vn -0.8724707 -0.1870591 0.4514464
vn -0.970049 -0.09991169 0.2214133
vn -0.7986948 0.6006566 -0.03603667
vn -0.9970585 -0.06206149 -0.04498714
vn -0.7986948 0.6006566 -0.03603667
vn -0.970049 -0.09991169 0.2214133
vn -0.4890004 -0.6399868 0.5927021
vn -0.8582569 -0.1108267 0.5011124
vn -0.3846678 -0.5440596 0.7456745
vn -0.9146246 0.4021931 -0.0412674
vn -0.9882384 -0.1462781 -0.0445888
vn -0.8836735 -0.2274895 0.4091088
vn -0.8836735 -0.2274895 0.4091088
vn -0.74647 0.2049528 0.6330696
vn -0.9146246 0.4021931 -0.0412674
vn -0.9778675 -0.2045209 -0.04412091
vn -0.9146246 0.4021931 -0.0412674
vn -0.74647 0.2049528 0.6330696
vn -0.74647 0.2049528 0.6330696
vn -0.7567677 0.01802969 0.6534354
vn -0.9778675 -0.2045209 -0.04412091
vn -0.9340682 -0.3546005 -0.04214483
vn -0.9778675 -0.2045209 -0.04412091
vn -0.7567677 0.01802969 0.6534354
vn -0.7567677 0.01802969 0.6534354
vn -0.8056246 -0.285824 0.5189165
vn -0.9340682 -0.3546005 -0.04214483
vn -0.7567677 0.01802969 0.6534354
vn -0.74647 0.2049528 0.6330696
vn -0.8147322 0.1279664 0.565541
vn -0.8147322 0.1279664 0.565541
vn -0.8056246 -0.285824 0.5189165
vn -0.7567677 0.01802969 0.6534354
vn -0.8210464 -0.3028693 0.4838939
vn -0.8724707 -0.1870591 0.4514464
vn -0.7792287 0.153922 0.6075451
vn -0.7792287 0.153922 0.6075451
vn -0.7669342 0.1620827 0.6209198
vn -0.8210464 -0.3028693 0.4838939
vn -0.9882384 -0.1462781 -0.0445888
vn -0.9970585 -0.06206149 -0.04498714
vn -0.970049 -0.09991169 0.2214133
vn -0.970049 -0.09991169 0.2214133
vn -0.8836735 -0.2274895 0.4091088
vn -0.9882384 -0.1462781 -0.0445888
vn 0.9489667 -0.3124567 0.04281688
vn 0.9818209 0.1845701 0.04429924
vn 0.7284211 0.4884838 0.4804027
vn 0.7284211 0.4884838 0.4804027
vn 0.3569458 -0.4050396 0.8417441
vn 0.9489667 -0.3124567 0.04281688
vn -0.7297224 0.5706433 0.3766589
vn -0.3500992 -0.3894299 0.8519244
vn 0.3569458 -0.4050396 0.8417441
vn 0.3569458 -0.4050396 0.8417441
vn 0.7284211 0.4884838 0.4804027
vn -0.7297224 0.5706433 0.3766589
vn -0.8426411 0.5371326 -0.03801954
vn -0.6738933 -0.7382026 -0.0304057
vn -0.3500992 -0.3894299 0.8519244
vn -0.3500992 -0.3894299 0.8519244
vn -0.7297224 0.5706433 0.3766589
vn -0.8426411 0.5371326 -0.03801954
vn -0.5448323 -0.06862974 0.835732
vn -0.5091664 -0.2602038 0.8203926
vn -0.8770254 0.04523361 0.4783105
vn -0.8770254 0.04523361 0.4783105
vn -0.9159977 0.09172565 0.3905571
vn -0.5448323 -0.06862974 0.835732
vn -0.9159977 0.09172565 0.3905571
vn -0.8770254 0.04523361 0.4783105
vn -0.8056246 -0.285824 0.5189165
vn -0.8056246 -0.285824 0.5189165
vn -0.8147322 0.1279664 0.565541
vn -0.9159977 0.09172565 0.3905571
vn -0.04567781 -0.4338002 0.8998508
vn -0.5091664 -0.2602038 0.8203926
vn -0.5448323 -0.06862974 0.835732
vn -0.8582569 -0.1108267 0.5011124
vn -0.4890004 -0.6399868 0.5927021
vn -0.6241125 -0.780827 -0.02815962
vn -0.6241125 -0.780827 -0.02815962
vn -0.9979865 -0.04468191 -0.04502904
vn -0.8582569 -0.1108267 0.5011124
vn 0.6275532 0.3981534 0.6690673
vn 0.368935 0.1685318 0.9140483
vn 0.00573457 0.4303489 0.9026445
vn 0.00573457 0.4303489 0.9026445
vn 0.2157991 0.750443 0.624713
vn 0.6275532 0.3981534 0.6690673
vn -0.7745096 0.5688798 0.2766064
vn -0.2305668 0.9547587 0.1878165
vn -0.2189888 0.7758186 0.5917345
vn -0.2189888 0.7758186 0.5917345
vn -0.6868875 0.414375 0.597059
vn -0.7745096 0.5688798 0.2766064
vn 0.2157991 0.750443 0.624713
vn -0.2189888 0.7758186 0.5917345
vn -0.2305668 0.9547587 0.1878165
vn -0.2305668 0.9547587 0.1878165
vn 0.2298889 0.9392518 0.2548668
vn 0.2157991 0.750443 0.624713
vn -0.7986948 0.6006566 -0.03603667
vn -0.2233347 0.9746899 -0.01007673
vn -0.2305668 0.9547587 0.1878165
vn -0.2305668 0.9547587 0.1878165
vn -0.7745096 0.5688798 0.2766064
vn -0.7986948 0.6006566 -0.03603667
vn 0.6275532 0.3981534 0.6690673
vn 0.2157991 0.750443 0.624713
vn 0.2298889 0.9392518 0.2548668
vn 0.2298889 0.9392518 0.2548668
vn 0.781453 0.5363545 0.3188344
vn 0.6275532 0.3981534 0.6690673
vn 0.781453 0.5363545 0.3188344
vn 0.2298889 0.9392518 0.2548668
vn 0.2530767 0.9673789 0.01141873
vn 0.2530767 0.9673789 0.01141873
vn 0.8311986 0.5547096 0.03750324
vn 0.781453 0.5363545 0.3188344
vn -0.378253 0.3483438 0.8576605
vn -0.2189888 0.7758186 0.5917345
vn 0.2157991 0.750443 0.624713
vn 0.2157991 0.750443 0.624713
vn 0.00573457 0.4303489 0.9026445
vn -0.378253 0.3483438 0.8576605
vn -0.8582569 -0.1108267 0.5011124
vn -0.8770254 0.04523361 0.4783105
vn -0.5091664 -0.2602038 0.8203926
vn -0.8582569 -0.1108267 0.5011124
vn -0.5091664 -0.2602038 0.8203926
vn -0.3846678 -0.5440596 0.7456745
vn -0.8147322 0.1279664 0.565541
vn -0.74647 0.2049528 0.6330696
vn -0.8836735 -0.2274895 0.4091088
vn -0.970049 -0.09991169 0.2214133
vn -0.8724707 -0.1870591 0.4514464
vn -0.8210464 -0.3028693 0.4838939
vn -0.8210464 -0.3028693 0.4838939
vn -0.8836735 -0.2274895 0.4091088
vn -0.970049 -0.09991169 0.2214133
vn -0.8147322 0.1279664 0.565541
vn -0.8836735 -0.2274895 0.4091088
vn -0.8210464 -0.3028693 0.4838939
vn -0.8210464 -0.3028693 0.4838939
vn -0.9159977 0.09172565 0.3905571
vn -0.8147322 0.1279664 0.565541
vn -0.03119319 0.9658794 0.2256079
vn 0.7284211 0.4884838 0.4804027
vn 0.7936905 0.5335261 0.260653
vn 0.781453 0.5363545 0.3188344
vn 0.995058 -0.08856708 0.04489648
vn 0.7878535 -0.06301254 0.6126309
vn 0.781453 0.5363545 0.3188344
vn 0.7878535 -0.06301254 0.6126309
vn 0.6275532 0.3981534 0.6690673
vn -0.2318047 -0.2126447 0.9492361
vn 0.00121953 -0.2944202 0.9556755
vn -0.832533 -0.02578282 0.5533754
vn -0.04567781 -0.4338002 0.8998508
vn 0.00121953 -0.2944202 0.9556755
vn -0.2318047 -0.2126447 0.9492361
vn -0.1177503 -0.1373427 -0.9835
vn -0.0742652 0.07614983 -0.9943271
vn -0.09903459 -0.04284523 -0.9941614
vn -0.2318047 -0.2126447 0.9492361
vn -0.832533 -0.02578282 0.5533754
vn -0.7669342 0.1620827 0.6209198
vn -0.7669342 0.1620827 0.6209198
vn -0.378295 0.1162297 0.9183593
vn -0.2318047 -0.2126447 0.9492361
vn -0.2318047 -0.2126447 0.9492361
vn 0.07802726 -0.02036986 0.9967433
vn -0.04567781 -0.4338002 0.8998508
vn -0.09903459 -0.04284523 -0.9941614
vn -0.1458485 -0.288423 -0.9463301
vn -0.1177503 -0.1373427 -0.9835
vn -0.7669342 0.1620827 0.6209198
vn -0.04567781 -0.4338002 0.8998508
vn -0.5448323 -0.06862974 0.835732
vn 0.07802726 -0.02036986 0.9967433
vn -0.378295 0.1162297 0.9183593
vn -0.378253 0.3483438 0.8576605
vn -0.378253 0.3483438 0.8576605
vn 0.00573457 0.4303489 0.9026445
vn 0.07802726 -0.02036986 0.9967433
vn -0.2189888 0.7758186 0.5917345
vn -0.378253 0.3483438 0.8576605
vn -0.6868875 0.414375 0.597059
vn -0.378253 0.3483438 0.8576605
vn -0.7792287 0.153922 0.6075451
vn -0.6868875 0.414375 0.597059
vn -0.378295 0.1162297 0.9183593
vn 0.07802726 -0.02036986 0.9967433
vn -0.2318047 -0.2126447 0.9492361
vn -0.378295 0.1162297 0.9183593
vn -0.7669342 0.1620827 0.6209198
vn -0.7792287 0.153922 0.6075451
vn -0.378253 0.3483438 0.8576605
vn -0.378295 0.1162297 0.9183593
vn -0.7792287 0.153922 0.6075451
vn 0.2783812 -0.0720894 0.9577616
vn 0.7878535 -0.06301254 0.6126309
vn 0.6665402 -0.4781959 0.5718856
vn 0.6665402 -0.4781959 0.5718856
vn -0.008449707 -0.4720055 0.8815553
vn 0.2783812 -0.0720894 0.9577616
vn 0.07802726 -0.02036986 0.9967433
vn 0.2783812 -0.0720894 0.9577616
vn -0.008449707 -0.4720055 0.8815553
vn -0.008449707 -0.4720055 0.8815553
vn -0.04567781 -0.4338002 0.8998508
vn 0.07802726 -0.02036986 0.9967433
vn -0.04567781 -0.4338002 0.8998508
vn -0.008449707 -0.4720055 0.8815553
vn 0.3569458 -0.4050396 0.8417441
vn 0.3569458 -0.4050396 0.8417441
vn -0.3500992 -0.3894299 0.8519244
vn -0.04567781 -0.4338002 0.8998508
vn 0.2783812 -0.0720894 0.9577616
vn 0.368935 0.1685318 0.9140483
vn 0.6275532 0.3981534 0.6690673
vn 0.6275532 0.3981534 0.6690673
vn 0.7878535 -0.06301254 0.6126309
vn 0.2783812 -0.0720894 0.9577616
vn 0.07802726 -0.02036986 0.9967433
vn 0.00573457 0.4303489 0.9026445
vn 0.368935 0.1685318 0.9140483
vn 0.368935 0.1685318 0.9140483
vn 0.2783812 -0.0720894 0.9577616
vn 0.07802726 -0.02036986 0.9967433
vn -0.2335495 -0.9722878 -0.01053767
vn 0.4410886 -0.1826027 0.8786908
vn 0.9756694 -0.214783 0.04402173
vn -0.2335495 -0.9722878 -0.01053767
vn -0.4428046 -0.2492 0.861292
vn 0.4410886 -0.1826027 0.8786908
vn 0.1320519 0.6415969 0.7555897
vn 0.2278287 0.4919396 0.8402915
vn -0.5039191 -0.03174961 0.8631673
vn -0.5039191 -0.03174961 0.8631673
vn -0.5853156 -0.2008796 0.7855275
vn 0.1320519 0.6415969 0.7555897
vn 0.3981426 0.9171476 0.01796398
vn 0.6255076 0.7797075 0.02822256
vn 0.2278287 0.4919396 0.8402915
vn 0.2278287 0.4919396 0.8402915
vn 0.1320519 0.6415969 0.7555897
vn 0.3981426 0.9171476 0.01796398
vn -0.5853156 -0.2008796 0.7855275
vn -0.5039191 -0.03174961 0.8631673
vn -0.9617808 -0.2703606 -0.04339504
vn -0.9617808 -0.2703606 -0.04339504
vn -0.8630038 -0.503695 -0.03893828
vn -0.5853156 -0.2008796 0.7855275
vn -0.9867094 -0.156278 -0.04451978
vn -0.9617808 -0.2703606 -0.04339504
vn -0.5039191 -0.03174961 0.8631673
vn -0.5039191 -0.03174961 0.8631673
vn -0.5548497 -0.05962798 0.8298113
vn -0.9867094 -0.156278 -0.04451978
vn 0.9078345 0.4173235 0.04096103
vn 0.9756694 -0.214783 0.04402173
vn 0.4410886 -0.1826027 0.8786908
vn 0.4410886 -0.1826027 0.8786908
vn 0.3881548 0.2411385 0.8894877
vn 0.9078345 0.4173235 0.04096103
vn 0.3881548 0.2411385 0.8894877
vn 0.4410886 -0.1826027 0.8786908
vn -0.4428046 -0.2492 0.861292
vn -0.4428046 -0.2492 0.861292
vn -0.5548497 -0.05962798 0.8298113
vn 0.3881548 0.2411385 0.8894877
vn -0.2335495 -0.9722878 -0.01053767
vn -0.9576609 -0.2846382 -0.0432092
vn -0.4428046 -0.2492 0.861292
vn 0.2278287 0.4919396 0.8402915
vn 0.3881548 0.2411385 0.8894877
vn -0.5548497 -0.05962798 0.8298113
vn -0.5548497 -0.05962798 0.8298113
vn -0.5039191 -0.03174961 0.8631673
vn 0.2278287 0.4919396 0.8402915
vn 0.6255076 0.7797075 0.02822256
vn 0.9078345 0.4173235 0.04096103
vn 0.3881548 0.2411385 0.8894877
vn 0.3881548 0.2411385 0.8894877
vn 0.2278287 0.4919396 0.8402915
vn 0.6255076 0.7797075 0.02822256
vn -0.9576609 -0.2846382 -0.0432092
vn -0.9867094 -0.156278 -0.04451978
vn -0.5548497 -0.05962798 0.8298113
vn -0.5548497 -0.05962798 0.8298113
vn -0.4428046 -0.2492 0.861292
vn -0.9576609 -0.2846382 -0.0432092
vn 0.5180833 -0.7126431 -0.4730005
vn 0.5955412 -0.01586634 -0.8031684
vn 0.01257772 -0.4256375 -0.9048066
vn 0.01257772 -0.4256375 -0.9048066
vn -0.5312726 -0.6758099 -0.5109118
vn 0.5180833 -0.7126431 -0.4730005
vn 0.9099658 0.3168964 0.2674692
vn 0.9557855 0.1759038 0.235654
vn 0.5598353 0.2608462 0.7864757
vn 0.5598353 0.2608462 0.7864757
vn 0.470809 0.3606063 0.8051722
vn 0.9099658 0.3168964 0.2674692
vn -0.9884406 0.05009705 0.1430939
vn -0.7399621 -0.6569785 0.1443472
vn -0.6794927 -0.7330419 -0.03065836
vn 0.9522771 0.3021971 0.04296625
vn 0.9851232 0.1660054 0.04444826
vn 0.9557855 0.1759038 0.235654
vn 0.9557855 0.1759038 0.235654
vn 0.9099658 0.3168964 0.2674692
vn 0.9522771 0.3021971 0.04296625
vn -0.7399621 -0.6569785 0.1443472
vn -0.9884406 0.05009705 0.1430939
vn -0.6231368 0.2366055 0.7454652
vn -0.6231368 0.2366055 0.7454652
vn -0.7411846 0.2185491 0.6347298
vn -0.7399621 -0.6569785 0.1443472
vn 0.1952838 -0.817203 0.5422581
vn 0.04397037 -0.9621698 0.2688806
vn 0.09563231 -0.9839529 0.1506393
vn 0.09563231 -0.9839529 0.1506393
vn 0.5613521 -0.7949657 0.2300306
vn 0.1952838 -0.817203 0.5422581
vn 0.1281116 -0.991743 0.005780309
vn 0.3217001 -0.9425958 -0.08957115
vn 0.5613521 -0.7949657 0.2300306
vn 0.5613521 -0.7949657 0.2300306
vn 0.09563231 -0.9839529 0.1506393
vn 0.1281116 -0.991743 0.005780309
vn -0.6794927 -0.7330419 -0.03065836
vn -0.998546 -0.02961022 -0.0450539
vn -0.9884406 0.05009705 0.1430939
vn -0.1566672 -0.0868191 0.9838283
vn -0.574591 -0.6664532 0.475064
vn -0.5312726 -0.6758099 -0.5109118
vn -0.5312726 -0.6758099 -0.5109118
vn 0.01257772 -0.4256375 -0.9048066
vn -0.1566672 -0.0868191 0.9838283
vn -0.1566672 -0.0868191 0.9838283
vn 0.6015067 -0.0256179 0.7984573
vn 0.4763457 -0.6776035 0.5603108
vn 0.4763457 -0.6776035 0.5603108
vn -0.574591 -0.6664532 0.475064
vn -0.1566672 -0.0868191 0.9838283
vn 0.9993421 0.02822763 -0.02279043
vn 0.5955412 -0.01586634 -0.8031684
vn 0.5180833 -0.7126431 -0.4730005
vn 0.9993421 0.02822763 -0.02279043
vn 0.4763457 -0.6776035 0.5603108
vn 0.6015067 -0.0256179 0.7984573
vn -0.664046 -0.1167068 0.7385272
vn -0.3081476 -0.8313246 0.4625425
vn 0.3123265 -0.942596 0.1181782
vn 0.3123265 -0.942596 0.1181782
vn 0.5597683 -0.1924748 0.8059858
vn -0.664046 -0.1167068 0.7385272
vn 0.9802418 -0.1972526 0.01479268
vn 0.579787 -0.7949659 -0.1785429
vn 0.243324 -0.8172032 -0.5224686
vn 0.243324 -0.8172032 -0.5224686
vn 0.6597826 -0.1599442 -0.7342379
vn 0.9802418 -0.1972526 0.01479268
vn 0.6597826 -0.1599442 -0.7342379
vn 0.243324 -0.8172032 -0.5224686
vn -0.1626746 -0.8294032 -0.534442
vn -0.1626746 -0.8294032 -0.534442
vn -0.5802615 -0.1569026 -0.7991736
vn 0.6597826 -0.1599442 -0.7342379
vn -0.9902894 -0.1374979 -0.02056706
vn -0.6204085 -0.7576139 -0.2027703
vn -0.3081476 -0.8313246 0.4625425
vn -0.3081476 -0.8313246 0.4625425
vn -0.664046 -0.1167068 0.7385272
vn -0.9902894 -0.1374979 -0.02056706
vn 0.9885916 0.1069427 0.1060703
vn 0.5364377 0.06494489 -0.8414373
vn 0.5995052 -0.009241939 -0.8003177
vn 0.5995052 -0.009241939 -0.8003177
vn 0.9740102 0.1221836 0.1907256
vn 0.9885916 0.1069427 0.1060703
vn -0.6253992 -0.07409739 0.7767791
vn 0.3641292 0.05021447 0.9299937
vn 0.3423823 0.008153439 0.9395254
vn 0.3423823 0.008153439 0.9395254
vn -0.591611 -0.02511203 0.8058328
vn -0.6253992 -0.07409739 0.7767791
vn 0.5364377 0.06494489 -0.8414373
vn -0.4593261 -0.1372919 -0.8775935
vn -0.4279745 0.08577356 -0.8997116
vn -0.4279745 0.08577356 -0.8997116
vn 0.5995052 -0.009241939 -0.8003177
vn 0.5364377 0.06494489 -0.8414373
vn -0.9749714 -0.1917137 -0.1125968
vn -0.6253992 -0.07409739 0.7767791
vn -0.591611 -0.02511203 0.8058328
vn -0.591611 -0.02511203 0.8058328
vn -0.9856955 0.1408074 -0.092623
vn -0.9749714 -0.1917137 -0.1125968
vn -0.4593261 -0.1372919 -0.8775935
vn -0.9749714 -0.1917137 -0.1125968
vn -0.9856955 0.1408074 -0.092623
vn -0.9856955 0.1408074 -0.092623
vn -0.4279745 0.08577356 -0.8997116
vn -0.4593261 -0.1372919 -0.8775935
vn 0.3641292 0.05021447 0.9299937
vn 0.9885916 0.1069427 0.1060703
vn 0.9740102 0.1221836 0.1907256
vn 0.9740102 0.1221836 0.1907256
vn 0.3423823 0.008153439 0.9395254
vn 0.3641292 0.05021447 0.9299937
vn -0.5802615 -0.1569026 -0.7991736
vn -0.1626746 -0.8294032 -0.534442
vn -0.6204085 -0.7576139 -0.2027703
vn -0.6204085 -0.7576139 -0.2027703
vn -0.9902894 -0.1374979 -0.02056706
vn -0.5802615 -0.1569026 -0.7991736
vn 0.5597683 -0.1924748 0.8059858
vn 0.3123265 -0.942596 0.1181782
vn 0.579787 -0.7949659 -0.1785429
vn 0.579787 -0.7949659 -0.1785429
vn 0.9802418 -0.1972526 0.01479268
vn 0.5597683 -0.1924748 0.8059858
vn 0.4342789 0.00888136 0.9007348
vn 0.9880316 0.1000383 0.1174188
vn 0.9885916 0.1069427 0.1060703
vn 0.9885916 0.1069427 0.1060703
vn 0.3641292 0.05021447 0.9299937
vn 0.4342789 0.00888136 0.9007348
vn -0.4673034 -0.1884272 -0.8637841
vn -0.9542531 -0.2952767 -0.04705238
vn -0.9749714 -0.1917137 -0.1125968
vn -0.9749714 -0.1917137 -0.1125968
vn -0.4593261 -0.1372919 -0.8775935
vn -0.4673034 -0.1884272 -0.8637841
vn -0.9542531 -0.2952767 -0.04705238
vn -0.5965762 -0.1639968 0.785622
vn -0.6253992 -0.07409739 0.7767791
vn -0.6253992 -0.07409739 0.7767791
vn -0.9749714 -0.1917137 -0.1125968
vn -0.9542531 -0.2952767 -0.04705238
vn 0.5381815 0.001715541 -0.8428273
vn -0.4673034 -0.1884272 -0.8637841
vn -0.4593261 -0.1372919 -0.8775935
vn -0.4593261 -0.1372919 -0.8775935
vn 0.5364377 0.06494489 -0.8414373
vn 0.5381815 0.001715541 -0.8428273
vn -0.5965762 -0.1639968 0.785622
vn 0.4342789 0.00888136 0.9007348
vn 0.3641292 0.05021447 0.9299937
vn 0.3641292 0.05021447 0.9299937
vn -0.6253992 -0.07409739 0.7767791
vn -0.5965762 -0.1639968 0.785622
vn 0.9880316 0.1000383 0.1174188
vn 0.5381815 0.001715541 -0.8428273
vn 0.5364377 0.06494489 -0.8414373
vn 0.5364377 0.06494489 -0.8414373
vn 0.9885916 0.1069427 0.1060703
vn 0.9880316 0.1000383 0.1174188
vn 0.4342789 0.00888136 0.9007348
vn 0.5597683 -0.1924748 0.8059858
vn 0.9802418 -0.1972526 0.01479268
vn 0.9802418 -0.1972526 0.01479268
vn 0.9880316 0.1000383 0.1174188
vn 0.4342789 0.00888136 0.9007348
vn -0.6109616 -0.1104553 -0.7839171
vn -0.5802615 -0.1569026 -0.7991736
vn -0.9902894 -0.1374979 -0.02056706
vn -0.9902894 -0.1374979 -0.02056706
vn -0.9940484 -0.1051633 0.02845979
vn -0.6109616 -0.1104553 -0.7839171
vn -0.9940484 -0.1051633 0.02845979
vn -0.9902894 -0.1374979 -0.02056706
vn -0.664046 -0.1167068 0.7385272
vn -0.664046 -0.1167068 0.7385272
vn -0.5516924 -0.1603377 0.8184912
vn -0.9940484 -0.1051633 0.02845979
vn 0.5381815 0.001715541 -0.8428273
vn 0.6597826 -0.1599442 -0.7342379
vn -0.5802615 -0.1569026 -0.7991736
vn -0.5802615 -0.1569026 -0.7991736
vn -0.6109616 -0.1104553 -0.7839171
vn 0.5381815 0.001715541 -0.8428273
vn 0.9880316 0.1000383 0.1174188
vn 0.9802418 -0.1972526 0.01479268
vn 0.6597826 -0.1599442 -0.7342379
vn 0.6597826 -0.1599442 -0.7342379
vn 0.5381815 0.001715541 -0.8428273
vn 0.9880316 0.1000383 0.1174188
vn -0.5516924 -0.1603377 0.8184912
vn -0.664046 -0.1167068 0.7385272
vn 0.5597683 -0.1924748 0.8059858
vn 0.5597683 -0.1924748 0.8059858
vn 0.4342789 0.00888136 0.9007348
vn -0.5516924 -0.1603377 0.8184912
vn -0.5516924 -0.1603377 0.8184912
vn 0.4342789 0.00888136 0.9007348
vn -0.6234001 -0.2547224 0.7392492
vn -0.6794927 -0.7330419 -0.03065836
vn 0.1281116 -0.991743 0.005780309
vn 0.3123265 -0.942596 0.1181782
vn 0.3123265 -0.942596 0.1181782
vn -0.3081476 -0.8313246 0.4625425
vn -0.6794927 -0.7330419 -0.03065836
vn -0.6109616 -0.1104553 -0.7839171
vn -0.6206704 -0.1305482 -0.7731273
vn 0.5381815 0.001715541 -0.8428273
vn -0.9763778 -0.2158892 0.008920789
vn -0.9940484 -0.1051633 0.02845979
vn -0.5516924 -0.1603377 0.8184912
vn -0.5516924 -0.1603377 0.8184912
vn -0.6234001 -0.2547224 0.7392492
vn -0.9763778 -0.2158892 0.008920789
vn -0.6206704 -0.1305482 -0.7731273
vn -0.6109616 -0.1104553 -0.7839171
vn -0.9940484 -0.1051633 0.02845979
vn -0.9940484 -0.1051633 0.02845979
vn -0.9763778 -0.2158892 0.008920789
vn -0.6206704 -0.1305482 -0.7731273
vn 0.4342789 0.00888136 0.9007348
vn -0.5965762 -0.1639968 0.785622
vn -0.6234001 -0.2547224 0.7392492
vn -0.6206704 -0.1305482 -0.7731273
vn -0.4673034 -0.1884272 -0.8637841
vn 0.5381815 0.001715541 -0.8428273
vn -0.9763778 -0.2158892 0.008920789
vn -0.6234001 -0.2547224 0.7392492
vn -0.5965762 -0.1639968 0.785622
vn -0.5965762 -0.1639968 0.785622
vn -0.9542531 -0.2952767 -0.04705238
vn -0.9763778 -0.2158892 0.008920789
vn -0.6206704 -0.1305482 -0.7731273
vn -0.9763778 -0.2158892 0.008920789
vn -0.9542531 -0.2952767 -0.04705238
vn -0.9542531 -0.2952767 -0.04705238
vn -0.4673034 -0.1884272 -0.8637841
vn -0.6206704 -0.1305482 -0.7731273
vn -0.8807787 -0.106312 -0.4614401
vn -0.3595497 -0.1258329 -0.9246028
vn -0.3067456 0.08509696 -0.9459995
vn -0.3067456 0.08509696 -0.9459995
vn -0.8333353 0.2810066 -0.4760126
vn -0.8807787 -0.106312 -0.4614401
vn 0.5414063 0.3606063 -0.7595015
vn -0.5534716 0.2366056 -0.7985533
vn -0.6810118 0.2185494 -0.6988988
vn -0.6810118 0.2185494 -0.6988988
vn 0.6283875 0.2608463 -0.7328634
vn 0.5414063 0.3606063 -0.7595015
vn -0.7239564 -0.6569785 -0.2103989
vn -0.6794927 -0.7330419 -0.03065836
vn -0.3081476 -0.8313246 0.4625425
vn -0.3081476 -0.8313246 0.4625425
vn -0.6204085 -0.7576139 -0.2027703
vn -0.7239564 -0.6569785 -0.2103989
vn -0.681761 0.6829827 -0.2621772
vn -0.8309802 0.06048572 -0.5494135
vn -0.6820464 0.6849948 -0.2447403
vn -0.6820464 0.6849948 -0.2447403
vn -0.6928371 0.5706432 -0.4408441
vn -0.681761 0.6829827 -0.2621772
vn -0.6928371 0.5706432 -0.4408441
vn -0.6820464 0.6849948 -0.2447403
vn -0.03475961 0.9646469 -0.2296721
vn 0.9167162 -0.3855693 -0.1047287
vn 0.9316941 -0.3608038 0.04203755
vn 0.976633 -0.2103497 0.04406518
vn 0.976633 -0.2103497 0.04406518
vn 0.9571599 -0.2529272 -0.1409569
vn 0.9167162 -0.3855693 -0.1047287
vn 0.9984798 -0.02084464 -0.04944539
vn 0.9985889 -0.02812314 0.04505587
vn 0.9818209 0.1845701 0.04429924
vn 0.9818209 0.1845701 0.04429924
vn 0.7687243 0.4884837 -0.4128523
vn 0.9984798 -0.02084464 -0.04944539
vn 0.5726881 -0.3351684 -0.748125
vn 0.9167162 -0.3855693 -0.1047287
vn 0.9571599 -0.2529272 -0.1409569
vn 0.9571599 -0.2529272 -0.1409569
vn 0.5560977 -0.2688661 -0.7833716
vn 0.5726881 -0.3351684 -0.748125
vn 0.9388518 -0.1077831 -0.3219053
vn 0.9984798 -0.02084464 -0.04944539
vn 0.7687243 0.4884837 -0.4128523
vn 0.7687243 0.4884837 -0.4128523
vn 0.806102 0.5575141 -0.1750328
vn 0.9388518 -0.1077831 -0.3219053
vn -0.7162396 0.6971059 -0.03231639
vn -0.681761 0.6829827 -0.2621772
vn -0.6928371 0.5706432 -0.4408441
vn -0.6928371 0.5706432 -0.4408441
vn -0.8426411 0.5371326 -0.03801954
vn -0.7162396 0.6971059 -0.03231639
vn -0.998546 -0.02961022 -0.0450539
vn -0.9715381 0.05009705 -0.2315272
vn -0.89483 -0.07230592 -0.4405125
vn -0.89483 -0.07230592 -0.4405125
vn -0.9940668 -0.09909499 -0.04485178
vn -0.998546 -0.02961022 -0.0450539
vn 0.5414063 0.3606063 -0.7595015
vn 0.9303554 0.3168964 -0.1844348
vn 0.9933227 0.009183943 -0.1150041
vn 0.9933227 0.009183943 -0.1150041
vn 0.5484049 0.05082366 -0.8346671
vn 0.5414063 0.3606063 -0.7595015
vn -0.996702 -0.0675528 -0.04497063
vn -0.8807787 -0.106312 -0.4614401
vn -0.8333353 0.2810066 -0.4760126
vn -0.8333353 0.2810066 -0.4760126
vn -0.9484733 0.3139551 -0.04279464
vn -0.996702 -0.0675528 -0.04497063
vn 0.9303554 0.3168964 -0.1844348
vn 0.9522771 0.3021971 0.04296625
vn 0.9983689 0.03508365 0.04504585
vn 0.9983689 0.03508365 0.04504585
vn 0.9933227 0.009183943 -0.1150041
vn 0.9303554 0.3168964 -0.1844348
vn -0.9715381 0.05009705 -0.2315272
vn -0.5534716 0.2366056 -0.7985533
vn -0.4713796 0.04399687 -0.8808324
vn -0.4713796 0.04399687 -0.8808324
vn -0.89483 -0.07230592 -0.4405125
vn -0.9715381 0.05009705 -0.2315272
vn -0.3595497 -0.1258329 -0.9246028
vn 0.5726881 -0.3351684 -0.748125
vn 0.5560977 -0.2688661 -0.7833716
vn 0.5560977 -0.2688661 -0.7833716
vn -0.3067456 0.08509696 -0.9459995
vn -0.3595497 -0.1258329 -0.9246028
vn -0.5534716 0.2366056 -0.7985533
vn 0.5414063 0.3606063 -0.7595015
vn 0.5484049 0.05082366 -0.8346671
vn 0.5484049 0.05082366 -0.8346671
vn -0.4713796 0.04399687 -0.8808324
vn -0.5534716 0.2366056 -0.7985533
vn -0.4713796 0.04399687 -0.8808324
vn 0.5484049 0.05082366 -0.8346671
vn 0.5726881 -0.3351684 -0.748125
vn 0.5726881 -0.3351684 -0.748125
vn -0.3595497 -0.1258329 -0.9246028
vn -0.4713796 0.04399687 -0.8808324
vn -0.9940668 -0.09909499 -0.04485178
vn -0.89483 -0.07230592 -0.4405125
vn -0.8807787 -0.106312 -0.4614401
vn -0.8807787 -0.106312 -0.4614401
vn -0.996702 -0.0675528 -0.04497063
vn -0.9940668 -0.09909499 -0.04485178
vn 0.5484049 0.05082366 -0.8346671
vn 0.9933227 0.009183943 -0.1150041
vn 0.9167162 -0.3855693 -0.1047287
vn 0.9167162 -0.3855693 -0.1047287
vn 0.5726881 -0.3351684 -0.748125
vn 0.5484049 0.05082366 -0.8346671
vn 0.9933227 0.009183943 -0.1150041
vn 0.9983689 0.03508365 0.04504585
vn 0.9316941 -0.3608038 0.04203755
vn 0.9316941 -0.3608038 0.04203755
vn 0.9167162 -0.3855693 -0.1047287
vn 0.9933227 0.009183943 -0.1150041
vn -0.89483 -0.07230592 -0.4405125
vn -0.4713796 0.04399687 -0.8808324
vn -0.3595497 -0.1258329 -0.9246028
vn -0.3595497 -0.1258329 -0.9246028
vn -0.8807787 -0.106312 -0.4614401
vn -0.89483 -0.07230592 -0.4405125
vn 0.9867361 -0.05053103 -0.1542695
vn 0.9593017 0.08175874 -0.2702889
vn 0.7103093 -0.3582229 0.6059186
vn 0.7103093 -0.3582229 0.6059186
vn 0.7895489 -0.1625049 -0.5917813
vn 0.9867361 -0.05053103 -0.1542695
vn 0.2464442 -0.1949611 0.9493449
vn 0.1489306 -0.1573187 0.9762534
vn 0.001140699 -0.247678 0.9688417
vn 0.001140699 -0.247678 0.9688417
vn 0.7103093 -0.3582229 0.6059186
vn 0.2464442 -0.1949611 0.9493449
vn 0.1489306 -0.1573187 0.9762534
vn 0.08488026 -0.06157814 0.9944866
vn -0.7917982 0.05334443 0.6084489
vn -0.7917982 0.05334443 0.6084489
vn 0.001140699 -0.247678 0.9688417
vn 0.1489306 -0.1573187 0.9762534
vn -0.9602475 0.2658624 0.08510232
vn -0.7729964 0.3671286 -0.5173911
vn -0.7607989 0.335143 -0.555756
vn -0.7607989 0.335143 -0.555756
vn -0.7917982 0.05334443 0.6084489
vn -0.9602475 0.2658624 0.08510232
vn -0.7729964 0.3671286 -0.5173911
vn -0.06570454 0.2660431 -0.9617193
vn 0.01411385 0.1881261 -0.9820435
vn 0.01411385 0.1881261 -0.9820435
vn -0.7607989 0.335143 -0.555756
vn -0.7729964 0.3671286 -0.5173911
vn -0.06570454 0.2660431 -0.9617193
vn 0.08369274 0.3119461 -0.9464065
vn 0.7895489 -0.1625049 -0.5917813
vn 0.7895489 -0.1625049 -0.5917813
vn 0.01411385 0.1881261 -0.9820435
vn -0.06570454 0.2660431 -0.9617193
vn 0.7895489 -0.1625049 -0.5917813
vn 0.7103093 -0.3582229 0.6059186
vn 0.4418777 -0.8796219 0.1760957
vn 0.4418777 -0.8796219 0.1760957
vn 0.4218648 -0.6063784 -0.6740444
vn 0.7895489 -0.1625049 -0.5917813
vn 0.7103093 -0.3582229 0.6059186
vn 0.001140699 -0.247678 0.9688417
vn -0.1251703 -0.6821308 0.7204375
vn -0.1251703 -0.6821308 0.7204375
vn 0.4418777 -0.8796219 0.1760957
vn 0.7103093 -0.3582229 0.6059186
vn -0.7917982 0.05334443 0.6084489
vn -0.7607989 0.335143 -0.555756
vn -0.6711731 -0.4076171 -0.6191736
vn -0.6711731 -0.4076171 -0.6191736
vn -0.801455 -0.5036131 0.3225589
vn -0.7917982 0.05334443 0.6084489
vn -0.7607989 0.335143 -0.555756
vn 0.01411385 0.1881261 -0.9820435
vn -0.09950936 -0.4526897 -0.8860984
vn -0.09950936 -0.4526897 -0.8860984
vn -0.6711731 -0.4076171 -0.6191736
vn -0.7607989 0.335143 -0.555756
vn 0.01411385 0.1881261 -0.9820435
vn 0.7895489 -0.1625049 -0.5917813
vn 0.4218648 -0.6063784 -0.6740444
vn 0.4218648 -0.6063784 -0.6740444
vn -0.09950936 -0.4526897 -0.8860984
vn 0.01411385 0.1881261 -0.9820435
vn 0.5896894 0.03930491 -0.8066726
vn 0.5944915 -0.2591918 -0.7611825
vn 0.8664149 0.07988793 0.4928927
vn 0.8664149 0.07988793 0.4928927
vn 0.9051287 -0.04171538 0.4230862
vn 0.5896894 0.03930491 -0.8066726
vn -0.2281752 -0.01597056 -0.9734888
vn -0.1254846 -0.3430337 -0.9309035
vn 0.5944915 -0.2591918 -0.7611825
vn 0.5944915 -0.2591918 -0.7611825
vn 0.5896894 0.03930491 -0.8066726
vn -0.2281752 -0.01597056 -0.9734888
vn 0.8547459 -0.5184354 0.02518153
vn 0.6356664 -0.6617685 -0.39748
vn 0.09193575 -0.9622507 -0.2561671
vn 0.09193575 -0.9622507 -0.2561671
vn 0.2534986 -0.4624592 0.8496287
vn 0.8547459 -0.5184354 0.02518153
vn 0.2534986 -0.4624592 0.8496287
vn 0.09193575 -0.9622507 -0.2561671
vn -0.7103313 -0.6884364 -0.1465782
vn -0.7103313 -0.6884364 -0.1465782
vn -0.464528 -0.2343558 0.8539851
vn 0.2534986 -0.4624592 0.8496287
vn 0.9051287 -0.04171538 0.4230862
vn 0.8664149 0.07988793 0.4928927
vn 0.1707542 0.1953065 0.9657629
vn 0.1707542 0.1953065 0.9657629
vn 0.4371896 -0.3416833 0.8319358
vn 0.9051287 -0.04171538 0.4230862
vn 0.4371896 -0.3416833 0.8319358
vn 0.1707542 0.1953065 0.9657629
vn -0.5531836 0.1723154 0.8150427
vn -0.5531836 0.1723154 0.8150427
vn -0.1999902 -0.9593858 0.1989546
vn 0.4371896 -0.3416833 0.8319358
vn -0.2281752 -0.01597056 -0.9734888
vn -0.8157729 0.2860964 -0.5026562
vn -0.8274989 -0.04967731 -0.5592654
vn -0.8274989 -0.04967731 -0.5592654
vn -0.2440608 -0.2505138 -0.9368441
vn -0.1254846 -0.3430337 -0.9309035
vn -0.1254846 -0.3430337 -0.9309035
vn -0.2281752 -0.01597056 -0.9734888
vn -0.8274989 -0.04967731 -0.5592654
vn 0.4371896 -0.3416833 0.8319358
vn 0.5655805 -0.3000621 0.7681673
vn 0.9051287 -0.04171538 0.4230862
vn 0.5173845 -0.007107139 0.8557233
vn 0.5655805 -0.3000621 0.7681673
vn 0.4371896 -0.3416833 0.8319358
vn -0.5531836 0.1723154 0.8150427
vn 0.1707542 0.1953065 0.9657629
vn 0.2534986 -0.4624592 0.8496287
vn 0.2534986 -0.4624592 0.8496287
vn -0.464528 -0.2343558 0.8539851
vn -0.5531836 0.1723154 0.8150427
vn -0.931851 0.11778 0.3431926
vn -0.5531836 0.1723154 0.8150427
vn -0.464528 -0.2343558 0.8539851
vn -0.464528 -0.2343558 0.8539851
vn -0.7103313 -0.6884364 -0.1465782
vn -0.931851 0.11778 0.3431926
vn 0.8664149 0.07988793 0.4928927
vn 0.04634 0.426782 0.9031664
vn 0.2534986 -0.4624592 0.8496287
vn 0.2534986 -0.4624592 0.8496287
vn 0.1707542 0.1953065 0.9657629
vn 0.8664149 0.07988793 0.4928927
vn 0.5944915 -0.2591918 -0.7611825
vn 0.6356664 -0.6617685 -0.39748
vn 0.8547459 -0.5184354 0.02518153
vn 0.8547459 -0.5184354 0.02518153
vn 0.8664149 0.07988793 0.4928927
vn 0.5944915 -0.2591918 -0.7611825
vn -0.1254846 -0.3430337 -0.9309035
vn 0.09193575 -0.9622507 -0.2561671
vn 0.6356664 -0.6617685 -0.39748
vn 0.6356664 -0.6617685 -0.39748
vn 0.5944915 -0.2591918 -0.7611825
vn -0.1254846 -0.3430337 -0.9309035
vn -0.8157729 0.2860964 -0.5026562
vn -0.2281752 -0.01597056 -0.9734888
vn -0.1805498 0.08249542 -0.9800997
vn -0.1805498 0.08249542 -0.9800997
vn -0.4744761 0.755423 -0.4518941
vn -0.8157729 0.2860964 -0.5026562
vn -0.4920479 0.5049063 0.7091954
vn -0.8157729 0.2860964 -0.5026562
vn -0.4744761 0.755423 -0.4518941
vn -0.4744761 0.755423 -0.4518941
vn -0.2018937 0.8766575 0.4367043
vn -0.4920479 0.5049063 0.7091954
vn 0.5173845 -0.007107139 0.8557233
vn -0.4920479 0.5049063 0.7091954
vn -0.2018937 0.8766575 0.4367043
vn -0.2018937 0.8766575 0.4367043
vn 0.4234778 0.6267926 0.6540627
vn 0.5173845 -0.007107139 0.8557233
vn 0.5173845 -0.007107139 0.8557233
vn 0.4234778 0.6267926 0.6540627
vn 0.5655805 -0.3000621 0.7681673
vn 0.9051287 -0.04171538 0.4230862
vn 0.5655805 -0.3000621 0.7681673
vn 0.4234778 0.6267926 0.6540627
vn 0.4234778 0.6267926 0.6540627
vn 0.2248304 -0.3805152 0.8970277
vn 0.9051287 -0.04171538 0.4230862
vn 0.6463063 0.7630023 -0.0107761
vn 0.5162458 0.69749 -0.4969885
vn 0.5896894 0.03930491 -0.8066726
vn 0.5896894 0.03930491 -0.8066726
vn 0.9051287 -0.04171538 0.4230862
vn 0.6463063 0.7630023 -0.0107761
vn -0.2281752 -0.01597056 -0.9734888
vn 0.5896894 0.03930491 -0.8066726
vn 0.5162458 0.69749 -0.4969885
vn 0.5162458 0.69749 -0.4969885
vn -0.1805498 0.08249542 -0.9800997
vn -0.2281752 -0.01597056 -0.9734888
vn 0.04530861 -0.8130476 -0.5804323
vn -0.8437808 -0.5337433 -0.05615383
vn -0.2981145 -0.4120391 0.8610176
vn -0.2981145 -0.4120391 0.8610176
vn 0.5991716 -0.7456529 0.2915385
vn 0.04530861 -0.8130476 -0.5804323
vn -0.8437808 -0.5337433 -0.05615383
vn -0.9807756 0.07121849 -0.1816797
vn -0.4688638 0.4167711 0.7787608
vn -0.4688638 0.4167711 0.7787608
vn -0.2981145 -0.4120391 0.8610176
vn -0.8437808 -0.5337433 -0.05615383
vn 0.6267065 -0.3113839 0.7143379
vn 0.5991716 -0.7456529 0.2915385
vn -0.2981145 -0.4120391 0.8610176
vn -0.2981145 -0.4120391 0.8610176
vn -0.4688638 0.4167711 0.7787608
vn 0.6267065 -0.3113839 0.7143379
vn -0.1999902 -0.9593858 0.1989546
vn 0.04530861 -0.8130476 -0.5804323
vn 0.5991716 -0.7456529 0.2915385
vn 0.5991716 -0.7456529 0.2915385
vn 0.6267065 -0.3113839 0.7143379
vn -0.1999902 -0.9593858 0.1989546
vn -0.1254846 -0.3430337 -0.9309035
vn -0.2440608 -0.2505138 -0.9368441
vn -0.7103313 -0.6884364 -0.1465782
vn -0.7103313 -0.6884364 -0.1465782
vn 0.09193575 -0.9622507 -0.2561671
vn -0.1254846 -0.3430337 -0.9309035
vn -0.8157729 0.2860964 -0.5026562
vn -0.4920479 0.5049063 0.7091954
vn -0.4688638 0.4167711 0.7787608
vn -0.4688638 0.4167711 0.7787608
vn -0.9807756 0.07121849 -0.1816797
vn -0.8157729 0.2860964 -0.5026562
vn -0.8274989 -0.04967731 -0.5592654
vn -0.8157729 0.2860964 -0.5026562
vn -0.9807756 0.07121849 -0.1816797
vn -0.9807756 0.07121849 -0.1816797
vn -0.1999902 -0.9593858 0.1989546
vn -0.8274989 -0.04967731 -0.5592654
vn -0.4920479 0.5049063 0.7091954
vn 0.5173845 -0.007107139 0.8557233
vn 0.6267065 -0.3113839 0.7143379
vn 0.6267065 -0.3113839 0.7143379
vn -0.4688638 0.4167711 0.7787608
vn -0.4920479 0.5049063 0.7091954
vn 0.6267065 -0.3113839 0.7143379
vn 0.5173845 -0.007107139 0.8557233
vn 0.4371896 -0.3416833 0.8319358
vn -0.7917982 0.05334443 0.6084489
vn -0.801455 -0.5036131 0.3225589
vn -0.1251703 -0.6821308 0.7204375
vn -0.1251703 -0.6821308 0.7204375
vn 0.001140699 -0.247678 0.9688417
vn -0.7917982 0.05334443 0.6084489
vn -0.9484733 0.3139551 -0.04279464
vn -0.8333353 0.2810066 -0.4760126
vn -0.681761 0.6829827 -0.2621772
vn -0.681761 0.6829827 -0.2621772
vn -0.7162396 0.6971059 -0.03231639
vn -0.9484733 0.3139551 -0.04279464
vn -0.8333353 0.2810066 -0.4760126
vn -0.3067456 0.08509696 -0.9459995
vn -0.8309802 0.06048572 -0.5494135
vn -0.8309802 0.06048572 -0.5494135
vn -0.681761 0.6829827 -0.2621772
vn -0.8333353 0.2810066 -0.4760126
vn -0.6928371 0.5706432 -0.4408441
vn -0.03475961 0.9646469 -0.2296721
vn 0.7687243 0.4884837 -0.4128523
vn -0.9807756 0.07121849 -0.1816797
vn -0.8437808 -0.5337433 -0.05615383
vn 0.04530861 -0.8130476 -0.5804323
vn 0.04530861 -0.8130476 -0.5804323
vn -0.1999902 -0.9593858 0.1989546
vn -0.9807756 0.07121849 -0.1816797
vn -0.1999902 -0.9593858 0.1989546
vn -0.5531836 0.1723154 0.8150427
vn -0.931851 0.11778 0.3431926
vn -0.931851 0.11778 0.3431926
vn -0.8274989 -0.04967731 -0.5592654
vn -0.1999902 -0.9593858 0.1989546
vn -0.1901397 -0.9755302 -0.1104014
vn -0.2158767 -0.973116 -0.08027075
vn -0.237878 -0.9669963 -0.0912841
vn -0.237878 -0.9669963 -0.0912841
vn -0.2010836 -0.9714671 -0.1257677
vn -0.1901397 -0.9755302 -0.1104014
vn -0.1497224 -0.978053 -0.1449004
vn -0.1901397 -0.9755302 -0.1104014
vn -0.2010836 -0.9714671 -0.1257677
vn -0.2010836 -0.9714671 -0.1257677
vn -0.1798789 -0.9711207 -0.1567446
vn -0.1497224 -0.978053 -0.1449004
vn 0.4234778 0.6267926 0.6540627
vn -0.2018937 0.8766575 0.4367043
vn -0.4744761 0.755423 -0.4518941
vn -0.4744761 0.755423 -0.4518941
vn 0.132996 0.9872159 0.08784734
vn 0.4234778 0.6267926 0.6540627
vn 0.6463063 0.7630023 -0.0107761
vn 0.4234778 0.6267926 0.6540627
vn 0.132996 0.9872159 0.08784734
vn 0.132996 0.9872159 0.08784734
vn 0.5162458 0.69749 -0.4969885
vn 0.6463063 0.7630023 -0.0107761
vn 0.5560977 -0.2688661 -0.7833716
vn 0.9571599 -0.2529272 -0.1409569
vn 0.9984798 -0.02084464 -0.04944539
vn 0.9984798 -0.02084464 -0.04944539
vn 0.9388518 -0.1077831 -0.3219053
vn 0.5560977 -0.2688661 -0.7833716
vn 0.9571599 -0.2529272 -0.1409569
vn 0.976633 -0.2103497 0.04406518
vn 0.9985889 -0.02812314 0.04505587
vn 0.9985889 -0.02812314 0.04505587
vn 0.9984798 -0.02084464 -0.04944539
vn 0.9571599 -0.2529272 -0.1409569
vn -0.8309802 0.06048572 -0.5494135
vn -0.3067456 0.08509696 -0.9459995
vn 0.5560977 -0.2688661 -0.7833716
vn 0.5560977 -0.2688661 -0.7833716
vn 0.9388518 -0.1077831 -0.3219053
vn -0.8309802 0.06048572 -0.5494135
vn 0.5207908 -0.01586664 0.8535372
vn -0.06895711 -0.4256381 0.9022624
vn -0.35968 0.216365 0.9076434
vn -0.2521473 0.2670254 -0.9301181
vn -0.9707479 -0.2287786 -0.07287383
vn 0.2688102 -0.642835 -0.7172899
vn 0.2688102 -0.642835 -0.7172899
vn -0.9707479 -0.2287786 -0.07287383
vn 0.1382654 -0.702958 0.6976628
vn -0.3945511 0.1481036 0.9068602
vn -0.9707479 -0.2287786 -0.07287383
vn -0.5882634 0.8064565 0.05979103
vn -0.7133772 0.6995454 0.04159576
vn -0.35968 0.216365 0.9076434
vn -0.3945511 0.1481036 0.9068602
vn -0.3945511 0.1481036 0.9068602
vn -0.5882634 0.8064565 0.05979103
vn -0.7133772 0.6995454 0.04159576
vn -0.06895711 -0.4256381 0.9022624
vn 0.5441998 -0.838596 0.02458256
vn 0.2688102 -0.642835 -0.7172899
vn 0.2688102 -0.642835 -0.7172899
vn 0.1382654 -0.702958 0.6976628
vn -0.06895711 -0.4256381 0.9022624
vn -0.3945511 0.1481036 0.9068602
vn 0.1382654 -0.702958 0.6976628
vn -0.9707479 -0.2287786 -0.07287383
vn -0.1817321 0.3106413 -0.9329928
vn -0.7133772 0.6995454 0.04159576
vn -0.5882634 0.8064565 0.05979103
vn -0.5882634 0.8064565 0.05979103
vn -0.2521473 0.2670254 -0.9301181
vn -0.1817321 0.3106413 -0.9329928
vn -0.5882634 0.8064565 0.05979103
vn -0.9707479 -0.2287786 -0.07287383
vn -0.2521473 0.2670254 -0.9301181
vn 0.4733815 -0.7126439 0.5177349
vn 0.9932293 0.02822739 0.112695
vn 0.5248699 -0.6776037 -0.5151362
vn 0.6709688 -0.02561772 -0.7410432
vn -0.1817321 0.3106413 -0.9329928
vn -0.06743053 -0.08681862 -0.9939395
vn -0.5294735 -0.6664532 -0.5248798
vn -0.5751249 -0.6758102 0.4609908
vn 0.4733815 -0.7126439 0.5177349
vn 0.4733815 -0.7126439 0.5177349
vn 0.5248699 -0.6776037 -0.5151362
vn -0.5294735 -0.6664532 -0.5248798
vn -0.06743053 -0.08681862 -0.9939395
vn -0.1817321 0.3106413 -0.9329928
vn -0.2521473 0.2670254 -0.9301181
vn -0.2521473 0.2670254 -0.9301181
vn 0.2688102 -0.642835 -0.7172899
vn -0.06743053 -0.08681862 -0.9939395
vn 0.1382654 -0.702958 0.6976628
vn -0.3945511 0.1481036 0.9068602
vn -0.35968 0.216365 0.9076434
vn -0.35968 0.216365 0.9076434
vn -0.06895711 -0.4256381 0.9022624
vn 0.1382654 -0.702958 0.6976628
vn 0.9740102 0.1221836 0.1907256
vn 0.5995052 -0.009241939 -0.8003177
vn 0.6709688 -0.02561772 -0.7410432
vn 0.6709688 -0.02561772 -0.7410432
vn 0.9932293 0.02822739 0.112695
vn 0.9740102 0.1221836 0.1907256
vn 0.5995052 -0.009241939 -0.8003177
vn -0.4279745 0.08577356 -0.8997116
vn -0.1817321 0.3106413 -0.9329928
vn -0.1817321 0.3106413 -0.9329928
vn 0.6709688 -0.02561772 -0.7410432
vn 0.5995052 -0.009241939 -0.8003177
vn -0.4279745 0.08577356 -0.8997116
vn -0.9856955 0.1408074 -0.092623
vn -0.7133772 0.6995454 0.04159576
vn -0.7133772 0.6995454 0.04159576
vn -0.1817321 0.3106413 -0.9329928
vn -0.4279745 0.08577356 -0.8997116
vn -0.9856955 0.1408074 -0.092623
vn -0.591611 -0.02511203 0.8058328
vn -0.35968 0.216365 0.9076434
vn -0.35968 0.216365 0.9076434
vn -0.7133772 0.6995454 0.04159576
vn -0.9856955 0.1408074 -0.092623
vn -0.591611 -0.02511203 0.8058328
vn 0.3423823 0.008153439 0.9395254
vn 0.5207908 -0.01586664 0.8535372
vn 0.5207908 -0.01586664 0.8535372
vn -0.35968 0.216365 0.9076434
vn -0.591611 -0.02511203 0.8058328
vn 0.3423823 0.008153439 0.9395254
vn 0.9740102 0.1221836 0.1907256
vn 0.9932293 0.02822739 0.112695
vn 0.9932293 0.02822739 0.112695
vn 0.5207908 -0.01586664 0.8535372
vn 0.3423823 0.008153439 0.9395254
vn -0.6204085 -0.7576139 -0.2027703
vn -0.1626746 -0.8294032 -0.534442
vn 0.06046232 -0.949232 -0.3087136
vn 0.06046232 -0.949232 -0.3087136
vn -0.7239564 -0.6569785 -0.2103989
vn -0.6204085 -0.7576139 -0.2027703
vn -0.1626746 -0.8294032 -0.534442
vn 0.243324 -0.8172032 -0.5224686
vn 0.06800601 -0.9621699 -0.2638284
vn 0.06800601 -0.9621699 -0.2638284
vn 0.06046232 -0.949232 -0.3087136
vn -0.1626746 -0.8294032 -0.534442
vn -0.877104 0.09172565 -0.4714609
vn -0.4673563 -0.06862974 -0.8814014
vn -0.7079005 0.1620827 -0.6874636
vn -0.7079005 0.1620827 -0.6874636
vn -0.7741328 -0.3028693 -0.5558676
vn -0.877104 0.09172565 -0.4714609
vn -0.7556194 -0.2858246 -0.5893594
vn -0.9340682 -0.3546005 -0.04214483
vn -0.8303869 0.04523307 -0.5553489
vn -0.9340682 -0.3546005 -0.04214483
vn -0.9979865 -0.04468191 -0.04502904
vn -0.8303869 0.04523307 -0.5553489
vn -0.8096411 -0.1108273 -0.5763676
vn -0.8303869 0.04523307 -0.5553489
vn -0.9979865 -0.04468191 -0.04502904
vn -0.8282704 -0.1870591 -0.528183
vn -0.7213496 0.1539221 -0.6752505
vn -0.6303279 0.4143751 -0.656491
vn -0.6303279 0.4143751 -0.656491
vn -0.7464526 0.5688799 -0.3452313
vn -0.8282704 -0.1870591 -0.528183
vn -0.4332164 -0.2602037 -0.8629125
vn -0.3159526 -0.5440595 -0.7772859
vn -0.2719561 -0.3894298 -0.8799913
vn -0.2719561 -0.3894298 -0.8799913
vn 0.03554437 -0.4338002 -0.900308
vn -0.4332164 -0.2602037 -0.8629125
vn -0.6738933 -0.7382026 -0.0304057
vn -0.2719561 -0.3894298 -0.8799913
vn -0.3159526 -0.5440595 -0.7772859
vn -0.3159526 -0.5440595 -0.7772859
vn -0.4336373 -0.6399868 -0.6343309
vn -0.6738933 -0.7382026 -0.0304057
vn 0.4312992 -0.4050396 -0.8061788
vn 0.7153333 -0.4781957 -0.5095363
vn 0.0709736 -0.4720054 -0.8787342
vn 0.7153333 -0.4781957 -0.5095363
vn 0.4312992 -0.4050396 -0.8061788
vn 0.9489667 -0.3124567 0.04281688
vn 0.9489667 -0.3124567 0.04281688
vn 0.8516863 -0.5226414 0.03842765
vn 0.7153333 -0.4781957 -0.5095363
vn 0.7153333 -0.4781957 -0.5095363
vn 0.8516863 -0.5226414 0.03842765
vn 0.995058 -0.08856708 0.04489648
vn 0.995058 -0.08856708 0.04489648
vn 0.8398231 -0.06301254 -0.5391909
vn 0.7153333 -0.4781957 -0.5095363
vn 0.8311986 0.5547096 0.03750324
vn 0.8069904 0.5363545 -0.2471647
vn 0.995058 -0.08856708 0.04489648
vn 0.2519069 0.939252 -0.2331285
vn 0.2530767 0.9673789 0.01141873
vn -0.2233347 0.9746899 -0.01007673
vn -0.2233347 0.9746899 -0.01007673
vn -0.212716 0.9547587 -0.2078172
vn 0.2519069 0.939252 -0.2331285
vn -0.4336373 -0.6399868 -0.6343309
vn -0.6241125 -0.780827 -0.02815962
vn -0.6738933 -0.7382026 -0.0304057
vn -0.7464526 0.5688799 -0.3452313
vn -0.7986948 0.6006566 -0.03603667
vn -0.8282704 -0.1870591 -0.528183
vn -0.8282704 -0.1870591 -0.528183
vn -0.7986948 0.6006566 -0.03603667
vn -0.9461677 -0.09991193 -0.3078725
vn -0.9970585 -0.06206149 -0.04498714
vn -0.9461677 -0.09991193 -0.3078725
vn -0.7986948 0.6006566 -0.03603667
vn -0.8096411 -0.1108273 -0.5763676
vn -0.4336373 -0.6399868 -0.6343309
vn -0.3159526 -0.5440595 -0.7772859
vn -0.9146246 0.4021931 -0.0412674
vn -0.6864253 0.2049528 -0.6977212
vn -0.8432404 -0.2274895 -0.4870263
vn -0.8432404 -0.2274895 -0.4870263
vn -0.9882384 -0.1462781 -0.0445888
vn -0.9146246 0.4021931 -0.0412674
vn -0.9778675 -0.2045209 -0.04412091
vn -0.6948472 0.01802975 -0.7189316
vn -0.6864253 0.2049528 -0.6977212
vn -0.6864253 0.2049528 -0.6977212
vn -0.9146246 0.4021931 -0.0412674
vn -0.9778675 -0.2045209 -0.04412091
vn -0.9340682 -0.3546005 -0.04214483
vn -0.7556194 -0.2858246 -0.5893594
vn -0.6948472 0.01802975 -0.7189316
vn -0.6948472 0.01802975 -0.7189316
vn -0.9778675 -0.2045209 -0.04412091
vn -0.9340682 -0.3546005 -0.04214483
vn -0.6948472 0.01802975 -0.7189316
vn -0.7556194 -0.2858246 -0.5893594
vn -0.7604915 0.1279664 -0.6366143
vn -0.7604915 0.1279664 -0.6366143
vn -0.6864253 0.2049528 -0.6977212
vn -0.6948472 0.01802975 -0.7189316
vn -0.7741328 -0.3028693 -0.5558676
vn -0.7079005 0.1620827 -0.6874636
vn -0.7213496 0.1539221 -0.6752505
vn -0.7213496 0.1539221 -0.6752505
vn -0.8282704 -0.1870591 -0.528183
vn -0.7741328 -0.3028693 -0.5558676
vn -0.9882384 -0.1462781 -0.0445888
vn -0.8432404 -0.2274895 -0.4870263
vn -0.9461677 -0.09991193 -0.3078725
vn -0.9461677 -0.09991193 -0.3078725
vn -0.9970585 -0.06206149 -0.04498714
vn -0.9882384 -0.1462781 -0.0445888
vn 0.9489667 -0.3124567 0.04281688
vn 0.4312992 -0.4050396 -0.8061788
vn 0.7687243 0.4884837 -0.4128523
vn 0.7687243 0.4884837 -0.4128523
vn 0.9818209 0.1845701 0.04429924
vn 0.9489667 -0.3124567 0.04281688
vn -0.6928371 0.5706432 -0.4408441
vn 0.7687243 0.4884837 -0.4128523
vn 0.4312992 -0.4050396 -0.8061788
vn 0.4312992 -0.4050396 -0.8061788
vn -0.2719561 -0.3894298 -0.8799913
vn -0.6928371 0.5706432 -0.4408441
vn -0.8426411 0.5371326 -0.03801954
vn -0.6928371 0.5706432 -0.4408441
vn -0.2719561 -0.3894298 -0.8799913
vn -0.2719561 -0.3894298 -0.8799913
vn -0.6738933 -0.7382026 -0.0304057
vn -0.8426411 0.5371326 -0.03801954
vn -0.4673563 -0.06862974 -0.8814014
vn -0.877104 0.09172565 -0.4714609
vn -0.8303869 0.04523307 -0.5553489
vn -0.8303869 0.04523307 -0.5553489
vn -0.4332164 -0.2602037 -0.8629125
vn -0.4673563 -0.06862974 -0.8814014
vn -0.877104 0.09172565 -0.4714609
vn -0.7604915 0.1279664 -0.6366143
vn -0.7556194 -0.2858246 -0.5893594
vn -0.7556194 -0.2858246 -0.5893594
vn -0.8303869 0.04523307 -0.5553489
vn -0.877104 0.09172565 -0.4714609
vn -0.4332164 -0.2602037 -0.8629125
vn 0.03554437 -0.4338002 -0.900308
vn -0.4673563 -0.06862974 -0.8814014
vn -0.8096411 -0.1108273 -0.5763676
vn -0.9979865 -0.04468191 -0.04502904
vn -0.6241125 -0.780827 -0.02815962
vn -0.6241125 -0.780827 -0.02815962
vn -0.4336373 -0.6399868 -0.6343309
vn -0.8096411 -0.1108273 -0.5763676
vn 0.6852567 0.3981535 -0.609834
vn 0.2711812 0.750443 -0.6027407
vn 0.08699951 0.430349 -0.8984604
vn 0.08699951 0.430349 -0.8984604
vn 0.4497511 0.1685318 -0.8771096
vn 0.6852567 0.3981535 -0.609834
vn -0.7464526 0.5688799 -0.3452313
vn -0.6303279 0.4143751 -0.656491
vn -0.16481 0.7758187 -0.6090513
vn -0.16481 0.7758187 -0.6090513
vn -0.212716 0.9547587 -0.2078172
vn -0.7464526 0.5688799 -0.3452313
vn 0.2711812 0.750443 -0.6027407
vn 0.2519069 0.939252 -0.2331285
vn -0.212716 0.9547587 -0.2078172
vn -0.212716 0.9547587 -0.2078172
vn -0.16481 0.7758187 -0.6090513
vn 0.2711812 0.750443 -0.6027407
vn -0.7986948 0.6006566 -0.03603667
vn -0.7464526 0.5688799 -0.3452313
vn -0.212716 0.9547587 -0.2078172
vn -0.212716 0.9547587 -0.2078172
vn -0.2233347 0.9746899 -0.01007673
vn -0.7986948 0.6006566 -0.03603667
vn 0.6852567 0.3981535 -0.609834
vn 0.8069904 0.5363545 -0.2471647
vn 0.2519069 0.939252 -0.2331285
vn 0.2519069 0.939252 -0.2331285
vn 0.2711812 0.750443 -0.6027407
vn 0.6852567 0.3981535 -0.609834
vn 0.8069904 0.5363545 -0.2471647
vn 0.8311986 0.5547096 0.03750324
vn 0.2530767 0.9673789 0.01141873
vn 0.2530767 0.9673789 0.01141873
vn 0.2519069 0.939252 -0.2331285
vn 0.8069904 0.5363545 -0.2471647
vn -0.299479 0.3483439 -0.8882394
vn 0.08699951 0.430349 -0.8984604
vn 0.2711812 0.750443 -0.6027407
vn 0.2711812 0.750443 -0.6027407
vn -0.16481 0.7758187 -0.6090513
vn -0.299479 0.3483439 -0.8882394
vn -0.8303869 0.04523307 -0.5553489
vn -0.8096411 -0.1108273 -0.5763676
vn -0.4332164 -0.2602037 -0.8629125
vn -0.4332164 -0.2602037 -0.8629125
vn -0.8096411 -0.1108273 -0.5763676
vn -0.3159526 -0.5440595 -0.7772859
vn -0.6864253 0.2049528 -0.6977212
vn -0.7604915 0.1279664 -0.6366143
vn -0.8432404 -0.2274895 -0.4870263
vn -0.9461677 -0.09991193 -0.3078725
vn -0.8432404 -0.2274895 -0.4870263
vn -0.7741328 -0.3028693 -0.5558676
vn -0.7741328 -0.3028693 -0.5558676
vn -0.8282704 -0.1870591 -0.528183
vn -0.9461677 -0.09991193 -0.3078725
vn -0.7604915 0.1279664 -0.6366143
vn -0.877104 0.09172565 -0.4714609
vn -0.7741328 -0.3028693 -0.5558676
vn -0.7741328 -0.3028693 -0.5558676
vn -0.8432404 -0.2274895 -0.4870263
vn -0.7604915 0.1279664 -0.6366143
vn 0.7687243 0.4884837 -0.4128523
vn -0.03475961 0.9646469 -0.2296721
vn 0.806102 0.5575141 -0.1750328
vn 0.995058 -0.08856708 0.04489648
vn 0.8069904 0.5363545 -0.2471647
vn 0.8398231 -0.06301254 -0.5391909
vn 0.8398231 -0.06301254 -0.5391909
vn 0.8069904 0.5363545 -0.2471647
vn 0.6852567 0.3981535 -0.609834
vn 0.08727847 -0.2944202 -0.9516824
vn -0.1453789 -0.2126446 -0.9662544
vn -0.7793156 -0.02578282 -0.6261012
vn 0.08727847 -0.2944202 -0.9516824
vn 0.03554437 -0.4338002 -0.900308
vn -0.1453789 -0.2126446 -0.9662544
vn -0.1635082 0.07614978 0.9835989
vn -0.2058417 -0.1373427 0.9688996
vn -0.1881621 -0.04284526 0.9812032
vn -0.1453789 -0.2126446 -0.9662544
vn -0.2940545 0.1162297 -0.9486954
vn -0.7079005 0.1620827 -0.6874636
vn -0.7079005 0.1620827 -0.6874636
vn -0.7793156 -0.02578282 -0.6261012
vn -0.1453789 -0.2126446 -0.9662544
vn 0.1674726 -0.02036981 -0.9856665
vn -0.1453789 -0.2126446 -0.9662544
vn 0.03554437 -0.4338002 -0.900308
vn -0.2304783 -0.2884231 0.9293504
vn -0.1881621 -0.04284526 0.9812032
vn -0.2058417 -0.1373427 0.9688996
vn 0.03554437 -0.4338002 -0.900308
vn -0.7079005 0.1620827 -0.6874636
vn -0.4673563 -0.06862974 -0.8814014
vn 0.1674726 -0.02036981 -0.9856665
vn 0.08699951 0.430349 -0.8984604
vn -0.299479 0.3483439 -0.8882394
vn -0.299479 0.3483439 -0.8882394
vn -0.2940545 0.1162297 -0.9486954
vn 0.1674726 -0.02036981 -0.9856665
vn -0.299479 0.3483439 -0.8882394
vn -0.16481 0.7758187 -0.6090513
vn -0.6303279 0.4143751 -0.656491
vn -0.7213496 0.1539221 -0.6752505
vn -0.299479 0.3483439 -0.8882394
vn -0.6303279 0.4143751 -0.656491
vn 0.1674726 -0.02036981 -0.9856665
vn -0.2940545 0.1162297 -0.9486954
vn -0.1453789 -0.2126446 -0.9662544
vn -0.7079005 0.1620827 -0.6874636
vn -0.2940545 0.1162297 -0.9486954
vn -0.7213496 0.1539221 -0.6752505
vn -0.2940545 0.1162297 -0.9486954
vn -0.299479 0.3483439 -0.8882394
vn -0.7213496 0.1539221 -0.6752505
vn 0.3635019 -0.07208934 -0.9288003
vn 0.0709736 -0.4720054 -0.8787342
vn 0.7153333 -0.4781957 -0.5095363
vn 0.7153333 -0.4781957 -0.5095363
vn 0.8398231 -0.06301254 -0.5391909
vn 0.3635019 -0.07208934 -0.9288003
vn 0.1674726 -0.02036981 -0.9856665
vn 0.03554437 -0.4338002 -0.900308
vn 0.0709736 -0.4720054 -0.8787342
vn 0.0709736 -0.4720054 -0.8787342
vn 0.3635019 -0.07208934 -0.9288003
vn 0.1674726 -0.02036981 -0.9856665
vn 0.03554437 -0.4338002 -0.900308
vn -0.2719561 -0.3894298 -0.8799913
vn 0.4312992 -0.4050396 -0.8061788
vn 0.4312992 -0.4050396 -0.8061788
vn 0.0709736 -0.4720054 -0.8787342
vn 0.03554437 -0.4338002 -0.900308
vn 0.3635019 -0.07208934 -0.9288003
vn 0.8398231 -0.06301254 -0.5391909
vn 0.6852567 0.3981535 -0.609834
vn 0.6852567 0.3981535 -0.609834
vn 0.4497511 0.1685318 -0.8771096
vn 0.3635019 -0.07208934 -0.9288003
vn 0.1674726 -0.02036981 -0.9856665
vn 0.3635019 -0.07208934 -0.9288003
vn 0.4497511 0.1685318 -0.8771096
vn 0.4497511 0.1685318 -0.8771096
vn 0.08699951 0.430349 -0.8984604
vn 0.1674726 -0.02036981 -0.9856665
vn 0.5184274 -0.1826027 -0.835398
vn -0.2335495 -0.9722878 -0.01053767
vn 0.9756694 -0.214783 0.04402173
vn -0.3634412 -0.2492 -0.8976694
vn -0.2335495 -0.9722878 -0.01053767
vn 0.5184274 -0.1826027 -0.835398
vn 0.1995605 0.6415969 -0.7406275
vn -0.5121961 -0.2008795 -0.8350467
vn -0.4241386 -0.03174958 -0.9050408
vn -0.4241386 -0.03174958 -0.9050408
vn 0.3025758 0.4919396 -0.81636
vn 0.1995605 0.6415969 -0.7406275
vn 0.3981426 0.9171476 0.01796398
vn 0.1995605 0.6415969 -0.7406275
vn 0.3025758 0.4919396 -0.81636
vn 0.3025758 0.4919396 -0.81636
vn 0.6255076 0.7797075 0.02822256
vn 0.3981426 0.9171476 0.01796398
vn -0.5121961 -0.2008795 -0.8350467
vn -0.8630038 -0.503695 -0.03893828
vn -0.9617808 -0.2703606 -0.04339504
vn -0.9617808 -0.2703606 -0.04339504
vn -0.4241386 -0.03174958 -0.9050408
vn -0.5121961 -0.2008795 -0.8350467
vn -0.9867094 -0.156278 -0.04451978
vn -0.477866 -0.05962795 -0.8764069
vn -0.4241386 -0.03174958 -0.9050408
vn -0.4241386 -0.03174958 -0.9050408
vn -0.9617808 -0.2703606 -0.04339504
vn -0.9867094 -0.156278 -0.04451978
vn 0.9078345 0.4173235 0.04096103
vn 0.466681 0.2411385 -0.8509179
vn 0.5184274 -0.1826027 -0.835398
vn 0.5184274 -0.1826027 -0.835398
vn 0.9756694 -0.214783 0.04402173
vn 0.9078345 0.4173235 0.04096103
vn 0.466681 0.2411385 -0.8509179
vn -0.477866 -0.05962795 -0.8764069
vn -0.3634412 -0.2492 -0.8976694
vn -0.3634412 -0.2492 -0.8976694
vn 0.5184274 -0.1826027 -0.835398
vn 0.466681 0.2411385 -0.8509179
vn -0.9576609 -0.2846382 -0.0432092
vn -0.2335495 -0.9722878 -0.01053767
vn -0.3634412 -0.2492 -0.8976694
vn 0.3025758 0.4919396 -0.81636
vn -0.4241386 -0.03174958 -0.9050408
vn -0.477866 -0.05962795 -0.8764069
vn -0.477866 -0.05962795 -0.8764069
vn 0.466681 0.2411385 -0.8509179
vn 0.3025758 0.4919396 -0.81636
vn 0.6255076 0.7797075 0.02822256
vn 0.3025758 0.4919396 -0.81636
vn 0.466681 0.2411385 -0.8509179
vn 0.466681 0.2411385 -0.8509179
vn 0.9078345 0.4173235 0.04096103
vn 0.6255076 0.7797075 0.02822256
vn -0.9576609 -0.2846382 -0.0432092
vn -0.3634412 -0.2492 -0.8976694
vn -0.477866 -0.05962795 -0.8764069
vn -0.477866 -0.05962795 -0.8764069
vn -0.9867094 -0.156278 -0.04451978
vn -0.9576609 -0.2846382 -0.0432092
vn 0.4733815 -0.7126439 0.5177349
vn -0.5751249 -0.6758102 0.4609908
vn -0.06895711 -0.4256381 0.9022624
vn -0.06895711 -0.4256381 0.9022624
vn 0.5207908 -0.01586664 0.8535372
vn 0.4733815 -0.7126439 0.5177349
vn 0.9303554 0.3168964 -0.1844348
vn 0.5414063 0.3606063 -0.7595015
vn 0.6283875 0.2608463 -0.7328634
vn 0.6283875 0.2608463 -0.7328634
vn 0.9731243 0.1759038 -0.1486223
vn 0.9303554 0.3168964 -0.1844348
vn -0.7239564 -0.6569785 -0.2103989
vn -0.9715381 0.05009705 -0.2315272
vn -0.6794927 -0.7330419 -0.03065836
vn 0.9522771 0.3021971 0.04296625
vn 0.9303554 0.3168964 -0.1844348
vn 0.9731243 0.1759038 -0.1486223
vn 0.9731243 0.1759038 -0.1486223
vn 0.9851232 0.1660054 0.04444826
vn 0.9522771 0.3021971 0.04296625
vn -0.7239564 -0.6569785 -0.2103989
vn -0.6810118 0.2185494 -0.6988988
vn -0.5534716 0.2366056 -0.7985533
vn -0.5534716 0.2366056 -0.7985533
vn -0.9715381 0.05009705 -0.2315272
vn -0.7239564 -0.6569785 -0.2103989
vn 0.243324 -0.8172032 -0.5224686
vn 0.579787 -0.7949659 -0.1785429
vn 0.1088096 -0.983953 -0.1414151
vn 0.1088096 -0.983953 -0.1414151
vn 0.06800601 -0.9621699 -0.2638284
vn 0.243324 -0.8172032 -0.5224686
vn 0.1281116 -0.991743 0.005780309
vn 0.1088096 -0.983953 -0.1414151
vn 0.579787 -0.7949659 -0.1785429
vn 0.579787 -0.7949659 -0.1785429
vn 0.3123265 -0.942596 0.1181782
vn 0.1281116 -0.991743 0.005780309
vn -0.998546 -0.02961022 -0.0450539
vn -0.6794927 -0.7330419 -0.03065836
vn -0.9715381 0.05009705 -0.2315272
vn -0.06743053 -0.08681862 -0.9939395
vn -0.06895711 -0.4256381 0.9022624
vn -0.5751249 -0.6758102 0.4609908
vn -0.5751249 -0.6758102 0.4609908
vn -0.5294735 -0.6664532 -0.5248798
vn -0.06743053 -0.08681862 -0.9939395
vn -0.06743053 -0.08681862 -0.9939395
vn -0.5294735 -0.6664532 -0.5248798
vn 0.5248699 -0.6776037 -0.5151362
vn 0.5248699 -0.6776037 -0.5151362
vn 0.6709688 -0.02561772 -0.7410432
vn -0.06743053 -0.08681862 -0.9939395
vn 0.5207908 -0.01586664 0.8535372
vn 0.9932293 0.02822739 0.112695
vn 0.4733815 -0.7126439 0.5177349
vn 0.5248699 -0.6776037 -0.5151362
vn 0.9932293 0.02822739 0.112695
vn 0.6709688 -0.02561772 -0.7410432
vn 0.7360025 -0.3975086 -0.5479852
vn 0.5794533 -0.4007311 -0.7096826
vn 0.7082219 -0.08090723 -0.7013388
vn 0.6267065 -0.3113839 0.7143379
vn 0.4371896 -0.3416833 0.8319358
vn -0.1999902 -0.9593858 0.1989546
vn 0.05799379 0.2182906 -0.974114
vn 0.04673691 0.7126992 -0.6860541
vn -0.6824563 0.5749128 -0.4441377
vn -0.6824563 0.5749128 -0.4441377
vn -0.7292996 0.2170831 -0.6477957
vn 0.05799379 0.2182906 -0.974114
vn 0.806102 0.5575141 -0.1750328
vn 0.7189606 0.5424448 -0.4187076
vn 0.9388518 -0.1077831 -0.3219053
vn -0.8309802 0.06048572 -0.5494135
vn -0.8511868 -0.2033314 0.4812266
vn -0.7292996 0.2170831 -0.6477957
vn -0.7292996 0.2170831 -0.6477957
vn -0.6824563 0.5749128 -0.4441377
vn -0.8309802 0.06048572 -0.5494135
vn 0.806102 0.5575141 -0.1750328
vn -0.03475961 0.9646469 -0.2296721
vn 0.04673691 0.7126992 -0.6860541
vn 0.04673691 0.7126992 -0.6860541
vn 0.7189606 0.5424448 -0.4187076
vn 0.806102 0.5575141 -0.1750328
vn -0.03475961 0.9646469 -0.2296721
vn -0.6820464 0.6849948 -0.2447403
vn -0.6824563 0.5749128 -0.4441377
vn -0.6824563 0.5749128 -0.4441377
vn 0.04673691 0.7126992 -0.6860541
vn -0.03475961 0.9646469 -0.2296721
vn 0.8438306 -0.09697425 -0.5277747
vn 0.7963762 -0.3245592 0.5103396
vn 0.8544965 -0.2652983 0.4464664
vn 0.8544965 -0.2652983 0.4464664
vn 0.8956812 -0.05360138 -0.4414312
vn 0.8438306 -0.09697425 -0.5277747
vn 0.7963762 -0.3245592 0.5103396
vn -0.1075129 -0.2562783 0.9606053
vn 0.02585275 -0.1926192 0.9807947
vn 0.02585275 -0.1926192 0.9807947
vn 0.8544965 -0.2652983 0.4464664
vn 0.7963762 -0.3245592 0.5103396
vn -0.1075129 -0.2562783 0.9606053
vn -0.8202681 0.05265135 0.5695511
vn -0.8383899 0.06932849 0.5406441
vn -0.8383899 0.06932849 0.5406441
vn 0.02585275 -0.1926192 0.9807947
vn -0.1075129 -0.2562783 0.9606053
vn -0.8202681 0.05265135 0.5695511
vn -0.8527844 0.3109499 -0.4196059
vn -0.8059733 0.3381239 -0.4858802
vn -0.8059733 0.3381239 -0.4858802
vn -0.8383899 0.06932849 0.5406441
vn -0.8202681 0.05265135 0.5695511
vn -0.8527844 0.3109499 -0.4196059
vn 0.02900719 0.1883171 -0.9816799
vn 0.008948378 0.324808 -0.9457378
vn 0.008948378 0.324808 -0.9457378
vn -0.8059733 0.3381239 -0.4858802
vn -0.8527844 0.3109499 -0.4196059
vn 0.02900719 0.1883171 -0.9816799
vn 0.8438306 -0.09697425 -0.5277747
vn 0.8956812 -0.05360138 -0.4414312
vn 0.8956812 -0.05360138 -0.4414312
vn 0.008948378 0.324808 -0.9457378
vn 0.02900719 0.1883171 -0.9816799
vn 0.8956812 -0.05360138 -0.4414312
vn 0.8544965 -0.2652983 0.4464664
vn 0.6404061 -0.3271922 0.694231
vn 0.6404061 -0.3271922 0.694231
vn 0.7582141 0.1395473 -0.6365332
vn 0.8956812 -0.05360138 -0.4414312
vn 0.8544965 -0.2652983 0.4464664
vn 0.02585275 -0.1926192 0.9807947
vn -0.1532651 -0.2392087 0.9580759
vn -0.1532651 -0.2392087 0.9580759
vn 0.6404061 -0.3271922 0.694231
vn 0.8544965 -0.2652983 0.4464664
vn 0.02585275 -0.1926192 0.9807947
vn -0.8383899 0.06932849 0.5406441
vn -0.8423288 0.07688093 0.5332766
vn -0.8423288 0.07688093 0.5332766
vn -0.1532651 -0.2392087 0.9580759
vn 0.02585275 -0.1926192 0.9807947
vn -0.8383899 0.06932849 0.5406441
vn -0.8059733 0.3381239 -0.4858802
vn -0.8333076 0.3890306 -0.3925955
vn -0.8333076 0.3890306 -0.3925955
vn -0.8423288 0.07688093 0.5332766
vn -0.8383899 0.06932849 0.5406441
vn -0.8059733 0.3381239 -0.4858802
vn 0.008948378 0.324808 -0.9457378
vn -0.1248448 0.4272737 -0.8947349
vn -0.1248448 0.4272737 -0.8947349
vn -0.8333076 0.3890306 -0.3925955
vn -0.8059733 0.3381239 -0.4858802
vn 0.008948378 0.324808 -0.9457378
vn 0.8956812 -0.05360138 -0.4414312
vn 0.7582141 0.1395473 -0.6365332
vn 0.7582141 0.1395473 -0.6365332
vn -0.1248448 0.4272737 -0.8947349
vn 0.008948378 0.324808 -0.9457378
vn -0.1532651 -0.2392087 0.9580759
vn 0.6893077 -0.3830126 0.6140316
vn 0.6404061 -0.3271922 0.694231
vn -0.1532651 -0.2392087 0.9580759
vn -0.8423288 0.07688093 0.5332766
vn -0.8511868 -0.2033314 0.4812266
vn -0.8511868 -0.2033314 0.4812266
vn -0.08000824 -0.3880479 0.9169797
vn -0.1532651 -0.2392087 0.9580759
vn -0.8423288 0.07688093 0.5332766
vn -0.8333076 0.3890306 -0.3925955
vn -0.7292996 0.2170831 -0.6477957
vn -0.7292996 0.2170831 -0.6477957
vn -0.8511868 -0.2033314 0.4812266
vn -0.8423288 0.07688093 0.5332766
vn -0.8333076 0.3890306 -0.3925955
vn -0.1248448 0.4272737 -0.8947349
vn 0.05799379 0.2182906 -0.974114
vn 0.05799379 0.2182906 -0.974114
vn -0.7292996 0.2170831 -0.6477957
vn -0.8333076 0.3890306 -0.3925955
vn -0.1248448 0.4272737 -0.8947349
vn 0.7557993 0.02309853 -0.6539177
vn 0.8076364 0.001961112 -0.5892173
vn 0.8076364 0.001961112 -0.5892173
vn 0.05799379 0.2182906 -0.974114
vn -0.1248448 0.4272737 -0.8947349
vn -0.08000824 -0.3880479 0.9169797
vn -0.04149943 -0.5859287 0.7986736
vn 0.04941793 -0.4513903 0.8875054
vn -0.8511868 -0.2033314 0.4812266
vn -0.8309802 0.06048572 -0.5494135
vn -0.08000824 -0.3880479 0.9169797
vn 0.7582141 0.1395473 -0.6365332
vn 0.6404061 -0.3271922 0.694231
vn 0.6893077 -0.3830126 0.6140316
vn 0.6893077 -0.3830126 0.6140316
vn 0.7557993 0.02309853 -0.6539177
vn 0.7582141 0.1395473 -0.6365332
vn 0.8076364 0.001961112 -0.5892173
vn 0.7189606 0.5424448 -0.4187076
vn 0.04673691 0.7126992 -0.6860541
vn 0.04673691 0.7126992 -0.6860541
vn 0.05799379 0.2182906 -0.974114
vn 0.8076364 0.001961112 -0.5892173
vn -0.8309802 0.06048572 -0.5494135
vn -0.6824563 0.5749128 -0.4441377
vn -0.6820464 0.6849948 -0.2447403
vn -0.08000824 -0.3880479 0.9169797
vn -0.8309802 0.06048572 -0.5494135
vn -0.04149943 -0.5859287 0.7986736
vn 0.9810967 -0.1031296 -0.1621517
vn 0.9388518 -0.1077831 -0.3219053
vn 0.7189606 0.5424448 -0.4187076
vn 0.7189606 0.5424448 -0.4187076
vn 0.8076364 0.001961112 -0.5892173
vn 0.9810967 -0.1031296 -0.1621517
vn -0.09950936 -0.4526897 -0.8860984
vn 0.4218648 -0.6063784 -0.6740444
vn 0.6903905 -0.4124919 -0.5943162
vn 0.6903905 -0.4124919 -0.5943162
vn -0.05886944 -0.2605047 -0.9636763
vn -0.09950936 -0.4526897 -0.8860984
vn -0.6711731 -0.4076171 -0.6191736
vn -0.09950936 -0.4526897 -0.8860984
vn -0.05886944 -0.2605047 -0.9636763
vn -0.05886944 -0.2605047 -0.9636763
vn -0.8848873 -0.08532047 -0.4579253
vn -0.6711731 -0.4076171 -0.6191736
vn -0.801455 -0.5036131 0.3225589
vn -0.6711731 -0.4076171 -0.6191736
vn -0.8848873 -0.08532047 -0.4579253
vn -0.8848873 -0.08532047 -0.4579253
vn -0.8381459 -0.3559471 0.4132963
vn -0.801455 -0.5036131 0.3225589
vn -0.1251703 -0.6821308 0.7204375
vn -0.801455 -0.5036131 0.3225589
vn -0.8381459 -0.3559471 0.4132963
vn -0.8381459 -0.3559471 0.4132963
vn -0.1715127 -0.5659968 0.8063692
vn -0.1251703 -0.6821308 0.7204375
vn 0.4418777 -0.8796219 0.1760957
vn -0.1251703 -0.6821308 0.7204375
vn -0.1715127 -0.5659968 0.8063692
vn -0.1715127 -0.5659968 0.8063692
vn 0.5859092 -0.7136525 0.383941
vn 0.4418777 -0.8796219 0.1760957
vn 0.4218648 -0.6063784 -0.6740444
vn 0.4418777 -0.8796219 0.1760957
vn 0.5859092 -0.7136525 0.383941
vn 0.5859092 -0.7136525 0.383941
vn 0.6903905 -0.4124919 -0.5943162
vn 0.4218648 -0.6063784 -0.6740444
vn -0.05886944 -0.2605047 -0.9636763
vn 0.6903905 -0.4124919 -0.5943162
vn 0.8438306 -0.09697425 -0.5277747
vn 0.8438306 -0.09697425 -0.5277747
vn 0.02900719 0.1883171 -0.9816799
vn -0.05886944 -0.2605047 -0.9636763
vn -0.8848873 -0.08532047 -0.4579253
vn -0.05886944 -0.2605047 -0.9636763
vn 0.02900719 0.1883171 -0.9816799
vn 0.02900719 0.1883171 -0.9816799
vn -0.8527844 0.3109499 -0.4196059
vn -0.8848873 -0.08532047 -0.4579253
vn -0.8381459 -0.3559471 0.4132963
vn -0.8848873 -0.08532047 -0.4579253
vn -0.8527844 0.3109499 -0.4196059
vn -0.8527844 0.3109499 -0.4196059
vn -0.8202681 0.05265135 0.5695511
vn -0.8381459 -0.3559471 0.4132963
vn -0.1715127 -0.5659968 0.8063692
vn -0.8381459 -0.3559471 0.4132963
vn -0.8202681 0.05265135 0.5695511
vn -0.8202681 0.05265135 0.5695511
vn -0.1075129 -0.2562783 0.9606053
vn -0.1715127 -0.5659968 0.8063692
vn 0.5859092 -0.7136525 0.383941
vn -0.1715127 -0.5659968 0.8063692
vn -0.1075129 -0.2562783 0.9606053
vn -0.1075129 -0.2562783 0.9606053
vn 0.7963762 -0.3245592 0.5103396
vn 0.5859092 -0.7136525 0.383941
vn 0.6903905 -0.4124919 -0.5943162
vn 0.5859092 -0.7136525 0.383941
vn 0.7963762 -0.3245592 0.5103396
vn 0.7963762 -0.3245592 0.5103396
vn 0.8438306 -0.09697425 -0.5277747
vn 0.6903905 -0.4124919 -0.5943162
vn -0.1532651 -0.2392087 0.9580759
vn -0.08000824 -0.3880479 0.9169797
vn 0.04941793 -0.4513903 0.8875054
vn 0.04941793 -0.4513903 0.8875054
vn 0.6893077 -0.3830126 0.6140316
vn -0.1532651 -0.2392087 0.9580759
vn 0.6893077 -0.3830126 0.6140316
vn 0.9810967 -0.1031296 -0.1621517
vn 0.8076364 0.001961112 -0.5892173
vn 0.8076364 0.001961112 -0.5892173
vn 0.7557993 0.02309853 -0.6539177
vn 0.6893077 -0.3830126 0.6140316
vn -0.1248448 0.4272737 -0.8947349
vn 0.7582141 0.1395473 -0.6365332
vn 0.7557993 0.02309853 -0.6539177
vn -0.07332153 0.2377657 0.9683645
vn -0.7930797 0.3111098 0.5234573
vn -0.7019098 0.6178653 0.3525945
vn -0.7019098 0.6178653 0.3525945
vn -0.006346235 0.7196174 0.6821716
vn -0.07332153 0.2377657 0.9683645
vn 0.6829439 0.5072459 0.5025452
vn 0.7936905 0.5335261 0.260653
vn 0.8865739 -0.1389861 0.4265054
vn -0.8830596 0.1025121 0.4552298
vn -0.7019098 0.6178653 0.3525945
vn -0.7930797 0.3111098 0.5234573
vn -0.7930797 0.3111098 0.5234573
vn -0.782031 -0.126617 -0.605268
vn -0.8830596 0.1025121 0.4552298
vn 0.7936905 0.5335261 0.260653
vn 0.6829439 0.5072459 0.5025452
vn -0.006346235 0.7196174 0.6821716
vn -0.006346235 0.7196174 0.6821716
vn -0.03119319 0.9658794 0.2256079
vn 0.7936905 0.5335261 0.260653
vn -0.03119319 0.9658794 0.2256079
vn -0.006346235 0.7196174 0.6821716
vn -0.7019098 0.6178653 0.3525945
vn -0.7019098 0.6178653 0.3525945
vn -0.6805512 0.7115068 0.1663483
vn -0.03119319 0.9658794 0.2256079
vn 0.6641485 -0.2151933 0.7159605
vn 0.7431256 -0.1785133 0.6445587
vn 0.8929679 -0.383266 -0.2351886
vn 0.8929679 -0.383266 -0.2351886
vn 0.846027 -0.434452 -0.309015
vn 0.6641485 -0.2151933 0.7159605
vn 0.846027 -0.434452 -0.309015
vn 0.8929679 -0.383266 -0.2351886
vn 0.238655 -0.1963547 -0.9504904
vn 0.238655 -0.1963547 -0.9504904
vn 0.1010498 -0.2391022 -0.9657225
vn 0.846027 -0.434452 -0.309015
vn 0.1010498 -0.2391022 -0.9657225
vn 0.238655 -0.1963547 -0.9504904
vn -0.659524 0.187047 -0.72804
vn -0.659524 0.187047 -0.72804
vn -0.6372403 0.1679514 -0.7521424
vn 0.1010498 -0.2391022 -0.9657225
vn -0.6372403 0.1679514 -0.7521424
vn -0.659524 0.187047 -0.72804
vn -0.8472704 0.4492232 0.2834291
vn -0.8472704 0.4492232 0.2834291
vn -0.8793684 0.4289111 0.2067537
vn -0.6372403 0.1679514 -0.7521424
vn -0.8793684 0.4289111 0.2067537
vn -0.8472704 0.4492232 0.2834291
vn -0.1824229 0.3208947 0.9293811
vn -0.1824229 0.3208947 0.9293811
vn -0.1908977 0.1829627 0.9644083
vn -0.8793684 0.4289111 0.2067537
vn -0.1908977 0.1829627 0.9644083
vn -0.1824229 0.3208947 0.9293811
vn 0.7431256 -0.1785133 0.6445587
vn 0.7431256 -0.1785133 0.6445587
vn 0.6641485 -0.2151933 0.7159605
vn -0.1908977 0.1829627 0.9644083
vn 0.7431256 -0.1785133 0.6445587
vn 0.6079488 0.04292881 0.7900244
vn 0.7277716 -0.4159005 -0.5432367
vn 0.7277716 -0.4159005 -0.5432367
vn 0.8929679 -0.383266 -0.2351886
vn 0.7431256 -0.1785133 0.6445587
vn 0.8929679 -0.383266 -0.2351886
vn 0.7277716 -0.4159005 -0.5432367
vn 0.01439915 -0.2327733 -0.9693539
vn 0.01439915 -0.2327733 -0.9693539
vn 0.238655 -0.1963547 -0.9504904
vn 0.8929679 -0.383266 -0.2351886
vn 0.238655 -0.1963547 -0.9504904
vn 0.01439915 -0.2327733 -0.9693539
vn -0.6798868 0.1859638 -0.7073175
vn -0.6798868 0.1859638 -0.7073175
vn -0.659524 0.187047 -0.72804
vn 0.238655 -0.1963547 -0.9504904
vn -0.659524 0.187047 -0.72804
vn -0.6798868 0.1859638 -0.7073175
vn -0.8426822 0.5025642 0.192485
vn -0.8426822 0.5025642 0.192485
vn -0.8472704 0.4492232 0.2834291
vn -0.659524 0.187047 -0.72804
vn -0.8472704 0.4492232 0.2834291
vn -0.8426822 0.5025642 0.192485
vn -0.2611953 0.449007 0.8520552
vn -0.2611953 0.449007 0.8520552
vn -0.1824229 0.3208947 0.9293811
vn -0.8472704 0.4492232 0.2834291
vn -0.1824229 0.3208947 0.9293811
vn -0.2611953 0.449007 0.8520552
vn 0.6079488 0.04292881 0.7900244
vn 0.6079488 0.04292881 0.7900244
vn 0.7431256 -0.1785133 0.6445587
vn -0.1824229 0.3208947 0.9293811
vn 0.7406104 -0.4753643 -0.4729974
vn 0.01439915 -0.2327733 -0.9693539
vn 0.7277716 -0.4159005 -0.5432367
vn 0.01439915 -0.2327733 -0.9693539
vn 0.02211828 -0.4025215 -0.9140618
vn -0.782031 -0.126617 -0.605268
vn -0.782031 -0.126617 -0.605268
vn -0.6798868 0.1859638 -0.7073175
vn 0.01439915 -0.2327733 -0.9693539
vn -0.6798868 0.1859638 -0.7073175
vn -0.782031 -0.126617 -0.605268
vn -0.7930797 0.3111098 0.5234573
vn -0.7930797 0.3111098 0.5234573
vn -0.8426822 0.5025642 0.192485
vn -0.6798868 0.1859638 -0.7073175
vn -0.8426822 0.5025642 0.192485
vn -0.7930797 0.3111098 0.5234573
vn -0.07332153 0.2377657 0.9683645
vn -0.07332153 0.2377657 0.9683645
vn -0.2611953 0.449007 0.8520552
vn -0.8426822 0.5025642 0.192485
vn -0.2611953 0.449007 0.8520552
vn -0.07332153 0.2377657 0.9683645
vn 0.6993186 -0.07115936 0.7103953
vn 0.6993186 -0.07115936 0.7103953
vn 0.6097712 -0.05940402 0.7871345
vn -0.2611953 0.449007 0.8520552
vn 0.03446891 -0.5925914 -0.7956027
vn 0.02211828 -0.4025215 -0.9140618
vn 0.1388319 -0.4775473 -0.8647757
vn -0.8830596 0.1025121 0.4552298
vn -0.782031 -0.126617 -0.605268
vn 0.02211828 -0.4025215 -0.9140618
vn 0.6079488 0.04292881 0.7900244
vn 0.6097712 -0.05940402 0.7871345
vn 0.7406104 -0.4753643 -0.4729974
vn 0.7406104 -0.4753643 -0.4729974
vn 0.7277716 -0.4159005 -0.5432367
vn 0.6079488 0.04292881 0.7900244
vn 0.6993186 -0.07115936 0.7103953
vn -0.07332153 0.2377657 0.9683645
vn -0.006346235 0.7196174 0.6821716
vn -0.006346235 0.7196174 0.6821716
vn 0.6829439 0.5072459 0.5025452
vn 0.6993186 -0.07115936 0.7103953
vn -0.7019098 0.6178653 0.3525945
vn -0.8830596 0.1025121 0.4552298
vn -0.6805512 0.7115068 0.1663483
vn -0.8830596 0.1025121 0.4552298
vn 0.02211828 -0.4025215 -0.9140618
vn 0.03446891 -0.5925914 -0.7956027
vn 0.9269831 -0.198823 0.312344
vn 0.6993186 -0.07115936 0.7103953
vn 0.6829439 0.5072459 0.5025452
vn 0.6829439 0.5072459 0.5025452
vn 0.8865739 -0.1389861 0.4265054
vn 0.9269831 -0.198823 0.312344
vn -0.3783464 -0.4334343 0.8179176
vn -0.3323128 -0.2488938 0.9097365
vn 0.4571279 -0.5057453 0.7316122
vn 0.4571279 -0.5057453 0.7316122
vn 0.1532011 -0.6595796 0.7358564
vn -0.3783464 -0.4334343 0.8179176
vn -0.853693 -0.3080042 0.4199317
vn -0.9741279 0.04121161 0.2222106
vn -0.3323128 -0.2488938 0.9097365
vn -0.3323128 -0.2488938 0.9097365
vn -0.3783464 -0.4334343 0.8179176
vn -0.853693 -0.3080042 0.4199317
vn -0.7571552 -0.3852025 -0.5275759
vn -0.7494383 -0.2338884 -0.6193865
vn -0.9741279 0.04121161 0.2222106
vn -0.9741279 0.04121161 0.2222106
vn -0.853693 -0.3080042 0.4199317
vn -0.7571552 -0.3852025 -0.5275759
vn -0.03421343 -0.6579971 -0.752243
vn -0.04127819 -0.5365263 -0.8428738
vn -0.7494383 -0.2338884 -0.6193865
vn -0.7494383 -0.2338884 -0.6193865
vn -0.7571552 -0.3852025 -0.5275759
vn -0.03421343 -0.6579971 -0.752243
vn 0.3466548 -0.9334694 -0.09200907
vn 0.5593162 -0.7897184 -0.2520131
vn -0.04127819 -0.5365263 -0.8428738
vn -0.04127819 -0.5365263 -0.8428738
vn -0.03421343 -0.6579971 -0.752243
vn 0.3466548 -0.9334694 -0.09200907
vn 0.1532011 -0.6595796 0.7358564
vn 0.4571279 -0.5057453 0.7316122
vn 0.5593162 -0.7897184 -0.2520131
vn 0.5593162 -0.7897184 -0.2520131
vn 0.3466548 -0.9334694 -0.09200907
vn 0.1532011 -0.6595796 0.7358564
vn -0.3323128 -0.2488938 0.9097365
vn -0.1908977 0.1829627 0.9644083
vn 0.6641485 -0.2151933 0.7159605
vn 0.6641485 -0.2151933 0.7159605
vn 0.4571279 -0.5057453 0.7316122
vn -0.3323128 -0.2488938 0.9097365
vn -0.9741279 0.04121161 0.2222106
vn -0.8793684 0.4289111 0.2067537
vn -0.1908977 0.1829627 0.9644083
vn -0.1908977 0.1829627 0.9644083
vn -0.3323128 -0.2488938 0.9097365
vn -0.9741279 0.04121161 0.2222106
vn -0.7494383 -0.2338884 -0.6193865
vn -0.6372403 0.1679514 -0.7521424
vn -0.8793684 0.4289111 0.2067537
vn -0.8793684 0.4289111 0.2067537
vn -0.9741279 0.04121161 0.2222106
vn -0.7494383 -0.2338884 -0.6193865
vn -0.04127819 -0.5365263 -0.8428738
vn 0.1010498 -0.2391022 -0.9657225
vn -0.6372403 0.1679514 -0.7521424
vn -0.6372403 0.1679514 -0.7521424
vn -0.7494383 -0.2338884 -0.6193865
vn -0.04127819 -0.5365263 -0.8428738
vn 0.5593162 -0.7897184 -0.2520131
vn 0.846027 -0.434452 -0.309015
vn 0.1010498 -0.2391022 -0.9657225
vn 0.1010498 -0.2391022 -0.9657225
vn -0.04127819 -0.5365263 -0.8428738
vn 0.5593162 -0.7897184 -0.2520131
vn 0.4571279 -0.5057453 0.7316122
vn 0.6641485 -0.2151933 0.7159605
vn 0.846027 -0.434452 -0.309015
vn 0.846027 -0.434452 -0.309015
vn 0.5593162 -0.7897184 -0.2520131
vn 0.4571279 -0.5057453 0.7316122
vn 0.01439915 -0.2327733 -0.9693539
vn 0.7406104 -0.4753643 -0.4729974
vn 0.1388319 -0.4775473 -0.8647757
vn 0.1388319 -0.4775473 -0.8647757
vn 0.02211828 -0.4025215 -0.9140618
vn 0.01439915 -0.2327733 -0.9693539
vn 0.7406104 -0.4753643 -0.4729974
vn 0.6097712 -0.05940402 0.7871345
vn 0.6993186 -0.07115936 0.7103953
vn 0.6993186 -0.07115936 0.7103953
vn 0.9269831 -0.198823 0.312344
vn 0.7406104 -0.4753643 -0.4729974
vn 0.6079488 0.04292881 0.7900244
vn -0.2611953 0.449007 0.8520552
vn 0.6097712 -0.05940402 0.7871345
g character_secretary
usemtl body
f 3/3/3 2/2/2 1/1/1
f 6/6/6 5/5/5 4/4/4
f 9/9/9 8/8/8 7/7/7
f 12/12/12 11/11/11 10/10/10
f 15/15/15 14/14/14 13/13/13
f 18/18/18 17/17/17 16/16/16
f 21/21/21 20/20/20 19/19/19
f 24/24/24 23/23/23 22/22/22
f 27/27/27 26/26/26 25/25/25
f 30/30/30 29/29/29 28/28/28
f 33/33/33 32/32/32 31/31/31
f 36/36/36 35/35/35 34/34/34
f 39/39/39 38/38/38 37/37/37
f 42/42/42 41/41/41 40/40/40
f 45/45/45 44/44/44 43/43/43
f 48/48/48 47/47/47 46/46/46
f 51/51/51 50/50/50 49/49/49
f 54/54/54 53/53/53 52/52/52
f 57/57/57 56/56/56 55/55/55
f 60/60/60 59/59/59 58/58/58
f 63/63/63 62/62/62 61/61/61
f 66/66/66 65/65/65 64/64/64
f 69/69/69 68/68/68 67/67/67
f 72/72/72 71/71/71 70/70/70
f 75/75/75 74/74/74 73/73/73
f 78/78/78 77/77/77 76/76/76
f 81/81/81 80/80/80 79/79/79
f 84/84/84 83/83/83 82/82/82
f 87/87/87 86/86/86 85/85/85
f 90/90/90 89/89/89 88/88/88
f 93/93/93 92/92/92 91/91/91
f 96/96/96 95/95/95 94/94/94
f 99/99/99 98/98/98 97/97/97
f 102/102/102 101/101/101 100/100/100
f 105/105/105 104/104/104 103/103/103
f 108/108/108 107/107/107 106/106/106
f 111/111/111 110/110/110 109/109/109
f 114/114/114 113/113/113 112/112/112
f 117/117/117 116/116/116 115/115/115
f 120/120/120 119/119/119 118/118/118
f 123/123/123 122/122/122 121/121/121
f 126/126/126 125/125/125 124/124/124
f 129/129/129 128/128/128 127/127/127
f 132/132/132 131/131/131 130/130/130
f 135/135/135 134/134/134 133/133/133
f 138/138/138 137/137/137 136/136/136
f 141/141/141 140/140/140 139/139/139
f 144/144/144 143/143/143 142/142/142
f 147/147/147 146/146/146 145/145/145
f 150/150/150 149/149/149 148/148/148
f 153/153/153 152/152/152 151/151/151
f 156/156/156 155/155/155 154/154/154
f 159/159/159 158/158/158 157/157/157
f 162/162/162 161/161/161 160/160/160
f 165/165/165 164/164/164 163/163/163
f 168/168/168 167/167/167 166/166/166
f 171/171/171 170/170/170 169/169/169
f 174/174/174 173/173/173 172/172/172
f 177/177/177 176/176/176 175/175/175
f 180/180/180 179/179/179 178/178/178
f 183/183/183 182/182/182 181/181/181
f 186/186/186 185/185/185 184/184/184
f 189/189/189 188/188/188 187/187/187
f 192/192/192 191/191/191 190/190/190
f 195/195/195 194/194/194 193/193/193
f 198/198/198 197/197/197 196/196/196
f 201/201/201 200/200/200 199/199/199
f 204/204/204 203/203/203 202/202/202
f 207/207/207 206/206/206 205/205/205
f 210/210/210 209/209/209 208/208/208
f 213/213/213 212/212/212 211/211/211
f 216/216/216 215/215/215 214/214/214
f 219/219/219 218/218/218 217/217/217
f 222/222/222 221/221/221 220/220/220
f 225/225/225 224/224/224 223/223/223
f 228/228/228 227/227/227 226/226/226
f 231/231/231 230/230/230 229/229/229
f 234/234/234 233/233/233 232/232/232
f 237/237/237 236/236/236 235/235/235
f 240/240/240 239/239/239 238/238/238
f 243/243/243 242/242/242 241/241/241
f 246/246/246 245/245/245 244/244/244
f 249/249/249 248/248/248 247/247/247
f 252/252/252 251/251/251 250/250/250
f 255/255/255 254/254/254 253/253/253
f 258/258/258 257/257/257 256/256/256
f 261/261/261 260/260/260 259/259/259
f 264/264/264 263/263/263 262/262/262
f 267/267/267 266/266/266 265/265/265
f 270/270/270 269/269/269 268/268/268
f 273/273/273 272/272/272 271/271/271
f 276/276/276 275/275/275 274/274/274
f 279/279/279 278/278/278 277/277/277
f 282/282/282 281/281/281 280/280/280
f 285/285/285 284/284/284 283/283/283
f 288/288/288 287/287/287 286/286/286
f 291/291/291 290/290/290 289/289/289
f 294/294/294 293/293/293 292/292/292
f 297/297/297 296/296/296 295/295/295
f 300/300/300 299/299/299 298/298/298
f 303/303/303 302/302/302 301/301/301
f 306/306/306 305/305/305 304/304/304
f 309/309/309 308/308/308 307/307/307
f 312/312/312 311/311/311 310/310/310
f 315/315/315 314/314/314 313/313/313
f 318/318/318 317/317/317 316/316/316
f 321/321/321 320/320/320 319/319/319
f 324/324/324 323/323/323 322/322/322
f 327/327/327 326/326/326 325/325/325
f 330/330/330 329/329/329 328/328/328
f 333/333/333 332/332/332 331/331/331
f 336/336/336 335/335/335 334/334/334
f 339/339/339 338/338/338 337/337/337
f 342/342/342 341/341/341 340/340/340
f 345/345/345 344/344/344 343/343/343
f 348/348/348 347/347/347 346/346/346
f 351/351/351 350/350/350 349/349/349
f 354/354/354 353/353/353 352/352/352
f 357/357/357 356/356/356 355/355/355
f 360/360/360 359/359/359 358/358/358
f 363/363/363 362/362/362 361/361/361
f 366/366/366 365/365/365 364/364/364
f 369/369/369 368/368/368 367/367/367
f 372/372/372 371/371/371 370/370/370
f 375/375/375 374/374/374 373/373/373
f 378/378/378 377/377/377 376/376/376
f 381/381/381 380/380/380 379/379/379
f 384/384/384 383/383/383 382/382/382
f 387/387/387 386/386/386 385/385/385
f 390/390/390 389/389/389 388/388/388
f 393/393/393 392/392/392 391/391/391
f 396/396/396 395/395/395 394/394/394
f 399/399/399 398/398/398 397/397/397
f 402/402/402 401/401/401 400/400/400
f 405/405/405 404/404/404 403/403/403
f 408/408/408 407/407/407 406/406/406
f 411/411/411 410/410/410 409/409/409
f 414/414/414 413/413/413 412/412/412
f 417/417/417 416/416/416 415/415/415
f 420/420/420 419/419/419 418/418/418
f 423/423/423 422/422/422 421/421/421
f 426/426/426 425/425/425 424/424/424
f 429/429/429 428/428/428 427/427/427
f 432/432/432 431/431/431 430/430/430
f 435/435/435 434/434/434 433/433/433
f 438/438/438 437/437/437 436/436/436
f 441/441/441 440/440/440 439/439/439
f 444/444/444 443/443/443 442/442/442
f 447/447/447 446/446/446 445/445/445
f 450/450/450 449/449/449 448/448/448
f 453/453/453 452/452/452 451/451/451
f 456/456/456 455/455/455 454/454/454
f 459/459/459 458/458/458 457/457/457
f 462/462/462 461/461/461 460/460/460
f 465/465/465 464/464/464 463/463/463
f 468/468/468 467/467/467 466/466/466
f 471/471/471 470/470/470 469/469/469
f 474/474/474 473/473/473 472/472/472
f 477/477/477 476/476/476 475/475/475
f 480/480/480 479/479/479 478/478/478
f 483/483/483 482/482/482 481/481/481
f 486/486/486 485/485/485 484/484/484
f 489/489/489 488/488/488 487/487/487
f 492/492/492 491/491/491 490/490/490
f 495/495/495 494/494/494 493/493/493
f 498/498/498 497/497/497 496/496/496
f 501/501/501 500/500/500 499/499/499
f 504/504/504 503/503/503 502/502/502
f 507/507/507 506/506/506 505/505/505
f 510/510/510 509/509/509 508/508/508
f 513/513/513 512/512/512 511/511/511
f 516/516/516 515/515/515 514/514/514
f 519/519/519 518/518/518 517/517/517
f 522/522/522 521/521/521 520/520/520
f 525/525/525 524/524/524 523/523/523
f 528/528/528 527/527/527 526/526/526
f 531/531/531 530/530/530 529/529/529
f 534/534/534 533/533/533 532/532/532
f 537/537/537 536/536/536 535/535/535
f 540/540/540 539/539/539 538/538/538
f 543/543/543 542/542/542 541/541/541
f 546/546/546 545/545/545 544/544/544
f 549/549/549 548/548/548 547/547/547
f 552/552/552 551/551/551 550/550/550
f 555/555/555 554/554/554 553/553/553
f 558/558/558 557/557/557 556/556/556
f 561/561/561 560/560/560 559/559/559
f 564/564/564 563/563/563 562/562/562
f 567/567/567 566/566/566 565/565/565
f 570/570/570 569/569/569 568/568/568
f 573/573/573 572/572/572 571/571/571
f 576/576/576 575/575/575 574/574/574
f 579/579/579 578/578/578 577/577/577
f 582/582/582 581/581/581 580/580/580
f 585/585/585 584/584/584 583/583/583
f 588/588/588 587/587/587 586/586/586
f 591/591/591 590/590/590 589/589/589
f 594/594/594 593/593/593 592/592/592
f 597/597/597 596/596/596 595/595/595
f 600/600/600 599/599/599 598/598/598
f 603/603/603 602/602/602 601/601/601
f 606/606/606 605/605/605 604/604/604
f 609/609/609 608/608/608 607/607/607
f 612/612/612 611/611/611 610/610/610
f 615/615/615 614/614/614 613/613/613
f 618/618/618 617/617/617 616/616/616
f 621/621/621 620/620/620 619/619/619
f 624/624/624 623/623/623 622/622/622
f 627/627/627 626/626/626 625/625/625
f 630/630/630 629/629/629 628/628/628
f 633/633/633 632/632/632 631/631/631
f 636/636/636 635/635/635 634/634/634
f 639/639/639 638/638/638 637/637/637
f 642/642/642 641/641/641 640/640/640
f 645/645/645 644/644/644 643/643/643
f 648/648/648 647/647/647 646/646/646
f 651/651/651 650/650/650 649/649/649
f 654/654/654 653/653/653 652/652/652
f 657/657/657 656/656/656 655/655/655
f 660/660/660 659/659/659 658/658/658
f 663/663/663 662/662/662 661/661/661
f 666/666/666 665/665/665 664/664/664
f 669/669/669 668/668/668 667/667/667
f 672/672/672 671/671/671 670/670/670
f 675/675/675 674/674/674 673/673/673
f 678/678/678 677/677/677 676/676/676
f 681/681/681 680/680/680 679/679/679
f 684/684/684 683/683/683 682/682/682
f 687/687/687 686/686/686 685/685/685
f 690/690/690 689/689/689 688/688/688
f 693/693/693 692/692/692 691/691/691
f 696/696/696 695/695/695 694/694/694
f 699/699/699 698/698/698 697/697/697
f 702/702/702 701/701/701 700/700/700
f 705/705/705 704/704/704 703/703/703
f 708/708/708 707/707/707 706/706/706
f 711/711/711 710/710/710 709/709/709
f 714/714/714 713/713/713 712/712/712
f 717/717/717 716/716/716 715/715/715
f 720/720/720 719/719/719 718/718/718
f 723/723/723 722/722/722 721/721/721
f 726/726/726 725/725/725 724/724/724
f 729/729/729 728/728/728 727/727/727
f 732/732/732 731/731/731 730/730/730
f 735/735/735 734/734/734 733/733/733
f 738/738/738 737/737/737 736/736/736
f 741/741/741 740/740/740 739/739/739
f 744/744/744 743/743/743 742/742/742
f 747/747/747 746/746/746 745/745/745
f 750/750/750 749/749/749 748/748/748
f 753/753/753 752/752/752 751/751/751
f 756/756/756 755/755/755 754/754/754
f 759/759/759 758/758/758 757/757/757
f 762/762/762 761/761/761 760/760/760
f 765/765/765 764/764/764 763/763/763
f 768/768/768 767/767/767 766/766/766
f 771/771/771 770/770/770 769/769/769
f 774/774/774 773/773/773 772/772/772
f 777/777/777 776/776/776 775/775/775
f 780/780/780 779/779/779 778/778/778
f 783/783/783 782/782/782 781/781/781
f 786/786/786 785/785/785 784/784/784
f 789/789/789 788/788/788 787/787/787
f 792/792/792 791/791/791 790/790/790
f 795/795/795 794/794/794 793/793/793
f 798/798/798 797/797/797 796/796/796
f 801/801/801 800/800/800 799/799/799
f 804/804/804 803/803/803 802/802/802
f 807/807/807 806/806/806 805/805/805
f 810/810/810 809/809/809 808/808/808
f 813/813/813 812/812/812 811/811/811
f 816/816/816 815/815/815 814/814/814
f 819/819/819 818/818/818 817/817/817
f 822/822/822 821/821/821 820/820/820
f 825/825/825 824/824/824 823/823/823
f 828/828/828 827/827/827 826/826/826
f 831/831/831 830/830/830 829/829/829
f 834/834/834 833/833/833 832/832/832
f 837/837/837 836/836/836 835/835/835
f 840/840/840 839/839/839 838/838/838
f 843/843/843 842/842/842 841/841/841
f 846/846/846 845/845/845 844/844/844
f 849/849/849 848/848/848 847/847/847
f 852/852/852 851/851/851 850/850/850
f 855/855/855 854/854/854 853/853/853
f 858/858/858 857/857/857 856/856/856
f 861/861/861 860/860/860 859/859/859
f 864/864/864 863/863/863 862/862/862
f 867/867/867 866/866/866 865/865/865
f 870/870/870 869/869/869 868/868/868
f 873/873/873 872/872/872 871/871/871
f 876/876/876 875/875/875 874/874/874
f 879/879/879 878/878/878 877/877/877
f 882/882/882 881/881/881 880/880/880
f 885/885/885 884/884/884 883/883/883
f 888/888/888 887/887/887 886/886/886
f 891/891/891 890/890/890 889/889/889
f 894/894/894 893/893/893 892/892/892
f 897/897/897 896/896/896 895/895/895
f 900/900/900 899/899/899 898/898/898
f 903/903/903 902/902/902 901/901/901
f 906/906/906 905/905/905 904/904/904
f 909/909/909 908/908/908 907/907/907
f 912/912/912 911/911/911 910/910/910
f 915/915/915 914/914/914 913/913/913
f 918/918/918 917/917/917 916/916/916
f 921/921/921 920/920/920 919/919/919
f 924/924/924 923/923/923 922/922/922
f 927/927/927 926/926/926 925/925/925
f 930/930/930 929/929/929 928/928/928
f 933/933/933 932/932/932 931/931/931
f 936/936/936 935/935/935 934/934/934
f 939/939/939 938/938/938 937/937/937
f 942/942/942 941/941/941 940/940/940
f 945/945/945 944/944/944 943/943/943
f 948/948/948 947/947/947 946/946/946
f 951/951/951 950/950/950 949/949/949
f 954/954/954 953/953/953 952/952/952
f 957/957/957 956/956/956 955/955/955
f 960/960/960 959/959/959 958/958/958
f 963/963/963 962/962/962 961/961/961
f 966/966/966 965/965/965 964/964/964
f 969/969/969 968/968/968 967/967/967
f 972/972/972 971/971/971 970/970/970
f 975/975/975 974/974/974 973/973/973
f 978/978/978 977/977/977 976/976/976
f 981/981/981 980/980/980 979/979/979
f 984/984/984 983/983/983 982/982/982
f 987/987/987 986/986/986 985/985/985
f 990/990/990 989/989/989 988/988/988
f 993/993/993 992/992/992 991/991/991
f 996/996/996 995/995/995 994/994/994
f 999/999/999 998/998/998 997/997/997
f 1002/1002/1002 1001/1001/1001 1000/1000/1000
f 1005/1005/1005 1004/1004/1004 1003/1003/1003
f 1008/1008/1008 1007/1007/1007 1006/1006/1006
f 1011/1011/1011 1010/1010/1010 1009/1009/1009
f 1014/1014/1014 1013/1013/1013 1012/1012/1012
f 1017/1017/1017 1016/1016/1016 1015/1015/1015
f 1020/1020/1020 1019/1019/1019 1018/1018/1018
f 1023/1023/1023 1022/1022/1022 1021/1021/1021
f 1026/1026/1026 1025/1025/1025 1024/1024/1024
f 1029/1029/1029 1028/1028/1028 1027/1027/1027
f 1032/1032/1032 1031/1031/1031 1030/1030/1030
f 1035/1035/1035 1034/1034/1034 1033/1033/1033
f 1038/1038/1038 1037/1037/1037 1036/1036/1036
f 1041/1041/1041 1040/1040/1040 1039/1039/1039
f 1044/1044/1044 1043/1043/1043 1042/1042/1042
f 1047/1047/1047 1046/1046/1046 1045/1045/1045
f 1050/1050/1050 1049/1049/1049 1048/1048/1048
f 1053/1053/1053 1052/1052/1052 1051/1051/1051
f 1056/1056/1056 1055/1055/1055 1054/1054/1054
f 1059/1059/1059 1058/1058/1058 1057/1057/1057
f 1062/1062/1062 1061/1061/1061 1060/1060/1060
f 1065/1065/1065 1064/1064/1064 1063/1063/1063
f 1068/1068/1068 1067/1067/1067 1066/1066/1066
f 1071/1071/1071 1070/1070/1070 1069/1069/1069
f 1074/1074/1074 1073/1073/1073 1072/1072/1072
f 1077/1077/1077 1076/1076/1076 1075/1075/1075
f 1080/1080/1080 1079/1079/1079 1078/1078/1078
f 1083/1083/1083 1082/1082/1082 1081/1081/1081
f 1086/1086/1086 1085/1085/1085 1084/1084/1084
f 1089/1089/1089 1088/1088/1088 1087/1087/1087
f 1092/1092/1092 1091/1091/1091 1090/1090/1090
f 1095/1095/1095 1094/1094/1094 1093/1093/1093
f 1098/1098/1098 1097/1097/1097 1096/1096/1096
f 1101/1101/1101 1100/1100/1100 1099/1099/1099
f 1104/1104/1104 1103/1103/1103 1102/1102/1102
f 1107/1107/1107 1106/1106/1106 1105/1105/1105
f 1110/1110/1110 1109/1109/1109 1108/1108/1108
f 1113/1113/1113 1112/1112/1112 1111/1111/1111
f 1116/1116/1116 1115/1115/1115 1114/1114/1114
f 1119/1119/1119 1118/1118/1118 1117/1117/1117
f 1122/1122/1122 1121/1121/1121 1120/1120/1120
f 1125/1125/1125 1124/1124/1124 1123/1123/1123
f 1128/1128/1128 1127/1127/1127 1126/1126/1126
f 1131/1131/1131 1130/1130/1130 1129/1129/1129
f 1134/1134/1134 1133/1133/1133 1132/1132/1132
f 1137/1137/1137 1136/1136/1136 1135/1135/1135
f 1140/1140/1140 1139/1139/1139 1138/1138/1138
f 1143/1143/1143 1142/1142/1142 1141/1141/1141
f 1146/1146/1146 1145/1145/1145 1144/1144/1144
f 1149/1149/1149 1148/1148/1148 1147/1147/1147
f 1152/1152/1152 1151/1151/1151 1150/1150/1150
f 1155/1155/1155 1154/1154/1154 1153/1153/1153
f 1158/1158/1158 1157/1157/1157 1156/1156/1156
f 1161/1161/1161 1160/1160/1160 1159/1159/1159
f 1164/1164/1164 1163/1163/1163 1162/1162/1162
f 1167/1167/1167 1166/1166/1166 1165/1165/1165
f 1170/1170/1170 1169/1169/1169 1168/1168/1168
f 1173/1173/1173 1172/1172/1172 1171/1171/1171
f 1176/1176/1176 1175/1175/1175 1174/1174/1174
f 1179/1179/1179 1178/1178/1178 1177/1177/1177
f 1182/1182/1182 1181/1181/1181 1180/1180/1180
f 1185/1185/1185 1184/1184/1184 1183/1183/1183
f 1188/1188/1188 1187/1187/1187 1186/1186/1186
f 1191/1191/1191 1190/1190/1190 1189/1189/1189
f 1194/1194/1194 1193/1193/1193 1192/1192/1192
f 1197/1197/1197 1196/1196/1196 1195/1195/1195
f 1200/1200/1200 1199/1199/1199 1198/1198/1198
f 1203/1203/1203 1202/1202/1202 1201/1201/1201
f 1206/1206/1206 1205/1205/1205 1204/1204/1204
f 1209/1209/1209 1208/1208/1208 1207/1207/1207
f 1212/1212/1212 1211/1211/1211 1210/1210/1210
f 1215/1215/1215 1214/1214/1214 1213/1213/1213
f 1218/1218/1218 1217/1217/1217 1216/1216/1216
f 1221/1221/1221 1220/1220/1220 1219/1219/1219
f 1224/1224/1224 1223/1223/1223 1222/1222/1222
f 1227/1227/1227 1226/1226/1226 1225/1225/1225
f 1230/1230/1230 1229/1229/1229 1228/1228/1228
f 1233/1233/1233 1232/1232/1232 1231/1231/1231
f 1236/1236/1236 1235/1235/1235 1234/1234/1234
f 1239/1239/1239 1238/1238/1238 1237/1237/1237
f 1242/1242/1242 1241/1241/1241 1240/1240/1240
f 1245/1245/1245 1244/1244/1244 1243/1243/1243
f 1248/1248/1248 1247/1247/1247 1246/1246/1246
f 1251/1251/1251 1250/1250/1250 1249/1249/1249
f 1254/1254/1254 1253/1253/1253 1252/1252/1252
f 1257/1257/1257 1256/1256/1256 1255/1255/1255
f 1260/1260/1260 1259/1259/1259 1258/1258/1258
f 1263/1263/1263 1262/1262/1262 1261/1261/1261
f 1266/1266/1266 1265/1265/1265 1264/1264/1264
f 1269/1269/1269 1268/1268/1268 1267/1267/1267
f 1272/1272/1272 1271/1271/1271 1270/1270/1270
f 1275/1275/1275 1274/1274/1274 1273/1273/1273
f 1278/1278/1278 1277/1277/1277 1276/1276/1276
f 1281/1281/1281 1280/1280/1280 1279/1279/1279
f 1284/1284/1284 1283/1283/1283 1282/1282/1282
f 1287/1287/1287 1286/1286/1286 1285/1285/1285
f 1290/1290/1290 1289/1289/1289 1288/1288/1288
f 1293/1293/1293 1292/1292/1292 1291/1291/1291
f 1296/1296/1296 1295/1295/1295 1294/1294/1294
f 1299/1299/1299 1298/1298/1298 1297/1297/1297
f 1302/1302/1302 1301/1301/1301 1300/1300/1300
f 1305/1305/1305 1304/1304/1304 1303/1303/1303
f 1308/1308/1308 1307/1307/1307 1306/1306/1306
f 1311/1311/1311 1310/1310/1310 1309/1309/1309
f 1314/1314/1314 1313/1313/1313 1312/1312/1312
f 1317/1317/1317 1316/1316/1316 1315/1315/1315
f 1320/1320/1320 1319/1319/1319 1318/1318/1318
f 1323/1323/1323 1322/1322/1322 1321/1321/1321
f 1326/1326/1326 1325/1325/1325 1324/1324/1324
f 1329/1329/1329 1328/1328/1328 1327/1327/1327
f 1332/1332/1332 1331/1331/1331 1330/1330/1330
f 1335/1335/1335 1334/1334/1334 1333/1333/1333
f 1338/1338/1338 1337/1337/1337 1336/1336/1336
f 1341/1341/1341 1340/1340/1340 1339/1339/1339
f 1344/1344/1344 1343/1343/1343 1342/1342/1342
f 1347/1347/1347 1346/1346/1346 1345/1345/1345
f 1350/1350/1350 1349/1349/1349 1348/1348/1348
f 1353/1353/1353 1352/1352/1352 1351/1351/1351
f 1356/1356/1356 1355/1355/1355 1354/1354/1354
f 1359/1359/1359 1358/1358/1358 1357/1357/1357
f 1362/1362/1362 1361/1361/1361 1360/1360/1360
f 1365/1365/1365 1364/1364/1364 1363/1363/1363
f 1368/1368/1368 1367/1367/1367 1366/1366/1366
f 1371/1371/1371 1370/1370/1370 1369/1369/1369
f 1374/1374/1374 1373/1373/1373 1372/1372/1372
f 1377/1377/1377 1376/1376/1376 1375/1375/1375
f 1380/1380/1380 1379/1379/1379 1378/1378/1378
f 1383/1383/1383 1382/1382/1382 1381/1381/1381
f 1386/1386/1386 1385/1385/1385 1384/1384/1384
f 1389/1389/1389 1388/1388/1388 1387/1387/1387
f 1392/1392/1392 1391/1391/1391 1390/1390/1390
f 1395/1395/1395 1394/1394/1394 1393/1393/1393
f 1398/1398/1398 1397/1397/1397 1396/1396/1396
f 1401/1401/1401 1400/1400/1400 1399/1399/1399
f 1404/1404/1404 1403/1403/1403 1402/1402/1402
f 1407/1407/1407 1406/1406/1406 1405/1405/1405
f 1410/1410/1410 1409/1409/1409 1408/1408/1408
f 1413/1413/1413 1412/1412/1412 1411/1411/1411
f 1416/1416/1416 1415/1415/1415 1414/1414/1414
f 1419/1419/1419 1418/1418/1418 1417/1417/1417
f 1422/1422/1422 1421/1421/1421 1420/1420/1420
f 1425/1425/1425 1424/1424/1424 1423/1423/1423
f 1428/1428/1428 1427/1427/1427 1426/1426/1426
f 1431/1431/1431 1430/1430/1430 1429/1429/1429
f 1434/1434/1434 1433/1433/1433 1432/1432/1432
f 1437/1437/1437 1436/1436/1436 1435/1435/1435
f 1440/1440/1440 1439/1439/1439 1438/1438/1438
f 1443/1443/1443 1442/1442/1442 1441/1441/1441
f 1446/1446/1446 1445/1445/1445 1444/1444/1444
f 1449/1449/1449 1448/1448/1448 1447/1447/1447
f 1452/1452/1452 1451/1451/1451 1450/1450/1450
f 1455/1455/1455 1454/1454/1454 1453/1453/1453
f 1458/1458/1458 1457/1457/1457 1456/1456/1456
f 1461/1461/1461 1460/1460/1460 1459/1459/1459
f 1464/1464/1464 1463/1463/1463 1462/1462/1462
f 1467/1467/1467 1466/1466/1466 1465/1465/1465
f 1470/1470/1470 1469/1469/1469 1468/1468/1468
f 1473/1473/1473 1472/1472/1472 1471/1471/1471
f 1476/1476/1476 1475/1475/1475 1474/1474/1474
f 1479/1479/1479 1478/1478/1478 1477/1477/1477
f 1482/1482/1482 1481/1481/1481 1480/1480/1480
f 1485/1485/1485 1484/1484/1484 1483/1483/1483
f 1488/1488/1488 1487/1487/1487 1486/1486/1486
f 1491/1491/1491 1490/1490/1490 1489/1489/1489
f 1494/1494/1494 1493/1493/1493 1492/1492/1492
f 1497/1497/1497 1496/1496/1496 1495/1495/1495
f 1500/1500/1500 1499/1499/1499 1498/1498/1498
f 1503/1503/1503 1502/1502/1502 1501/1501/1501
f 1506/1506/1506 1505/1505/1505 1504/1504/1504
f 1509/1509/1509 1508/1508/1508 1507/1507/1507
f 1512/1512/1512 1511/1511/1511 1510/1510/1510
f 1515/1515/1515 1514/1514/1514 1513/1513/1513
f 1518/1518/1518 1517/1517/1517 1516/1516/1516
f 1521/1521/1521 1520/1520/1520 1519/1519/1519
f 1524/1524/1524 1523/1523/1523 1522/1522/1522
f 1527/1527/1527 1526/1526/1526 1525/1525/1525
f 1530/1530/1530 1529/1529/1529 1528/1528/1528
f 1533/1533/1533 1532/1532/1532 1531/1531/1531
f 1536/1536/1536 1535/1535/1535 1534/1534/1534
f 1539/1539/1539 1538/1538/1538 1537/1537/1537
f 1542/1542/1542 1541/1541/1541 1540/1540/1540
f 1545/1545/1545 1544/1544/1544 1543/1543/1543
f 1548/1548/1548 1547/1547/1547 1546/1546/1546
f 1551/1551/1551 1550/1550/1550 1549/1549/1549
f 1554/1554/1554 1553/1553/1553 1552/1552/1552
f 1557/1557/1557 1556/1556/1556 1555/1555/1555
f 1560/1560/1560 1559/1559/1559 1558/1558/1558
f 1563/1563/1563 1562/1562/1562 1561/1561/1561
f 1566/1566/1566 1565/1565/1565 1564/1564/1564
f 1569/1569/1569 1568/1568/1568 1567/1567/1567
f 1572/1572/1572 1571/1571/1571 1570/1570/1570
f 1575/1575/1575 1574/1574/1574 1573/1573/1573
f 1578/1578/1578 1577/1577/1577 1576/1576/1576
f 1581/1581/1581 1580/1580/1580 1579/1579/1579
f 1584/1584/1584 1583/1583/1583 1582/1582/1582
f 1587/1587/1587 1586/1586/1586 1585/1585/1585
f 1590/1590/1590 1589/1589/1589 1588/1588/1588
f 1593/1593/1593 1592/1592/1592 1591/1591/1591
f 1596/1596/1596 1595/1595/1595 1594/1594/1594
f 1599/1599/1599 1598/1598/1598 1597/1597/1597
f 1602/1602/1602 1601/1601/1601 1600/1600/1600
f 1605/1605/1605 1604/1604/1604 1603/1603/1603
f 1608/1608/1608 1607/1607/1607 1606/1606/1606
f 1611/1611/1611 1610/1610/1610 1609/1609/1609
f 1614/1614/1614 1613/1613/1613 1612/1612/1612
f 1617/1617/1617 1616/1616/1616 1615/1615/1615
f 1620/1620/1620 1619/1619/1619 1618/1618/1618
f 1623/1623/1623 1622/1622/1622 1621/1621/1621
f 1626/1626/1626 1625/1625/1625 1624/1624/1624
f 1629/1629/1629 1628/1628/1628 1627/1627/1627
f 1632/1632/1632 1631/1631/1631 1630/1630/1630
f 1635/1635/1635 1634/1634/1634 1633/1633/1633
f 1638/1638/1638 1637/1637/1637 1636/1636/1636
f 1641/1641/1641 1640/1640/1640 1639/1639/1639
f 1644/1644/1644 1643/1643/1643 1642/1642/1642
f 1647/1647/1647 1646/1646/1646 1645/1645/1645
f 1650/1650/1650 1649/1649/1649 1648/1648/1648
f 1653/1653/1653 1652/1652/1652 1651/1651/1651
f 1656/1656/1656 1655/1655/1655 1654/1654/1654
f 1659/1659/1659 1658/1658/1658 1657/1657/1657
f 1662/1662/1662 1661/1661/1661 1660/1660/1660
f 1665/1665/1665 1664/1664/1664 1663/1663/1663
f 1668/1668/1668 1667/1667/1667 1666/1666/1666
f 1671/1671/1671 1670/1670/1670 1669/1669/1669
f 1674/1674/1674 1673/1673/1673 1672/1672/1672
f 1677/1677/1677 1676/1676/1676 1675/1675/1675
f 1680/1680/1680 1679/1679/1679 1678/1678/1678
f 1683/1683/1683 1682/1682/1682 1681/1681/1681
f 1686/1686/1686 1685/1685/1685 1684/1684/1684
f 1689/1689/1689 1688/1688/1688 1687/1687/1687
f 1692/1692/1692 1691/1691/1691 1690/1690/1690
f 1695/1695/1695 1694/1694/1694 1693/1693/1693
f 1698/1698/1698 1697/1697/1697 1696/1696/1696
f 1701/1701/1701 1700/1700/1700 1699/1699/1699
f 1704/1704/1704 1703/1703/1703 1702/1702/1702
f 1707/1707/1707 1706/1706/1706 1705/1705/1705
f 1710/1710/1710 1709/1709/1709 1708/1708/1708
f 1713/1713/1713 1712/1712/1712 1711/1711/1711
f 1716/1716/1716 1715/1715/1715 1714/1714/1714
f 1719/1719/1719 1718/1718/1718 1717/1717/1717
f 1722/1722/1722 1721/1721/1721 1720/1720/1720
f 1725/1725/1725 1724/1724/1724 1723/1723/1723
f 1728/1728/1728 1727/1727/1727 1726/1726/1726
f 1731/1731/1731 1730/1730/1730 1729/1729/1729
f 1734/1734/1734 1733/1733/1733 1732/1732/1732
f 1737/1737/1737 1736/1736/1736 1735/1735/1735
f 1740/1740/1740 1739/1739/1739 1738/1738/1738
f 1743/1743/1743 1742/1742/1742 1741/1741/1741
f 1746/1746/1746 1745/1745/1745 1744/1744/1744
f 1749/1749/1749 1748/1748/1748 1747/1747/1747
f 1752/1752/1752 1751/1751/1751 1750/1750/1750
f 1755/1755/1755 1754/1754/1754 1753/1753/1753
f 1758/1758/1758 1757/1757/1757 1756/1756/1756
f 1761/1761/1761 1760/1760/1760 1759/1759/1759
f 1764/1764/1764 1763/1763/1763 1762/1762/1762
f 1767/1767/1767 1766/1766/1766 1765/1765/1765
f 1770/1770/1770 1769/1769/1769 1768/1768/1768
f 1773/1773/1773 1772/1772/1772 1771/1771/1771
f 1776/1776/1776 1775/1775/1775 1774/1774/1774
f 1779/1779/1779 1778/1778/1778 1777/1777/1777
f 1782/1782/1782 1781/1781/1781 1780/1780/1780
f 1785/1785/1785 1784/1784/1784 1783/1783/1783
f 1788/1788/1788 1787/1787/1787 1786/1786/1786
f 1791/1791/1791 1790/1790/1790 1789/1789/1789
f 1794/1794/1794 1793/1793/1793 1792/1792/1792
f 1797/1797/1797 1796/1796/1796 1795/1795/1795
f 1800/1800/1800 1799/1799/1799 1798/1798/1798
f 1803/1803/1803 1802/1802/1802 1801/1801/1801
f 1806/1806/1806 1805/1805/1805 1804/1804/1804
f 1809/1809/1809 1808/1808/1808 1807/1807/1807
f 1812/1812/1812 1811/1811/1811 1810/1810/1810
f 1815/1815/1815 1814/1814/1814 1813/1813/1813
f 1818/1818/1818 1817/1817/1817 1816/1816/1816
f 1821/1821/1821 1820/1820/1820 1819/1819/1819
f 1824/1824/1824 1823/1823/1823 1822/1822/1822
f 1827/1827/1827 1826/1826/1826 1825/1825/1825
f 1830/1830/1830 1829/1829/1829 1828/1828/1828
f 1833/1833/1833 1832/1832/1832 1831/1831/1831
f 1836/1836/1836 1835/1835/1835 1834/1834/1834
f 1839/1839/1839 1838/1838/1838 1837/1837/1837
f 1842/1842/1842 1841/1841/1841 1840/1840/1840
f 1845/1845/1845 1844/1844/1844 1843/1843/1843
f 1848/1848/1848 1847/1847/1847 1846/1846/1846
f 1851/1851/1851 1850/1850/1850 1849/1849/1849
f 1854/1854/1854 1853/1853/1853 1852/1852/1852
f 1857/1857/1857 1856/1856/1856 1855/1855/1855
f 1860/1860/1860 1859/1859/1859 1858/1858/1858
f 1863/1863/1863 1862/1862/1862 1861/1861/1861
f 1866/1866/1866 1865/1865/1865 1864/1864/1864
f 1869/1869/1869 1868/1868/1868 1867/1867/1867
f 1872/1872/1872 1871/1871/1871 1870/1870/1870
f 1875/1875/1875 1874/1874/1874 1873/1873/1873
f 1878/1878/1878 1877/1877/1877 1876/1876/1876
f 1881/1881/1881 1880/1880/1880 1879/1879/1879
f 1884/1884/1884 1883/1883/1883 1882/1882/1882
f 1887/1887/1887 1886/1886/1886 1885/1885/1885
f 1890/1890/1890 1889/1889/1889 1888/1888/1888
f 1893/1893/1893 1892/1892/1892 1891/1891/1891
f 1896/1896/1896 1895/1895/1895 1894/1894/1894
f 1899/1899/1899 1898/1898/1898 1897/1897/1897
f 1902/1902/1902 1901/1901/1901 1900/1900/1900
f 1905/1905/1905 1904/1904/1904 1903/1903/1903
f 1908/1908/1908 1907/1907/1907 1906/1906/1906
f 1911/1911/1911 1910/1910/1910 1909/1909/1909
f 1914/1914/1914 1913/1913/1913 1912/1912/1912
f 1917/1917/1917 1916/1916/1916 1915/1915/1915
f 1920/1920/1920 1919/1919/1919 1918/1918/1918
f 1923/1923/1923 1922/1922/1922 1921/1921/1921
f 1926/1926/1926 1925/1925/1925 1924/1924/1924
f 1929/1929/1929 1928/1928/1928 1927/1927/1927
f 1932/1932/1932 1931/1931/1931 1930/1930/1930
f 1935/1935/1935 1934/1934/1934 1933/1933/1933
f 1938/1938/1938 1937/1937/1937 1936/1936/1936
f 1941/1941/1941 1940/1940/1940 1939/1939/1939
f 1944/1944/1944 1943/1943/1943 1942/1942/1942
f 1947/1947/1947 1946/1946/1946 1945/1945/1945
f 1950/1950/1950 1949/1949/1949 1948/1948/1948
f 1953/1953/1953 1952/1952/1952 1951/1951/1951
f 1956/1956/1956 1955/1955/1955 1954/1954/1954
f 1959/1959/1959 1958/1958/1958 1957/1957/1957
f 1962/1962/1962 1961/1961/1961 1960/1960/1960
f 1965/1965/1965 1964/1964/1964 1963/1963/1963
f 1968/1968/1968 1967/1967/1967 1966/1966/1966
f 1971/1971/1971 1970/1970/1970 1969/1969/1969
f 1974/1974/1974 1973/1973/1973 1972/1972/1972
f 1977/1977/1977 1976/1976/1976 1975/1975/1975
f 1980/1980/1980 1979/1979/1979 1978/1978/1978
f 1983/1983/1983 1982/1982/1982 1981/1981/1981
f 1986/1986/1986 1985/1985/1985 1984/1984/1984
f 1989/1989/1989 1988/1988/1988 1987/1987/1987
f 1992/1992/1992 1991/1991/1991 1990/1990/1990
f 1995/1995/1995 1994/1994/1994 1993/1993/1993
f 1998/1998/1998 1997/1997/1997 1996/1996/1996
f 2001/2001/2001 2000/2000/2000 1999/1999/1999
f 2004/2004/2004 2003/2003/2003 2002/2002/2002
f 2007/2007/2007 2006/2006/2006 2005/2005/2005
f 2010/2010/2010 2009/2009/2009 2008/2008/2008
f 2013/2013/2013 2012/2012/2012 2011/2011/2011
f 2016/2016/2016 2015/2015/2015 2014/2014/2014
f 2019/2019/2019 2018/2018/2018 2017/2017/2017
f 2022/2022/2022 2021/2021/2021 2020/2020/2020
f 2025/2025/2025 2024/2024/2024 2023/2023/2023
f 2028/2028/2028 2027/2027/2027 2026/2026/2026
f 2031/2031/2031 2030/2030/2030 2029/2029/2029
f 2034/2034/2034 2033/2033/2033 2032/2032/2032
f 2037/2037/2037 2036/2036/2036 2035/2035/2035
f 2040/2040/2040 2039/2039/2039 2038/2038/2038
f 2043/2043/2043 2042/2042/2042 2041/2041/2041
f 2046/2046/2046 2045/2045/2045 2044/2044/2044
f 2049/2049/2049 2048/2048/2048 2047/2047/2047
f 2052/2052/2052 2051/2051/2051 2050/2050/2050
f 2055/2055/2055 2054/2054/2054 2053/2053/2053
f 2058/2058/2058 2057/2057/2057 2056/2056/2056
f 2061/2061/2061 2060/2060/2060 2059/2059/2059
f 2064/2064/2064 2063/2063/2063 2062/2062/2062
f 2067/2067/2067 2066/2066/2066 2065/2065/2065
f 2070/2070/2070 2069/2069/2069 2068/2068/2068
f 2073/2073/2073 2072/2072/2072 2071/2071/2071
f 2076/2076/2076 2075/2075/2075 2074/2074/2074
f 2079/2079/2079 2078/2078/2078 2077/2077/2077
f 2082/2082/2082 2081/2081/2081 2080/2080/2080
f 2085/2085/2085 2084/2084/2084 2083/2083/2083
f 2088/2088/2088 2087/2087/2087 2086/2086/2086
f 2091/2091/2091 2090/2090/2090 2089/2089/2089
f 2094/2094/2094 2093/2093/2093 2092/2092/2092
f 2097/2097/2097 2096/2096/2096 2095/2095/2095
f 2100/2100/2100 2099/2099/2099 2098/2098/2098
f 2103/2103/2103 2102/2102/2102 2101/2101/2101
f 2106/2106/2106 2105/2105/2105 2104/2104/2104
f 2109/2109/2109 2108/2108/2108 2107/2107/2107
f 2112/2112/2112 2111/2111/2111 2110/2110/2110
f 2115/2115/2115 2114/2114/2114 2113/2113/2113
f 2118/2118/2118 2117/2117/2117 2116/2116/2116
f 2121/2121/2121 2120/2120/2120 2119/2119/2119
f 2124/2124/2124 2123/2123/2123 2122/2122/2122
f 2127/2127/2127 2126/2126/2126 2125/2125/2125
f 2130/2130/2130 2129/2129/2129 2128/2128/2128
f 2133/2133/2133 2132/2132/2132 2131/2131/2131
f 2136/2136/2136 2135/2135/2135 2134/2134/2134
f 2139/2139/2139 2138/2138/2138 2137/2137/2137
f 2142/2142/2142 2141/2141/2141 2140/2140/2140
f 2145/2145/2145 2144/2144/2144 2143/2143/2143
f 2148/2148/2148 2147/2147/2147 2146/2146/2146
f 2151/2151/2151 2150/2150/2150 2149/2149/2149
f 2154/2154/2154 2153/2153/2153 2152/2152/2152
f 2157/2157/2157 2156/2156/2156 2155/2155/2155
f 2160/2160/2160 2159/2159/2159 2158/2158/2158
f 2163/2163/2163 2162/2162/2162 2161/2161/2161
f 2166/2166/2166 2165/2165/2165 2164/2164/2164
f 2169/2169/2169 2168/2168/2168 2167/2167/2167
f 2172/2172/2172 2171/2171/2171 2170/2170/2170
f 2175/2175/2175 2174/2174/2174 2173/2173/2173
f 2178/2178/2178 2177/2177/2177 2176/2176/2176
f 2181/2181/2181 2180/2180/2180 2179/2179/2179
f 2184/2184/2184 2183/2183/2183 2182/2182/2182
f 2187/2187/2187 2186/2186/2186 2185/2185/2185
f 2190/2190/2190 2189/2189/2189 2188/2188/2188
f 2193/2193/2193 2192/2192/2192 2191/2191/2191
f 2196/2196/2196 2195/2195/2195 2194/2194/2194
f 2199/2199/2199 2198/2198/2198 2197/2197/2197
f 2202/2202/2202 2201/2201/2201 2200/2200/2200
f 2205/2205/2205 2204/2204/2204 2203/2203/2203
f 2208/2208/2208 2207/2207/2207 2206/2206/2206
f 2211/2211/2211 2210/2210/2210 2209/2209/2209
f 2214/2214/2214 2213/2213/2213 2212/2212/2212
f 2217/2217/2217 2216/2216/2216 2215/2215/2215
f 2220/2220/2220 2219/2219/2219 2218/2218/2218
f 2223/2223/2223 2222/2222/2222 2221/2221/2221
f 2226/2226/2226 2225/2225/2225 2224/2224/2224
f 2229/2229/2229 2228/2228/2228 2227/2227/2227
f 2232/2232/2232 2231/2231/2231 2230/2230/2230
f 2235/2235/2235 2234/2234/2234 2233/2233/2233
f 2238/2238/2238 2237/2237/2237 2236/2236/2236
f 2241/2241/2241 2240/2240/2240 2239/2239/2239
f 2244/2244/2244 2243/2243/2243 2242/2242/2242
f 2247/2247/2247 2246/2246/2246 2245/2245/2245
f 2250/2250/2250 2249/2249/2249 2248/2248/2248
f 2253/2253/2253 2252/2252/2252 2251/2251/2251
f 2256/2256/2256 2255/2255/2255 2254/2254/2254
f 2259/2259/2259 2258/2258/2258 2257/2257/2257
f 2262/2262/2262 2261/2261/2261 2260/2260/2260
f 2265/2265/2265 2264/2264/2264 2263/2263/2263
f 2268/2268/2268 2267/2267/2267 2266/2266/2266
f 2271/2271/2271 2270/2270/2270 2269/2269/2269
f 2274/2274/2274 2273/2273/2273 2272/2272/2272
f 2277/2277/2277 2276/2276/2276 2275/2275/2275
f 2280/2280/2280 2279/2279/2279 2278/2278/2278
f 2283/2283/2283 2282/2282/2282 2281/2281/2281
f 2286/2286/2286 2285/2285/2285 2284/2284/2284
f 2289/2289/2289 2288/2288/2288 2287/2287/2287
f 2292/2292/2292 2291/2291/2291 2290/2290/2290
f 2295/2295/2295 2294/2294/2294 2293/2293/2293
f 2298/2298/2298 2297/2297/2297 2296/2296/2296
f 2301/2301/2301 2300/2300/2300 2299/2299/2299
f 2304/2304/2304 2303/2303/2303 2302/2302/2302
f 2307/2307/2307 2306/2306/2306 2305/2305/2305
f 2310/2310/2310 2309/2309/2309 2308/2308/2308
f 2313/2313/2313 2312/2312/2312 2311/2311/2311
f 2316/2316/2316 2315/2315/2315 2314/2314/2314
f 2319/2319/2319 2318/2318/2318 2317/2317/2317
f 2322/2322/2322 2321/2321/2321 2320/2320/2320
f 2325/2325/2325 2324/2324/2324 2323/2323/2323
f 2328/2328/2328 2327/2327/2327 2326/2326/2326
f 2331/2331/2331 2330/2330/2330 2329/2329/2329
f 2334/2334/2334 2333/2333/2333 2332/2332/2332
f 2337/2337/2337 2336/2336/2336 2335/2335/2335
f 2340/2340/2340 2339/2339/2339 2338/2338/2338
f 2343/2343/2343 2342/2342/2342 2341/2341/2341
f 2346/2346/2346 2345/2345/2345 2344/2344/2344
f 2349/2349/2349 2348/2348/2348 2347/2347/2347
f 2352/2352/2352 2351/2351/2351 2350/2350/2350
f 2355/2355/2355 2354/2354/2354 2353/2353/2353
f 2358/2358/2358 2357/2357/2357 2356/2356/2356
f 2361/2361/2361 2360/2360/2360 2359/2359/2359
f 2364/2364/2364 2363/2363/2363 2362/2362/2362
f 2367/2367/2367 2366/2366/2366 2365/2365/2365
f 2370/2370/2370 2369/2369/2369 2368/2368/2368
f 2373/2373/2373 2372/2372/2372 2371/2371/2371
f 2376/2376/2376 2375/2375/2375 2374/2374/2374
f 2379/2379/2379 2378/2378/2378 2377/2377/2377
f 2382/2382/2382 2381/2381/2381 2380/2380/2380
f 2385/2385/2385 2384/2384/2384 2383/2383/2383
f 2388/2388/2388 2387/2387/2387 2386/2386/2386
f 2391/2391/2391 2390/2390/2390 2389/2389/2389
f 2394/2394/2394 2393/2393/2393 2392/2392/2392
f 2397/2397/2397 2396/2396/2396 2395/2395/2395
f 2400/2400/2400 2399/2399/2399 2398/2398/2398
f 2403/2403/2403 2402/2402/2402 2401/2401/2401
f 2406/2406/2406 2405/2405/2405 2404/2404/2404
f 2409/2409/2409 2408/2408/2408 2407/2407/2407
f 2412/2412/2412 2411/2411/2411 2410/2410/2410
f 2415/2415/2415 2414/2414/2414 2413/2413/2413
f 2418/2418/2418 2417/2417/2417 2416/2416/2416
f 2421/2421/2421 2420/2420/2420 2419/2419/2419
f 2424/2424/2424 2423/2423/2423 2422/2422/2422
f 2427/2427/2427 2426/2426/2426 2425/2425/2425
f 2430/2430/2430 2429/2429/2429 2428/2428/2428
f 2433/2433/2433 2432/2432/2432 2431/2431/2431
f 2436/2436/2436 2435/2435/2435 2434/2434/2434
f 2439/2439/2439 2438/2438/2438 2437/2437/2437
f 2442/2442/2442 2441/2441/2441 2440/2440/2440
f 2445/2445/2445 2444/2444/2444 2443/2443/2443
f 2448/2448/2448 2447/2447/2447 2446/2446/2446
f 2451/2451/2451 2450/2450/2450 2449/2449/2449
f 2454/2454/2454 2453/2453/2453 2452/2452/2452
f 2457/2457/2457 2456/2456/2456 2455/2455/2455
f 2460/2460/2460 2459/2459/2459 2458/2458/2458
f 2463/2463/2463 2462/2462/2462 2461/2461/2461
f 2466/2466/2466 2465/2465/2465 2464/2464/2464
f 2469/2469/2469 2468/2468/2468 2467/2467/2467
f 2472/2472/2472 2471/2471/2471 2470/2470/2470
f 2475/2475/2475 2474/2474/2474 2473/2473/2473
f 2478/2478/2478 2477/2477/2477 2476/2476/2476
f 2481/2481/2481 2480/2480/2480 2479/2479/2479
f 2484/2484/2484 2483/2483/2483 2482/2482/2482
f 2487/2487/2487 2486/2486/2486 2485/2485/2485
f 2490/2490/2490 2489/2489/2489 2488/2488/2488
f 2493/2493/2493 2492/2492/2492 2491/2491/2491
f 2496/2496/2496 2495/2495/2495 2494/2494/2494
f 2499/2499/2499 2498/2498/2498 2497/2497/2497
f 2502/2502/2502 2501/2501/2501 2500/2500/2500
f 2505/2505/2505 2504/2504/2504 2503/2503/2503
f 2508/2508/2508 2507/2507/2507 2506/2506/2506
f 2511/2511/2511 2510/2510/2510 2509/2509/2509
f 2514/2514/2514 2513/2513/2513 2512/2512/2512
f 2517/2517/2517 2516/2516/2516 2515/2515/2515
f 2520/2520/2520 2519/2519/2519 2518/2518/2518
f 2523/2523/2523 2522/2522/2522 2521/2521/2521
f 2526/2526/2526 2525/2525/2525 2524/2524/2524
f 2529/2529/2529 2528/2528/2528 2527/2527/2527
f 2532/2532/2532 2531/2531/2531 2530/2530/2530
f 2535/2535/2535 2534/2534/2534 2533/2533/2533
f 2538/2538/2538 2537/2537/2537 2536/2536/2536
f 2541/2541/2541 2540/2540/2540 2539/2539/2539
f 2544/2544/2544 2543/2543/2543 2542/2542/2542
f 2547/2547/2547 2546/2546/2546 2545/2545/2545
f 2550/2550/2550 2549/2549/2549 2548/2548/2548
f 2553/2553/2553 2552/2552/2552 2551/2551/2551
f 2556/2556/2556 2555/2555/2555 2554/2554/2554
f 2559/2559/2559 2558/2558/2558 2557/2557/2557
f 2562/2562/2562 2561/2561/2561 2560/2560/2560
f 2565/2565/2565 2564/2564/2564 2563/2563/2563
f 2568/2568/2568 2567/2567/2567 2566/2566/2566
f 2571/2571/2571 2570/2570/2570 2569/2569/2569
f 2574/2574/2574 2573/2573/2573 2572/2572/2572
f 2577/2577/2577 2576/2576/2576 2575/2575/2575
f 2580/2580/2580 2579/2579/2579 2578/2578/2578
f 2583/2583/2583 2582/2582/2582 2581/2581/2581
f 2586/2586/2586 2585/2585/2585 2584/2584/2584
f 2589/2589/2589 2588/2588/2588 2587/2587/2587
f 2592/2592/2592 2591/2591/2591 2590/2590/2590
f 2595/2595/2595 2594/2594/2594 2593/2593/2593
f 2598/2598/2598 2597/2597/2597 2596/2596/2596
f 2601/2601/2601 2600/2600/2600 2599/2599/2599
f 2604/2604/2604 2603/2603/2603 2602/2602/2602
f 2607/2607/2607 2606/2606/2606 2605/2605/2605
f 2610/2610/2610 2609/2609/2609 2608/2608/2608
f 2613/2613/2613 2612/2612/2612 2611/2611/2611
f 2616/2616/2616 2615/2615/2615 2614/2614/2614
f 2619/2619/2619 2618/2618/2618 2617/2617/2617
f 2622/2622/2622 2621/2621/2621 2620/2620/2620
f 2625/2625/2625 2624/2624/2624 2623/2623/2623
f 2628/2628/2628 2627/2627/2627 2626/2626/2626
f 2631/2631/2631 2630/2630/2630 2629/2629/2629
f 2634/2634/2634 2633/2633/2633 2632/2632/2632
f 2637/2637/2637 2636/2636/2636 2635/2635/2635
f 2640/2640/2640 2639/2639/2639 2638/2638/2638
f 2643/2643/2643 2642/2642/2642 2641/2641/2641
f 2646/2646/2646 2645/2645/2645 2644/2644/2644
f 2649/2649/2649 2648/2648/2648 2647/2647/2647
f 2652/2652/2652 2651/2651/2651 2650/2650/2650
f 2655/2655/2655 2654/2654/2654 2653/2653/2653
f 2658/2658/2658 2657/2657/2657 2656/2656/2656
f 2661/2661/2661 2660/2660/2660 2659/2659/2659
f 2664/2664/2664 2663/2663/2663 2662/2662/2662
f 2667/2667/2667 2666/2666/2666 2665/2665/2665
f 2670/2670/2670 2669/2669/2669 2668/2668/2668
f 2673/2673/2673 2672/2672/2672 2671/2671/2671
f 2676/2676/2676 2675/2675/2675 2674/2674/2674
f 2679/2679/2679 2678/2678/2678 2677/2677/2677
f 2682/2682/2682 2681/2681/2681 2680/2680/2680
f 2685/2685/2685 2684/2684/2684 2683/2683/2683
f 2688/2688/2688 2687/2687/2687 2686/2686/2686
f 2691/2691/2691 2690/2690/2690 2689/2689/2689
f 2694/2694/2694 2693/2693/2693 2692/2692/2692
f 2697/2697/2697 2696/2696/2696 2695/2695/2695
f 2700/2700/2700 2699/2699/2699 2698/2698/2698
f 2703/2703/2703 2702/2702/2702 2701/2701/2701
f 2706/2706/2706 2705/2705/2705 2704/2704/2704
f 2709/2709/2709 2708/2708/2708 2707/2707/2707
f 2712/2712/2712 2711/2711/2711 2710/2710/2710
f 2715/2715/2715 2714/2714/2714 2713/2713/2713
f 2718/2718/2718 2717/2717/2717 2716/2716/2716
f 2721/2721/2721 2720/2720/2720 2719/2719/2719
f 2724/2724/2724 2723/2723/2723 2722/2722/2722
f 2727/2727/2727 2726/2726/2726 2725/2725/2725
f 2730/2730/2730 2729/2729/2729 2728/2728/2728
f 2733/2733/2733 2732/2732/2732 2731/2731/2731
f 2736/2736/2736 2735/2735/2735 2734/2734/2734
f 2739/2739/2739 2738/2738/2738 2737/2737/2737
f 2742/2742/2742 2741/2741/2741 2740/2740/2740
f 2745/2745/2745 2744/2744/2744 2743/2743/2743
f 2748/2748/2748 2747/2747/2747 2746/2746/2746
f 2751/2751/2751 2750/2750/2750 2749/2749/2749
f 2754/2754/2754 2753/2753/2753 2752/2752/2752
f 2757/2757/2757 2756/2756/2756 2755/2755/2755
f 2760/2760/2760 2759/2759/2759 2758/2758/2758
f 2763/2763/2763 2762/2762/2762 2761/2761/2761
f 2766/2766/2766 2765/2765/2765 2764/2764/2764
f 2769/2769/2769 2768/2768/2768 2767/2767/2767
f 2772/2772/2772 2771/2771/2771 2770/2770/2770
f 2775/2775/2775 2774/2774/2774 2773/2773/2773
f 2778/2778/2778 2777/2777/2777 2776/2776/2776
f 2781/2781/2781 2780/2780/2780 2779/2779/2779
f 2784/2784/2784 2783/2783/2783 2782/2782/2782
f 2787/2787/2787 2786/2786/2786 2785/2785/2785
f 2790/2790/2790 2789/2789/2789 2788/2788/2788
f 2793/2793/2793 2792/2792/2792 2791/2791/2791
f 2796/2796/2796 2795/2795/2795 2794/2794/2794
