# Split from People.obj for civilian_black_suit
o civilian_black_suit
v -0.9782107 1.114793 0.5940776
v -0.9448465 1.041988 0.6278703
v -0.9790977 1.087348 0.6669256
v -0.9448465 1.041988 0.6278703
v -0.9667912 0.9928756 0.6668655
v -0.9790977 1.087348 0.6669256
v -0.9622439 1.04235 0.6668342
v -0.9790977 1.087348 0.6669256
v -0.9667912 0.9928756 0.6668655
v -0.9782107 1.114793 0.5940776
v -0.9790977 1.087348 0.6669256
v -1.037259 1.073124 0.6671849
v -1.037259 1.073124 0.6671849
v -1.037149 1.103552 0.5940755
v -0.9782107 1.114793 0.5940776
v -1.078628 0.8810421 0.5544736
v -1.081426 1.050148 0.5545285
v -1.073797 0.7696791 0.5544376
v -1.073797 0.7696791 0.5544376
v -1.081426 1.050148 0.5545285
v -1.052794 0.769664 0.596029
v -1.081426 1.050148 0.5545285
v -1.079898 1.046763 0.6108816
v -1.052794 0.769664 0.596029
v -1.052794 0.769664 0.596029
v -1.079898 1.046763 0.6108816
v -1.057337 0.7696561 0.6168482
v -1.057337 0.7696561 0.6168482
v -1.079898 1.046763 0.6108816
v -1.076193 0.9187169 0.6469144
v -1.076193 0.9187169 0.6469144
v -1.079898 1.046763 0.6108816
v -1.060435 0.9930046 0.6672652
v -1.060363 1.04886 0.6672851
v -1.060435 0.9930046 0.6672652
v -1.079898 1.046763 0.6108816
v -1.081426 1.050148 0.5545285
v -1.078628 0.8810421 0.5544736
v -1.086404 0.9162658 0.5530118
v -1.060435 0.9930046 0.6672652
v -1.060363 1.04886 0.6672851
v -1.06047 0.9204745 0.6824113
v -1.060363 1.04886 0.6672851
v -1.060271 1.048894 0.6861081
v -1.06047 0.9204745 0.6824113
v -1.038872 0.8513972 0.7184325
v -1.06047 0.9204745 0.6824113
v -1.060271 1.048894 0.6861081
v -0.9665406 0.9187012 0.6468483
v -1.076193 0.9187169 0.6469144
v -1.060435 0.9930046 0.6672652
v -1.060435 0.9930046 0.6672652
v -0.9667912 0.9928756 0.6668655
v -0.9665406 0.9187012 0.6468483
v -0.9443614 0.8998715 0.6006606
v -0.9665406 0.9187012 0.6468483
v -0.9667912 0.9928756 0.6668655
v -0.9667912 0.9928756 0.6668655
v -0.9448465 1.041988 0.6278703
v -0.9443614 0.8998715 0.6006606
v -0.9517217 0.7960045 0.5960376
v -0.9701516 0.7959892 0.6376289
v -0.9665406 0.9187012 0.6468483
v -0.9665406 0.9187012 0.6468483
v -0.9443614 0.8998715 0.6006606
v -0.9517217 0.7960045 0.5960376
v -0.9701516 0.7959892 0.6376289
v -1.057337 0.7696561 0.6168482
v -1.076193 0.9187169 0.6469144
v -1.076193 0.9187169 0.6469144
v -0.9665406 0.9187012 0.6468483
v -0.9701516 0.7959892 0.6376289
v -1.028965 0.6269715 0.5738486
v -1.059986 0.6269788 0.5542526
v -1.073797 0.7696791 0.5544376
v -1.073797 0.7696791 0.5544376
v -1.052794 0.769664 0.596029
v -1.028965 0.6269715 0.5738486
v -1.028965 0.6269715 0.5738486
v -1.052794 0.769664 0.596029
v -1.032776 0.4759115 0.5888567
v -1.052794 0.769664 0.596029
v -1.057337 0.7696561 0.6168482
v -1.032776 0.4759115 0.5888567
v -1.057337 0.7696561 0.6168482
v -1.054115 0.6362135 0.6403964
v -1.032776 0.4759115 0.5888567
v -1.028726 0.4407874 0.6544536
v -1.032776 0.4759115 0.5888567
v -1.054115 0.6362135 0.6403964
v -0.9503996 0.687695 0.5901206
v -0.9665278 0.6876702 0.6572444
v -0.9701516 0.7959892 0.6376289
v -0.9701516 0.7959892 0.6376289
v -0.9517217 0.7960045 0.5960376
v -0.9503996 0.687695 0.5901206
v -1.037149 1.103552 0.5940755
v -1.079898 1.046763 0.6108816
v -1.081426 1.050148 0.5545285
v -1.081426 1.050148 0.5545285
v -1.037138 1.100872 0.5545449
v -1.037149 1.103552 0.5940755
v -1.037259 1.073124 0.6671849
v -1.060363 1.04886 0.6672851
v -1.079898 1.046763 0.6108816
v -1.079898 1.046763 0.6108816
v -1.037149 1.103552 0.5940755
v -1.037259 1.073124 0.6671849
v -0.9503996 0.6877082 0.5544109
v -0.9503996 0.687695 0.5901206
v -0.9517217 0.7960045 0.5960376
v -0.9517217 0.7960045 0.5960376
v -0.9517215 0.7960197 0.554446
v -0.9503996 0.6877082 0.5544109
v -0.9517215 0.7960197 0.554446
v -0.9517217 0.7960045 0.5960376
v -0.9443614 0.8998715 0.6006606
v -0.9443614 0.8998715 0.6006606
v -0.9389427 0.8810421 0.5544736
v -0.9517215 0.7960197 0.554446
v -0.9389427 0.8810421 0.5544736
v -0.9443614 0.8998715 0.6006606
v -0.9448465 1.041988 0.6278703
v -0.9448465 1.041988 0.6278703
v -0.9388951 1.03341 0.554523
v -0.9389427 0.8810421 0.5544736
v -1.059986 0.6269788 0.5542526
v -1.028965 0.6269715 0.5738486
v -0.9503996 0.687695 0.5901206
v -0.9503996 0.687695 0.5901206
v -0.9503996 0.6877082 0.5544109
v -1.059986 0.6269788 0.5542526
v -0.9630148 1.118244 0.5545506
v -0.9782107 1.114793 0.5940776
v -1.037149 1.103552 0.5940755
v -1.037149 1.103552 0.5940755
v -1.037138 1.100872 0.5545449
v -0.9630148 1.118244 0.5545506
v -0.9388951 1.03341 0.554523
v -0.9448465 1.041988 0.6278703
v -0.9782107 1.114793 0.5940776
v -0.9782107 1.114793 0.5940776
v -0.9630148 1.118244 0.5545506
v -0.9388951 1.03341 0.554523
v -0.9465108 0.06189343 0.5930701
v -0.9582239 0.04174399 0.592826
v -0.9566497 0.04280299 0.6694391
v -0.9566497 0.04280299 0.6694391
v -0.9446253 0.06457148 0.6686046
v -0.9465108 0.06189343 0.5930701
v -1.018548 0.5949763 0.5738383
v -0.9981789 0.3807585 0.5858438
v -1.004295 0.6116215 0.5636555
v -1.004295 0.6116215 0.5636555
v -0.9981789 0.3807585 0.5858438
v -0.9503996 0.687695 0.5901206
v -0.9738551 0.3117213 0.5975705
v -0.9503996 0.687695 0.5901206
v -0.9981789 0.3807585 0.5858438
v -0.9738551 0.3117213 0.5975705
v -0.9981789 0.3807585 0.5858438
v -1.034996 0.3879567 0.5975952
v -0.9738551 0.3117213 0.5975705
v -0.9661767 0.3445299 0.6530318
v -0.9503996 0.687695 0.5901206
v -0.9661767 0.3445299 0.6530318
v -0.9662558 0.4219657 0.6539826
v -0.9503996 0.687695 0.5901206
v -0.9665278 0.6876702 0.6572444
v -0.9503996 0.687695 0.5901206
v -0.9662558 0.4219657 0.6539826
v -0.9665278 0.6876702 0.6572444
v -0.9662558 0.4219657 0.6539826
v -0.9896197 0.4290191 0.6541315
v -0.9896197 0.4290191 0.6541315
v -0.9961634 0.6702576 0.6572387
v -0.9665278 0.6876702 0.6572444
v -0.953679 0.001189176 0.6745721
v -1.002797 0.0006994786 0.6925042
v -1.018561 0.007336453 0.6925064
v -1.018561 0.007336453 0.6925064
v -0.969443 0.04903379 0.6745877
v -0.953679 0.001189176 0.6745721
v -1.038439 0.3364333 0.5938029
v -1.048124 0.3903371 0.6498401
v -1.04569 0.07260001 0.591456
v -1.034996 0.4208418 0.6515892
v -1.028761 0.07280874 0.6734166
v -1.048124 0.3903371 0.6498401
v -1.04569 0.07260001 0.591456
v -1.048124 0.3903371 0.6498401
v -1.028761 0.07280874 0.6734166
v -0.9446253 0.06457148 0.6686046
v -0.9566497 0.04280299 0.6694391
v -0.969443 0.04903379 0.6745877
v -0.969443 0.04903379 0.6745877
v -0.9704363 0.07227837 0.6735293
v -0.9446253 0.06457148 0.6686046
v -1.004295 0.6116215 0.5636555
v -0.9503996 0.687695 0.5901206
v -1.028965 0.6269715 0.5738486
v -1.028965 0.6269715 0.5738486
v -1.018548 0.5949763 0.5738383
v -1.004295 0.6116215 0.5636555
v -1.028965 0.6269715 0.5738486
v -1.032776 0.4759115 0.5888567
v -1.018548 0.5949763 0.5738383
v -1.032776 0.4759115 0.5888567
v -1.034996 0.3879567 0.5975952
v -1.018548 0.5949763 0.5738383
v -0.9981789 0.3807585 0.5858438
v -1.018548 0.5949763 0.5738383
v -1.034996 0.3879567 0.5975952
v -1.038439 0.3364333 0.5938029
v -1.034996 0.3879567 0.5975952
v -1.034996 0.4208418 0.6515892
v -1.034996 0.4208418 0.6515892
v -1.048124 0.3903371 0.6498401
v -1.038439 0.3364333 0.5938029
v -1.04569 0.07260001 0.591456
v -1.034996 0.3879567 0.5975952
v -1.038439 0.3364333 0.5938029
v -1.034996 0.3879567 0.5975952
v -1.04569 0.07260001 0.591456
v -0.9465108 0.06189343 0.5930701
v -0.9465108 0.06189343 0.5930701
v -0.9738551 0.3117213 0.5975705
v -1.034996 0.3879567 0.5975952
v -1.014055 0.06770488 0.6736501
v -1.028761 0.07280874 0.6734166
v -1.034996 0.4208418 0.6515892
v -1.034996 0.4208418 0.6515892
v -1.025566 0.4164697 0.6562028
v -1.014055 0.06770488 0.6736501
v -0.9704363 0.07227837 0.6735293
v -1.014055 0.06770488 0.6736501
v -1.025566 0.4164697 0.6562028
v -1.025566 0.4164697 0.6562028
v -0.9889205 0.4032405 0.6537995
v -0.9704363 0.07227837 0.6735293
v -0.9889205 0.4032405 0.6537995
v -1.025566 0.4164697 0.6562028
v -1.028726 0.4407874 0.6544536
v -1.028726 0.4407874 0.6544536
v -0.9896197 0.4290191 0.6541315
v -0.9889205 0.4032405 0.6537995
v -1.060271 1.048894 0.6861081
v -1.059929 1.02231 0.7205639
v -1.03879 0.8886099 0.7478285
v -1.03879 0.8886099 0.7478285
v -1.038872 0.8513972 0.7184325
v -1.060271 1.048894 0.6861081
v -1.037259 1.073124 0.6671849
v -1.037209 1.066447 0.67901
v -1.060271 1.048894 0.6861081
v -1.060271 1.048894 0.6861081
v -1.060363 1.04886 0.6672851
v -1.037259 1.073124 0.6671849
v -0.9622439 1.04235 0.6668342
v -0.9667912 0.9928756 0.6668655
v -0.9633489 1.051556 0.6853626
v -0.9667912 0.9928756 0.6668655
v -0.9666704 0.9023038 0.6869577
v -0.9633489 1.051556 0.6853626
v -0.9692382 0.8572399 0.7180668
v -0.9633489 1.051556 0.6853626
v -0.9666704 0.9023038 0.6869577
v -1.060435 0.9930046 0.6672652
v -1.06047 0.9204745 0.6824113
v -0.9666704 0.9023038 0.6869577
v -0.9666704 0.9023038 0.6869577
v -0.9667912 0.9928756 0.6668655
v -1.060435 0.9930046 0.6672652
v -0.9790977 1.087348 0.6669256
v -0.9790626 1.075989 0.6786522
v -1.037209 1.066447 0.67901
v -1.037209 1.066447 0.67901
v -1.037259 1.073124 0.6671849
v -0.9790977 1.087348 0.6669256
v -0.9691885 0.8984896 0.7492466
v -1.03879 0.8886099 0.7478285
v -1.059929 1.02231 0.7205639
v -1.059929 1.02231 0.7205639
v -0.9729608 1.018335 0.7197102
v -0.9691885 0.8984896 0.7492466
v -0.9692382 0.8572399 0.7180668
v -0.9745012 0.7579376 0.7469781
v -0.9745012 0.823455 0.784005
v -0.9745012 0.823455 0.784005
v -0.9691885 0.8984896 0.7492466
v -0.9692382 0.8572399 0.7180668
v -0.9790626 1.075989 0.6786522
v -0.9768424 1.071667 0.6920904
v -1.037085 1.066461 0.692596
v -1.037085 1.066461 0.692596
v -1.037209 1.066447 0.67901
v -0.9790626 1.075989 0.6786522
v -1.037209 1.066447 0.67901
v -1.037085 1.066461 0.692596
v -1.059929 1.02231 0.7205639
v -1.059929 1.02231 0.7205639
v -1.060271 1.048894 0.6861081
v -1.037209 1.066447 0.67901
v -0.9633489 1.051556 0.6853626
v -0.9692382 0.8572399 0.7180668
v -0.9768424 1.071667 0.6920904
v -0.9768424 1.071667 0.6920904
v -0.9692382 0.8572399 0.7180668
v -0.9729608 1.018335 0.7197102
v -0.9691885 0.8984896 0.7492466
v -0.9729608 1.018335 0.7197102
v -0.9692382 0.8572399 0.7180668
v -0.9790626 1.075989 0.6786522
v -0.9633489 1.051556 0.6853626
v -0.9768424 1.071667 0.6920904
v -0.9633489 1.051556 0.6853626
v -0.9790626 1.075989 0.6786522
v -0.9790977 1.087348 0.6669256
v -0.9790977 1.087348 0.6669256
v -0.9622439 1.04235 0.6668342
v -0.9633489 1.051556 0.6853626
v -1.059929 1.02231 0.7205639
v -1.037085 1.066461 0.692596
v -0.9768424 1.071667 0.6920904
v -0.9768424 1.071667 0.6920904
v -0.9729608 1.018335 0.7197102
v -1.059929 1.02231 0.7205639
v -1.06047 0.9204745 0.6824113
v -1.038872 0.8513972 0.7184325
v -0.9692382 0.8572399 0.7180668
v -0.9692382 0.8572399 0.7180668
v -0.9666704 0.9023038 0.6869577
v -1.06047 0.9204745 0.6824113
v -1.034655 0.8135243 0.7824223
v -1.015104 0.6726545 0.8142467
v -1.015104 0.6677771 0.7874154
v -1.015104 0.6677771 0.7874154
v -1.034655 0.7520825 0.7472957
v -1.034655 0.8135243 0.7824223
v -1.03879 0.8886099 0.7478285
v -1.034655 0.8135243 0.7824223
v -1.034655 0.7520825 0.7472957
v -1.034655 0.7520825 0.7472957
v -1.038872 0.8513972 0.7184325
v -1.03879 0.8886099 0.7478285
v -1.038872 0.8513972 0.7184325
v -1.034655 0.7520825 0.7472957
v -0.9745012 0.7579376 0.7469781
v -0.9745012 0.7579376 0.7469781
v -0.9692382 0.8572399 0.7180668
v -1.038872 0.8513972 0.7184325
v -0.9691885 0.8984896 0.7492466
v -0.9745012 0.823455 0.784005
v -1.034655 0.8135243 0.7824223
v -1.034655 0.8135243 0.7824223
v -1.03879 0.8886099 0.7478285
v -0.9691885 0.8984896 0.7492466
v -1.011752 0.5850892 0.7799165
v -1.015104 0.6677771 0.7874154
v -1.011752 0.6019318 0.7940834
v -1.015104 0.6677771 0.7874154
v -1.015104 0.6726545 0.8142467
v -1.011752 0.6019318 0.7940834
v -1.020726 0.6245131 0.8208526
v -1.011752 0.6019318 0.7940834
v -1.015104 0.6726545 0.8142467
v -1.034655 0.7520825 0.7472957
v -1.015104 0.6677771 0.7874154
v -0.9958069 0.663571 0.789628
v -0.9958069 0.663571 0.789628
v -0.9745012 0.7579376 0.7469781
v -1.034655 0.7520825 0.7472957
v -0.9745012 0.7579376 0.7469781
v -0.9958069 0.663571 0.789628
v -0.9813728 0.6765687 0.8148705
v -0.9813728 0.6765687 0.8148705
v -0.9745012 0.823455 0.784005
v -0.9745012 0.7579376 0.7469781
v -0.9745012 0.823455 0.784005
v -0.9813728 0.6765687 0.8148705
v -1.015104 0.6726545 0.8142467
v -1.015104 0.6726545 0.8142467
v -1.034655 0.8135243 0.7824223
v -0.9745012 0.823455 0.784005
v -1.011752 0.5850892 0.7799165
v -1.011752 0.6019318 0.7940834
v -0.9928164 0.6053948 0.7953521
v -0.9928164 0.6053948 0.7953521
v -0.9928165 0.5898114 0.7829389
v -1.011752 0.5850892 0.7799165
v -1.015104 0.6677771 0.7874154
v -1.011752 0.5850892 0.7799165
v -0.9928165 0.5898114 0.7829389
v -0.9928165 0.5898114 0.7829389
v -0.9958069 0.663571 0.789628
v -1.015104 0.6677771 0.7874154
v -0.9928165 0.5898114 0.7829389
v -0.9928164 0.6053948 0.7953521
v -0.9958069 0.663571 0.789628
v -0.9958069 0.663571 0.789628
v -0.9928164 0.6053948 0.7953521
v -0.9813728 0.6765687 0.8148705
v -0.9738215 0.6284275 0.8214765
v -0.9813728 0.6765687 0.8148705
v -0.9928164 0.6053948 0.7953521
v -0.9813728 0.6765687 0.8148705
v -0.9738215 0.6284275 0.8214765
v -1.020726 0.6245131 0.8208526
v -1.020726 0.6245131 0.8208526
v -1.015104 0.6726545 0.8142467
v -0.9813728 0.6765687 0.8148705
v -0.9928164 0.6053948 0.7953521
v -0.9892031 0.5536063 0.8051525
v -0.9684377 0.5722249 0.826058
v -0.9684377 0.5722249 0.826058
v -0.9738215 0.6284275 0.8214765
v -0.9928164 0.6053948 0.7953521
v -1.007701 0.5657749 0.8050771
v -1.007701 0.5683105 0.8254341
v -0.9684377 0.5722249 0.826058
v -0.9684377 0.5722249 0.826058
v -0.9892031 0.5536063 0.8051525
v -1.007701 0.5657749 0.8050771
v -0.9738215 0.6284275 0.8214765
v -0.9684377 0.5722249 0.826058
v -1.007701 0.5683105 0.8254341
v -1.007701 0.5683105 0.8254341
v -1.020726 0.6245131 0.8208526
v -0.9738215 0.6284275 0.8214765
v -1.011752 0.6019318 0.7940834
v -1.007701 0.5657749 0.8050771
v -0.9892031 0.5536063 0.8051525
v -0.9892031 0.5536063 0.8051525
v -0.9928164 0.6053948 0.7953521
v -1.011752 0.6019318 0.7940834
v -1.020726 0.6245131 0.8208526
v -1.007701 0.5683105 0.8254341
v -1.007701 0.5657749 0.8050771
v -1.007701 0.5657749 0.8050771
v -1.011752 0.6019318 0.7940834
v -1.020726 0.6245131 0.8208526
v -1.002797 0.0006994786 0.6925042
v -1.002709 0.006440357 0.6093668
v -1.018561 0.007336453 0.6925064
v -1.018561 0.007336453 0.6925064
v -1.002709 0.006440357 0.6093668
v -1.082592 0.002478943 0.6867509
v -1.082592 0.002478943 0.6867509
v -1.002709 0.006440357 0.6093668
v -1.153365 -0.004598021 0.6763299
v -1.188263 0.000863891 0.5970034
v -1.153365 -0.004598021 0.6763299
v -1.002709 0.006440357 0.6093668
v -0.969443 0.04903379 0.6745877
v -1.018561 0.007336453 0.6925064
v -1.082592 0.002478943 0.6867509
v -1.082592 0.002478943 0.6867509
v -1.04169 0.0591653 0.6752627
v -0.969443 0.04903379 0.6745877
v -1.051369 0.06229712 0.6752638
v -1.04169 0.0591653 0.6752627
v -1.125361 0.03794804 0.6686769
v -1.04169 0.0591653 0.6752627
v -1.082592 0.002478943 0.6867509
v -1.125361 0.03794804 0.6686769
v -1.153365 -0.004598021 0.6763299
v -1.125361 0.03794804 0.6686769
v -1.082592 0.002478943 0.6867509
v -0.9535916 0.008413569 0.5914352
v -1.002709 0.006440357 0.6093668
v -1.002797 0.0006994786 0.6925042
v -1.002797 0.0006994786 0.6925042
v -0.953679 0.001189176 0.6745721
v -0.9535916 0.008413569 0.5914352
v -1.051369 0.06229712 0.6752638
v -1.125361 0.03794804 0.6686769
v -1.15863 0.04481804 0.6079429
v -1.15863 0.04481804 0.6079429
v -1.04569 0.07260001 0.591456
v -1.051369 0.06229712 0.6752638
v -1.04569 0.07260001 0.591456
v -1.15863 0.04481804 0.6079429
v -1.093182 0.0397951 0.5903705
v -1.093182 0.0397951 0.5903705
v -1.034021 0.05644594 0.5914508
v -1.04569 0.07260001 0.591456
v -0.9582239 0.04174399 0.592826
v -0.9535916 0.008413569 0.5914352
v -0.953679 0.001189176 0.6745721
v -0.953679 0.001189176 0.6745721
v -0.9566497 0.04280299 0.6694391
v -0.9582239 0.04174399 0.592826
v -0.953679 0.001189176 0.6745721
v -0.969443 0.04903379 0.6745877
v -0.9566497 0.04280299 0.6694391
v -0.969443 0.04903379 0.6745877
v -1.04169 0.0591653 0.6752627
v -1.014055 0.06770488 0.6736501
v -1.014055 0.06770488 0.6736501
v -0.9704363 0.07227837 0.6735293
v -0.969443 0.04903379 0.6745877
v -1.04169 0.0591653 0.6752627
v -1.051369 0.06229712 0.6752638
v -1.028761 0.07280874 0.6734166
v -1.028761 0.07280874 0.6734166
v -1.014055 0.06770488 0.6736501
v -1.04169 0.0591653 0.6752627
v -0.9661767 0.3445299 0.6530318
v -0.9446253 0.06457148 0.6686046
v -0.9704363 0.07227837 0.6735293
v -0.9704363 0.07227837 0.6735293
v -0.9889205 0.4032405 0.6537995
v -0.9661767 0.3445299 0.6530318
v -0.9738551 0.3117213 0.5975705
v -0.9465108 0.06189343 0.5930701
v -0.9446253 0.06457148 0.6686046
v -0.9446253 0.06457148 0.6686046
v -0.9661767 0.3445299 0.6530318
v -0.9738551 0.3117213 0.5975705
v -0.9662558 0.4219657 0.6539826
v -0.9661767 0.3445299 0.6530318
v -0.9889205 0.4032405 0.6537995
v -0.9889205 0.4032405 0.6537995
v -0.9896197 0.4290191 0.6541315
v -0.9662558 0.4219657 0.6539826
v -1.034996 0.3879567 0.5975952
v -1.032776 0.4759115 0.5888567
v -1.034996 0.4208418 0.6515892
v -1.032776 0.4759115 0.5888567
v -1.028726 0.4407874 0.6544536
v -1.034996 0.4208418 0.6515892
v -1.025566 0.4164697 0.6562028
v -1.034996 0.4208418 0.6515892
v -1.028726 0.4407874 0.6544536
v -1.028726 0.4407874 0.6544536
v -1.054115 0.6362135 0.6403964
v -0.9961634 0.6702576 0.6572387
v -0.9961634 0.6702576 0.6572387
v -0.9896197 0.4290191 0.6541315
v -1.028726 0.4407874 0.6544536
v -1.04569 0.07260001 0.591456
v -1.034021 0.05644594 0.5914508
v -0.9582239 0.04174399 0.592826
v -0.9582239 0.04174399 0.592826
v -0.9465108 0.06189343 0.5930701
v -1.04569 0.07260001 0.591456
v -0.9535916 0.008413569 0.5914352
v -0.9582239 0.04174399 0.592826
v -1.034021 0.05644594 0.5914508
v -1.125361 0.03794804 0.6686769
v -1.153365 -0.004598021 0.6763299
v -1.188263 0.000863891 0.5970034
v -1.188263 0.000863891 0.5970034
v -1.15863 0.04481804 0.6079429
v -1.125361 0.03794804 0.6686769
v -1.093182 0.0397951 0.5903705
v -0.9535916 0.008413569 0.5914352
v -1.034021 0.05644594 0.5914508
v -1.093182 0.0397951 0.5903705
v -1.15863 0.04481804 0.6079429
v -0.9535916 0.008413569 0.5914352
v -0.9535916 0.008413569 0.5914352
v -1.15863 0.04481804 0.6079429
v -1.002709 0.006440357 0.6093668
v -1.188263 0.000863891 0.5970034
v -1.002709 0.006440357 0.6093668
v -1.15863 0.04481804 0.6079429
v -1.051369 0.06229712 0.6752638
v -1.04569 0.07260001 0.591456
v -1.028761 0.07280874 0.6734166
v -0.9701516 0.7959892 0.6376289
v -0.9665278 0.6876702 0.6572444
v -1.057337 0.7696561 0.6168482
v -0.9665278 0.6876702 0.6572444
v -0.9961634 0.6702576 0.6572387
v -1.057337 0.7696561 0.6168482
v -1.054115 0.6362135 0.6403964
v -1.057337 0.7696561 0.6168482
v -0.9961634 0.6702576 0.6572387
v -0.9620619 1.042526 0.4419585
v -0.9665278 0.9930415 0.4419424
v -0.9790068 1.087495 0.4419732
v -0.9665278 0.9930415 0.4419424
v -0.9447216 1.04208 0.4810853
v -0.9790068 1.087495 0.4419732
v -0.9782107 1.114822 0.5150211
v -0.9790068 1.087495 0.4419732
v -0.9447216 1.04208 0.4810853
v -0.9782107 1.114822 0.5150211
v -1.037138 1.103582 0.5150174
v -1.037138 1.073188 0.4419685
v -1.037138 1.073188 0.4419685
v -0.9790068 1.087495 0.4419732
v -0.9782107 1.114822 0.5150211
v -1.060205 0.9930415 0.4419424
v -1.060205 1.048892 0.4419606
v -1.07609 0.9187715 0.462119
v -1.07609 0.9187715 0.462119
v -1.060205 1.048892 0.4419606
v -1.057337 0.7697022 0.4920267
v -1.060205 1.048892 0.4419606
v -1.079769 1.04679 0.4982437
v -1.057337 0.7697022 0.4920267
v -1.057337 0.7697022 0.4920267
v -1.079769 1.04679 0.4982437
v -1.052794 0.7696945 0.5128461
v -1.052794 0.7696945 0.5128461
v -1.079769 1.04679 0.4982437
v -1.073797 0.7696791 0.5544376
v -1.073797 0.7696791 0.5544376
v -1.079769 1.04679 0.4982437
v -1.078628 0.8810421 0.5544736
v -1.079769 1.04679 0.4982437
v -1.081426 1.050148 0.5545285
v -1.078628 0.8810421 0.5544736
v -1.086404 0.9162648 0.5559583
v -1.078628 0.8810421 0.5544736
v -1.081426 1.050148 0.5545285
v -1.038821 0.851507 0.3905391
v -1.060205 1.048899 0.4232504
v -1.060205 0.9205168 0.4267749
v -1.060205 0.9205168 0.4267749
v -1.060205 1.048899 0.4232504
v -1.060205 0.9930415 0.4419424
v -1.060205 1.048892 0.4419606
v -1.060205 0.9930415 0.4419424
v -1.060205 1.048899 0.4232504
v -0.9665279 0.9187714 0.462119
v -0.9665278 0.9930415 0.4419424
v -1.060205 0.9930415 0.4419424
v -1.060205 0.9930415 0.4419424
v -1.07609 0.9187715 0.462119
v -0.9665279 0.9187714 0.462119
v -0.9443532 0.8999066 0.5082963
v -0.9447216 1.04208 0.4810853
v -0.9665278 0.9930415 0.4419424
v -0.9665278 0.9930415 0.4419424
v -0.9665279 0.9187714 0.462119
v -0.9443532 0.8999066 0.5082963
v -0.9517215 0.796035 0.5128545
v -0.9443532 0.8999066 0.5082963
v -0.9665279 0.9187714 0.462119
v -0.9665279 0.9187714 0.462119
v -0.9701517 0.7960505 0.4712631
v -0.9517215 0.796035 0.5128545
v -0.9701517 0.7960505 0.4712631
v -0.9665279 0.9187714 0.462119
v -1.07609 0.9187715 0.462119
v -1.07609 0.9187715 0.462119
v -1.057337 0.7697022 0.4920267
v -0.9701517 0.7960505 0.4712631
v -1.028965 0.6269858 0.5349337
v -1.052794 0.7696945 0.5128461
v -1.073797 0.7696791 0.5544376
v -1.073797 0.7696791 0.5544376
v -1.059986 0.6269787 0.5545297
v -1.028965 0.6269858 0.5349337
v -1.054115 0.6362765 0.4683919
v -1.057337 0.7697022 0.4920267
v -1.028725 0.440861 0.4542078
v -1.057337 0.7697022 0.4920267
v -1.052794 0.7696945 0.5128461
v -1.028725 0.440861 0.4542078
v -1.028725 0.440861 0.4542078
v -1.052794 0.7696945 0.5128461
v -1.032776 0.4759368 0.5198274
v -1.028965 0.6269858 0.5349337
v -1.032776 0.4759368 0.5198274
v -1.052794 0.7696945 0.5128461
v -0.9503997 0.6877213 0.5187012
v -0.9517215 0.796035 0.5128545
v -0.9701517 0.7960505 0.4712631
v -0.9701517 0.7960505 0.4712631
v -0.9665279 0.6877459 0.4515775
v -0.9503997 0.6877213 0.5187012
v -1.037138 1.103582 0.5150174
v -1.037138 1.100872 0.5545449
v -1.081426 1.050148 0.5545285
v -1.081426 1.050148 0.5545285
v -1.079769 1.04679 0.4982437
v -1.037138 1.103582 0.5150174
v -1.037138 1.073188 0.4419685
v -1.037138 1.103582 0.5150174
v -1.079769 1.04679 0.4982437
v -1.079769 1.04679 0.4982437
v -1.060205 1.048892 0.4419606
v -1.037138 1.073188 0.4419685
v -0.9503996 0.6877082 0.5544109
v -0.9517215 0.7960197 0.554446
v -0.9517215 0.796035 0.5128545
v -0.9517215 0.796035 0.5128545
v -0.9503997 0.6877213 0.5187012
v -0.9503996 0.6877082 0.5544109
v -0.9517215 0.7960197 0.554446
v -0.9389427 0.8810421 0.5544736
v -0.9443532 0.8999066 0.5082963
v -0.9443532 0.8999066 0.5082963
v -0.9517215 0.796035 0.5128545
v -0.9517215 0.7960197 0.554446
v -0.9389427 0.8810421 0.5544736
v -0.9388951 1.03341 0.554523
v -0.9447216 1.04208 0.4810853
v -0.9447216 1.04208 0.4810853
v -0.9443532 0.8999066 0.5082963
v -0.9389427 0.8810421 0.5544736
v -1.059986 0.6269787 0.5545297
v -0.9503996 0.6877082 0.5544109
v -0.9503997 0.6877213 0.5187012
v -0.9503997 0.6877213 0.5187012
v -1.028965 0.6269858 0.5349337
v -1.059986 0.6269787 0.5545297
v -0.9630148 1.118244 0.5545506
v -1.037138 1.100872 0.5545449
v -1.037138 1.103582 0.5150174
v -1.037138 1.103582 0.5150174
v -0.9782107 1.114822 0.5150211
v -0.9630148 1.118244 0.5545506
v -0.9388951 1.03341 0.554523
v -0.9630148 1.118244 0.5545506
v -0.9782107 1.114822 0.5150211
v -0.9782107 1.114822 0.5150211
v -0.9447216 1.04208 0.4810853
v -0.9388951 1.03341 0.554523
v -0.9465107 0.06192216 0.5153455
v -0.9446251 0.06465576 0.4398126
v -0.9566496 0.04288787 0.4389639
v -0.9566496 0.04288787 0.4389639
v -0.9582238 0.04177253 0.5155764
v -0.9465107 0.06192216 0.5153455
v -0.998179 0.3807817 0.5227786
v -0.973855 0.3117531 0.5110071
v -1.034996 0.3879885 0.5110319
v -1.018548 0.5949904 0.5349234
v -1.004295 0.6116283 0.5451169
v -0.998179 0.3807817 0.5227786
v -1.004295 0.6116283 0.5451169
v -0.9503997 0.6877213 0.5187012
v -0.998179 0.3807817 0.5227786
v -0.973855 0.3117531 0.5110071
v -0.998179 0.3807817 0.5227786
v -0.9503997 0.6877213 0.5187012
v -0.966256 0.4220389 0.4546666
v -0.9661766 0.3446026 0.455567
v -0.9665279 0.6877459 0.4515775
v -0.9661766 0.3446026 0.455567
v -0.973855 0.3117531 0.5110071
v -0.9665279 0.6877459 0.4515775
v -0.9503997 0.6877213 0.5187012
v -0.9665279 0.6877459 0.4515775
v -0.973855 0.3117531 0.5110071
v -0.9665279 0.6877459 0.4515775
v -0.9961632 0.6703329 0.4515716
v -0.98962 0.4290927 0.4545223
v -0.98962 0.4290927 0.4545223
v -0.966256 0.4220389 0.4546666
v -0.9665279 0.6877459 0.4515775
v -0.953679 0.001277897 0.4338039
v -0.9694429 0.04912243 0.4338194
v -1.01856 0.007438279 0.4158737
v -1.01856 0.007438279 0.4158737
v -1.002797 0.0008013043 0.4158715
v -0.953679 0.001277897 0.4338039
v -1.034996 0.4209132 0.4570593
v -1.048124 0.3904074 0.4587886
v -1.028761 0.07289649 0.4350061
v -1.048124 0.3904074 0.4587886
v -1.038439 0.3364624 0.5147907
v -1.028761 0.07289649 0.4350061
v -1.04569 0.07262754 0.5169664
v -1.028761 0.07289649 0.4350061
v -1.038439 0.3364624 0.5147907
v -0.9446251 0.06465576 0.4398126
v -0.9704363 0.07236623 0.434893
v -0.9694429 0.04912243 0.4338194
v -0.9694429 0.04912243 0.4338194
v -0.9566496 0.04288787 0.4389639
v -0.9446251 0.06465576 0.4398126
v -1.004295 0.6116283 0.5451169
v -1.018548 0.5949904 0.5349234
v -1.028965 0.6269858 0.5349337
v -1.028965 0.6269858 0.5349337
v -0.9503997 0.6877213 0.5187012
v -1.004295 0.6116283 0.5451169
v -1.028965 0.6269858 0.5349337
v -1.018548 0.5949904 0.5349234
v -1.032776 0.4759368 0.5198274
v -1.032776 0.4759368 0.5198274
v -1.018548 0.5949904 0.5349234
v -1.034996 0.3879885 0.5110319
v -0.998179 0.3807817 0.5227786
v -1.034996 0.3879885 0.5110319
v -1.018548 0.5949904 0.5349234
v -1.038439 0.3364624 0.5147907
v -1.048124 0.3904074 0.4587886
v -1.034996 0.4209132 0.4570593
v -1.034996 0.4209132 0.4570593
v -1.034996 0.3879885 0.5110319
v -1.038439 0.3364624 0.5147907
v -1.034996 0.3879885 0.5110319
v -1.04569 0.07262754 0.5169664
v -1.038439 0.3364624 0.5147907
v -1.034996 0.3879885 0.5110319
v -0.973855 0.3117531 0.5110071
v -0.9465107 0.06192216 0.5153455
v -0.9465107 0.06192216 0.5153455
v -1.04569 0.07262754 0.5169664
v -1.034996 0.3879885 0.5110319
v -1.014055 0.06779281 0.4347692
v -1.025566 0.4165448 0.4524429
v -1.034996 0.4209132 0.4570593
v -1.034996 0.4209132 0.4570593
v -1.028761 0.07289649 0.4350061
v -1.014055 0.06779281 0.4347692
v -0.9704363 0.07236623 0.434893
v -0.9889206 0.4033137 0.4548376
v -1.025566 0.4165448 0.4524429
v -1.025566 0.4165448 0.4524429
v -1.014055 0.06779281 0.4347692
v -0.9704363 0.07236623 0.434893
v -0.9889206 0.4033137 0.4548376
v -0.98962 0.4290927 0.4545223
v -1.028725 0.440861 0.4542078
v -1.028725 0.440861 0.4542078
v -1.025566 0.4165448 0.4524429
v -0.9889206 0.4033137 0.4548376
v -1.060205 1.048899 0.4232504
v -1.038821 0.851507 0.3905391
v -1.038821 0.8887262 0.3611989
v -1.038821 0.8887262 0.3611989
v -1.060205 1.022278 0.3889089
v -1.060205 1.048899 0.4232504
v -1.037138 1.073188 0.4419685
v -1.060205 1.048892 0.4419606
v -1.060205 1.048899 0.4232504
v -1.060205 1.048899 0.4232504
v -1.037138 1.066509 0.4301616
v -1.037138 1.073188 0.4419685
v -0.969233 0.8573618 0.3908605
v -0.9665279 0.9024372 0.4219173
v -0.9632754 1.051798 0.4232514
v -0.9632754 1.051798 0.4232514
v -0.9665279 0.9024372 0.4219173
v -0.9620619 1.042526 0.4419585
v -0.9665278 0.9930415 0.4419424
v -0.9620619 1.042526 0.4419585
v -0.9665279 0.9024372 0.4219173
v -1.060205 0.9930415 0.4419424
v -0.9665278 0.9930415 0.4419424
v -0.9665279 0.9024372 0.4219173
v -0.9665279 0.9024372 0.4219173
v -1.060205 0.9205168 0.4267749
v -1.060205 0.9930415 0.4419424
v -0.9790068 1.087495 0.4419732
v -1.037138 1.073188 0.4419685
v -1.037138 1.066509 0.4301616
v -1.037138 1.066509 0.4301616
v -0.9790068 1.076165 0.4301648
v -0.9790068 1.087495 0.4419732
v -0.969233 0.8986582 0.3596227
v -0.9732115 1.018574 0.3889077
v -1.060205 1.022278 0.3889089
v -1.060205 1.022278 0.3889089
v -1.038821 0.8887262 0.3611989
v -0.969233 0.8986582 0.3596227
v -0.969233 0.8573618 0.3908605
v -0.969233 0.8986582 0.3596227
v -0.9745011 0.8236236 0.3249045
v -0.9745011 0.8236236 0.3249045
v -0.9745011 0.7580789 0.3618888
v -0.969233 0.8573618 0.3908605
v -0.9790068 1.076165 0.4301648
v -1.037138 1.066509 0.4301616
v -1.037138 1.066514 0.4166125
v -1.037138 1.066514 0.4166125
v -0.9769125 1.07188 0.4166141
v -0.9790068 1.076165 0.4301648
v -1.037138 1.066509 0.4301616
v -1.060205 1.048899 0.4232504
v -1.060205 1.022278 0.3889089
v -1.060205 1.022278 0.3889089
v -1.037138 1.066514 0.4166125
v -1.037138 1.066509 0.4301616
v -0.969233 0.8986582 0.3596227
v -0.969233 0.8573618 0.3908605
v -0.9732115 1.018574 0.3889077
v -0.9732115 1.018574 0.3889077
v -0.969233 0.8573618 0.3908605
v -0.9769125 1.07188 0.4166141
v -0.9632754 1.051798 0.4232514
v -0.9769125 1.07188 0.4166141
v -0.969233 0.8573618 0.3908605
v -0.9632754 1.051798 0.4232514
v -0.9790068 1.076165 0.4301648
v -0.9769125 1.07188 0.4166141
v -0.9632754 1.051798 0.4232514
v -0.9620619 1.042526 0.4419585
v -0.9790068 1.087495 0.4419732
v -0.9790068 1.087495 0.4419732
v -0.9790068 1.076165 0.4301648
v -0.9632754 1.051798 0.4232514
v -1.060205 1.022278 0.3889089
v -0.9732115 1.018574 0.3889077
v -0.9769125 1.07188 0.4166141
v -0.9769125 1.07188 0.4166141
v -1.037138 1.066514 0.4166125
v -1.060205 1.022278 0.3889089
v -1.060205 0.9205168 0.4267749
v -0.9665279 0.9024372 0.4219173
v -0.969233 0.8573618 0.3908605
v -0.969233 0.8573618 0.3908605
v -1.038821 0.851507 0.3905391
v -1.060205 0.9205168 0.4267749
v -1.034655 0.8136916 0.3264808
v -1.034655 0.7522241 0.3615673
v -1.015104 0.6679481 0.3213931
v -1.015104 0.6679481 0.3213931
v -1.015104 0.6728452 0.294565
v -1.034655 0.8136916 0.3264808
v -1.038821 0.8887262 0.3611989
v -1.038821 0.851507 0.3905391
v -1.034655 0.7522241 0.3615673
v -1.034655 0.7522241 0.3615673
v -1.034655 0.8136916 0.3264808
v -1.038821 0.8887262 0.3611989
v -1.038821 0.851507 0.3905391
v -0.969233 0.8573618 0.3908605
v -0.9745011 0.7580789 0.3618888
v -0.9745011 0.7580789 0.3618888
v -1.034655 0.7522241 0.3615673
v -1.038821 0.851507 0.3905391
v -0.969233 0.8986582 0.3596227
v -1.038821 0.8887262 0.3611989
v -1.034655 0.8136916 0.3264808
v -1.034655 0.8136916 0.3264808
v -0.9745011 0.8236236 0.3249045
v -0.969233 0.8986582 0.3596227
v -1.020725 0.6247087 0.2879279
v -1.015104 0.6728452 0.294565
v -1.011752 0.6021077 0.3146824
v -1.015104 0.6728452 0.294565
v -1.015104 0.6679481 0.3213931
v -1.011752 0.6021077 0.3146824
v -1.011751 0.5852547 0.3288383
v -1.011752 0.6021077 0.3146824
v -1.015104 0.6679481 0.3213931
v -1.034655 0.7522241 0.3615673
v -0.9745011 0.7580789 0.3618888
v -0.9958069 0.6637437 0.3191779
v -0.9958069 0.6637437 0.3191779
v -1.015104 0.6679481 0.3213931
v -1.034655 0.7522241 0.3615673
v -0.9745011 0.7580789 0.3618888
v -0.9745011 0.8236236 0.3249045
v -0.9813728 0.6767601 0.2939437
v -0.9813728 0.6767601 0.2939437
v -0.9958069 0.6637437 0.3191779
v -0.9745011 0.7580789 0.3618888
v -0.9745011 0.8236236 0.3249045
v -1.034655 0.8136916 0.3264808
v -1.015104 0.6728452 0.294565
v -1.015104 0.6728452 0.294565
v -0.9813728 0.6767601 0.2939437
v -0.9745011 0.8236236 0.3249045
v -1.011751 0.5852547 0.3288383
v -0.9928164 0.589979 0.3258191
v -0.9928164 0.6055717 0.3134159
v -0.9928164 0.6055717 0.3134159
v -1.011752 0.6021077 0.3146824
v -1.011751 0.5852547 0.3288383
v -1.015104 0.6679481 0.3213931
v -0.9958069 0.6637437 0.3191779
v -0.9928164 0.589979 0.3258191
v -0.9928164 0.589979 0.3258191
v -1.011751 0.5852547 0.3288383
v -1.015104 0.6679481 0.3213931
v -0.9738214 0.6286235 0.2873066
v -0.9928164 0.6055717 0.3134159
v -0.9813728 0.6767601 0.2939437
v -0.9813728 0.6767601 0.2939437
v -0.9928164 0.6055717 0.3134159
v -0.9958069 0.6637437 0.3191779
v -0.9928164 0.589979 0.3258191
v -0.9958069 0.6637437 0.3191779
v -0.9928164 0.6055717 0.3134159
v -0.9813728 0.6767601 0.2939437
v -1.015104 0.6728452 0.294565
v -1.020725 0.6247087 0.2879279
v -1.020725 0.6247087 0.2879279
v -0.9738214 0.6286235 0.2873066
v -0.9813728 0.6767601 0.2939437
v -0.9928164 0.6055717 0.3134159
v -0.9738214 0.6286235 0.2873066
v -0.9684377 0.5724244 0.2826885
v -0.9684377 0.5724244 0.2826885
v -0.9892031 0.5537904 0.303582
v -0.9928164 0.6055717 0.3134159
v -1.007701 0.5659589 0.3036652
v -0.9892031 0.5537904 0.303582
v -0.9684377 0.5724244 0.2826885
v -0.9684377 0.5724244 0.2826885
v -1.007701 0.5685094 0.2833099
v -1.007701 0.5659589 0.3036652
v -0.9738214 0.6286235 0.2873066
v -1.020725 0.6247087 0.2879279
v -1.007701 0.5685094 0.2833099
v -1.007701 0.5685094 0.2833099
v -0.9684377 0.5724244 0.2826885
v -0.9738214 0.6286235 0.2873066
v -1.011752 0.6021077 0.3146824
v -0.9928164 0.6055717 0.3134159
v -0.9892031 0.5537904 0.303582
v -0.9892031 0.5537904 0.303582
v -1.007701 0.5659589 0.3036652
v -1.011752 0.6021077 0.3146824
v -1.020725 0.6247087 0.2879279
v -1.011752 0.6021077 0.3146824
v -1.007701 0.5659589 0.3036652
v -1.007701 0.5659589 0.3036652
v -1.007701 0.5685094 0.2833099
v -1.020725 0.6247087 0.2879279
v -1.002797 0.0008013043 0.4158715
v -1.01856 0.007438279 0.4158737
v -1.002709 0.006481102 0.4990127
v -1.01856 0.007438279 0.4158737
v -1.082592 0.002576552 0.421626
v -1.002709 0.006481102 0.4990127
v -1.082592 0.002576552 0.421626
v -1.153365 -0.004507982 0.4320424
v -1.002709 0.006481102 0.4990127
v -1.188263 0.0008955232 0.5113726
v -1.002709 0.006481102 0.4990127
v -1.153365 -0.004507982 0.4320424
v -0.9694429 0.04912243 0.4338194
v -1.04169 0.0592544 0.4331509
v -1.082592 0.002576552 0.421626
v -1.082592 0.002576552 0.421626
v -1.01856 0.007438279 0.4158737
v -0.9694429 0.04912243 0.4338194
v -1.051369 0.06238618 0.4331519
v -1.125361 0.03803236 0.4397231
v -1.04169 0.0592544 0.4331509
v -1.04169 0.0592544 0.4331509
v -1.125361 0.03803236 0.4397231
v -1.082592 0.002576552 0.421626
v -1.153365 -0.004507982 0.4320424
v -1.082592 0.002576552 0.421626
v -1.125361 0.03803236 0.4397231
v -0.9535915 0.008441173 0.5169457
v -0.953679 0.001277897 0.4338039
v -1.002797 0.0008013043 0.4158715
v -1.002797 0.0008013043 0.4158715
v -1.002709 0.006481102 0.4990127
v -0.9535915 0.008441173 0.5169457
v -1.051369 0.06238618 0.4331519
v -1.04569 0.07262754 0.5169664
v -1.15863 0.0448578 0.5004615
v -1.15863 0.0448578 0.5004615
v -1.125361 0.03803236 0.4397231
v -1.051369 0.06238618 0.4331519
v -1.04569 0.07262754 0.5169664
v -1.034021 0.05647355 0.5169612
v -1.093182 0.03982184 0.5180306
v -1.093182 0.03982184 0.5180306
v -1.15863 0.0448578 0.5004615
v -1.04569 0.07262754 0.5169664
v -0.9582238 0.04177253 0.5155764
v -0.9566496 0.04288787 0.4389639
v -0.953679 0.001277897 0.4338039
v -0.953679 0.001277897 0.4338039
v -0.9535915 0.008441173 0.5169457
v -0.9582238 0.04177253 0.5155764
v -0.9694429 0.04912243 0.4338194
v -0.953679 0.001277897 0.4338039
v -0.9566496 0.04288787 0.4389639
v -0.9694429 0.04912243 0.4338194
v -0.9704363 0.07236623 0.434893
v -1.014055 0.06779281 0.4347692
v -1.014055 0.06779281 0.4347692
v -1.04169 0.0592544 0.4331509
v -0.9694429 0.04912243 0.4338194
v -1.04169 0.0592544 0.4331509
v -1.014055 0.06779281 0.4347692
v -1.028761 0.07289649 0.4350061
v -1.028761 0.07289649 0.4350061
v -1.051369 0.06238618 0.4331519
v -1.04169 0.0592544 0.4331509
v -0.9661766 0.3446026 0.455567
v -0.9889206 0.4033137 0.4548376
v -0.9704363 0.07236623 0.434893
v -0.9704363 0.07236623 0.434893
v -0.9446251 0.06465576 0.4398126
v -0.9661766 0.3446026 0.455567
v -0.973855 0.3117531 0.5110071
v -0.9661766 0.3446026 0.455567
v -0.9446251 0.06465576 0.4398126
v -0.9446251 0.06465576 0.4398126
v -0.9465107 0.06192216 0.5153455
v -0.973855 0.3117531 0.5110071
v -0.966256 0.4220389 0.4546666
v -0.98962 0.4290927 0.4545223
v -0.9889206 0.4033137 0.4548376
v -0.9889206 0.4033137 0.4548376
v -0.9661766 0.3446026 0.455567
v -0.966256 0.4220389 0.4546666
v -1.025566 0.4165448 0.4524429
v -1.028725 0.440861 0.4542078
v -1.034996 0.4209132 0.4570593
v -1.034996 0.4209132 0.4570593
v -1.028725 0.440861 0.4542078
v -1.034996 0.3879885 0.5110319
v -1.032776 0.4759368 0.5198274
v -1.034996 0.3879885 0.5110319
v -1.028725 0.440861 0.4542078
v -1.028725 0.440861 0.4542078
v -0.98962 0.4290927 0.4545223
v -0.9961632 0.6703329 0.4515716
v -0.9961632 0.6703329 0.4515716
v -1.054115 0.6362765 0.4683919
v -1.028725 0.440861 0.4542078
v -1.04569 0.07262754 0.5169664
v -0.9465107 0.06192216 0.5153455
v -0.9582238 0.04177253 0.5155764
v -0.9582238 0.04177253 0.5155764
v -1.034021 0.05647355 0.5169612
v -1.04569 0.07262754 0.5169664
v -0.9582238 0.04177253 0.5155764
v -0.9535915 0.008441173 0.5169457
v -1.034021 0.05647355 0.5169612
v -1.125361 0.03803236 0.4397231
v -1.15863 0.0448578 0.5004615
v -1.188263 0.0008955232 0.5113726
v -1.188263 0.0008955232 0.5113726
v -1.153365 -0.004507982 0.4320424
v -1.125361 0.03803236 0.4397231
v -1.093182 0.03982184 0.5180306
v -0.9535915 0.008441173 0.5169457
v -1.15863 0.0448578 0.5004615
v -0.9535915 0.008441173 0.5169457
v -1.002709 0.006481102 0.4990127
v -1.15863 0.0448578 0.5004615
v -1.188263 0.0008955232 0.5113726
v -1.15863 0.0448578 0.5004615
v -1.002709 0.006481102 0.4990127
v -0.9535915 0.008441173 0.5169457
v -1.093182 0.03982184 0.5180306
v -1.034021 0.05647355 0.5169612
v -1.04569 0.07262754 0.5169664
v -1.051369 0.06238618 0.4331519
v -1.028761 0.07289649 0.4350061
v -0.9701517 0.7960505 0.4712631
v -1.057337 0.7697022 0.4920267
v -0.9665279 0.6877459 0.4515775
v -0.9665279 0.6877459 0.4515775
v -1.057337 0.7697022 0.4920267
v -0.9961632 0.6703329 0.4515716
v -1.054115 0.6362765 0.4683919
v -0.9961632 0.6703329 0.4515716
v -1.057337 0.7697022 0.4920267
v -1.063859 1.250666 0.5893719
v -1.082687 1.192404 0.5872326
v -1.094242 1.204499 0.5846077
v -1.082687 1.192404 0.5872326
v -1.063859 1.250666 0.5893719
v -1.054595 1.172716 0.5963564
v -1.082687 1.192404 0.5872326
v -1.097263 1.199783 0.5561999
v -1.094242 1.204499 0.5846077
v -1.063128 1.250891 0.5224457
v -1.084139 1.246428 0.5544111
v -1.093361 1.205665 0.523708
v -0.953975 1.185632 0.5663456
v -0.9545005 1.183419 0.54295
v -0.9717677 1.135018 0.5546235
v -0.9717677 1.135018 0.5546235
v -0.9877381 1.13741 0.580834
v -0.953975 1.185632 0.5663456
v -1.068209 1.143535 0.5162978
v -1.084173 1.188272 0.520818
v -1.09049 1.127187 0.5310581
v -0.9727571 1.097885 0.5774156
v -0.9717677 1.135018 0.5546235
v -0.973067 1.097933 0.5318801
v -0.9877381 1.13741 0.580834
v -0.9630398 1.213491 0.5914471
v -0.953975 1.185632 0.5663456
v -1.091023 1.147921 0.5839861
v -1.082687 1.192404 0.5872326
v -1.054595 1.172716 0.5963564
v -0.9877381 1.13741 0.580834
v -1.00036 1.177942 0.5969276
v -0.9630398 1.213491 0.5914471
v -0.9950771 1.136476 0.5275025
v -1.000782 1.177187 0.5130804
v -1.068209 1.143535 0.5162978
v -1.068209 1.143535 0.5162978
v -1.057457 1.224074 0.5140027
v -1.084173 1.188272 0.520818
v -1.038527 1.090946 0.5425286
v -1.068209 1.143535 0.5162978
v -1.068424 1.112113 0.5432272
v -0.9877381 1.13741 0.580834
v -1.054595 1.172716 0.5963564
v -1.00036 1.177942 0.5969276
v -1.063859 1.250666 0.5893719
v -1.094242 1.204499 0.5846077
v -1.084139 1.246428 0.5544111
v -1.042565 1.090442 0.5648904
v -1.038527 1.090946 0.5425286
v -1.068424 1.112113 0.5432272
v -0.9699522 1.188084 0.5240511
v -0.9545005 1.183419 0.54295
v -0.9657532 1.217354 0.5241866
v -1.104851 1.162837 0.5546326
v -1.097263 1.199783 0.5561999
v -1.093857 1.162176 0.5653829
v -1.084173 1.188272 0.520818
v -1.093361 1.205665 0.523708
v -1.097263 1.199783 0.5561999
v -1.093748 1.16387 0.5438654
v -1.084173 1.188272 0.520818
v -1.097263 1.199783 0.5561999
v -1.064403 1.136982 0.5875304
v -1.085842 1.136037 0.5859573
v -1.054595 1.172716 0.5963564
v -1.091023 1.147921 0.5839861
v -1.094633 1.142784 0.5539009
v -1.093819 1.144461 0.5345058
v -1.094764 1.112711 0.5574564
v -1.09049 1.127187 0.5310581
v -1.094633 1.142784 0.5539009
v -1.093748 1.16387 0.5438654
v -1.093841 1.154645 0.5522568
v -1.093819 1.144461 0.5345058
v -1.093857 1.162176 0.5653829
v -1.091023 1.147921 0.5839861
v -1.093819 1.144461 0.5345058
v -1.093819 1.144461 0.5345058
v -1.093841 1.154645 0.5522568
v -1.093857 1.162176 0.5653829
v -1.068424 1.112113 0.5432272
v -1.068209 1.143535 0.5162978
v -1.09049 1.127187 0.5310581
v -1.09049 1.127187 0.5310581
v -1.084173 1.188272 0.520818
v -1.093748 1.16387 0.5438654
v -1.097263 1.199783 0.5561999
v -1.084139 1.246428 0.5544111
v -1.094242 1.204499 0.5846077
v -1.068424 1.112113 0.5432272
v -1.094764 1.112711 0.5574564
v -1.064403 1.136982 0.5875304
v -1.09049 1.127187 0.5310581
v -1.094764 1.112711 0.5574564
v -1.068424 1.112113 0.5432272
v -1.059899 1.26474 0.5548791
v -1.084139 1.246428 0.5544111
v -1.063128 1.250891 0.5224457
v -1.059899 1.26474 0.5548791
v -1.063859 1.250666 0.5893719
v -1.084139 1.246428 0.5544111
v -0.9606664 1.226576 0.5548666
v -0.9657532 1.217354 0.5241866
v -0.9545005 1.183419 0.54295
v -0.9545005 1.183419 0.54295
v -0.953975 1.185632 0.5663456
v -0.9606664 1.226576 0.5548666
v -1.094633 1.142784 0.5539009
v -1.091023 1.147921 0.5839861
v -1.085842 1.136037 0.5859573
v -1.085842 1.136037 0.5859573
v -1.094764 1.112711 0.5574564
v -1.094633 1.142784 0.5539009
v -1.042565 1.090442 0.5648904
v -0.9727571 1.097885 0.5774156
v -0.973067 1.097933 0.5318801
v -1.093857 1.162176 0.5653829
v -1.082687 1.192404 0.5872326
v -1.091023 1.147921 0.5839861
v -0.9699522 1.188084 0.5240511
v -1.000782 1.177187 0.5130804
v -0.9950771 1.136476 0.5275025
v -1.085842 1.136037 0.5859573
v -1.091023 1.147921 0.5839861
v -1.054595 1.172716 0.5963564
v -0.9727571 1.097885 0.5774156
v -0.9877381 1.13741 0.580834
v -0.9717677 1.135018 0.5546235
v -1.068424 1.112113 0.5432272
v -1.064403 1.136982 0.5875304
v -1.042565 1.090442 0.5648904
v -0.973067 1.097933 0.5318801
v -0.9950771 1.136476 0.5275025
v -1.068209 1.143535 0.5162978
v -1.068209 1.143535 0.5162978
v -1.038527 1.090946 0.5425286
v -0.973067 1.097933 0.5318801
v -0.9606664 1.226576 0.5548666
v -1.004391 1.260551 0.5548777
v -1.00302 1.241195 0.5164088
v -1.00302 1.241195 0.5164088
v -0.9657532 1.217354 0.5241866
v -0.9606664 1.226576 0.5548666
v -1.00302 1.241195 0.5164088
v -1.057457 1.224074 0.5140027
v -1.068209 1.143535 0.5162978
v -1.068209 1.143535 0.5162978
v -1.000782 1.177187 0.5130804
v -1.00302 1.241195 0.5164088
v -1.064403 1.136982 0.5875304
v -0.9877381 1.13741 0.580834
v -0.9727571 1.097885 0.5774156
v -0.9727571 1.097885 0.5774156
v -1.042565 1.090442 0.5648904
v -1.064403 1.136982 0.5875304
v -1.00036 1.177942 0.5969276
v -1.003728 1.238427 0.5934408
v -0.9630398 1.213491 0.5914471
v -0.9657532 1.217354 0.5241866
v -1.00302 1.241195 0.5164088
v -1.000782 1.177187 0.5130804
v -1.000782 1.177187 0.5130804
v -0.9699522 1.188084 0.5240511
v -0.9657532 1.217354 0.5241866
v -1.059899 1.26474 0.5548791
v -1.063128 1.250891 0.5224457
v -1.00302 1.241195 0.5164088
v -1.00302 1.241195 0.5164088
v -1.004391 1.260551 0.5548777
v -1.059899 1.26474 0.5548791
v -1.054595 1.172716 0.5963564
v -1.063859 1.250666 0.5893719
v -1.003728 1.238427 0.5934408
v -1.003728 1.238427 0.5934408
v -1.00036 1.177942 0.5969276
v -1.054595 1.172716 0.5963564
v -1.003728 1.238427 0.5934408
v -1.063859 1.250666 0.5893719
v -1.059899 1.26474 0.5548791
v -1.059899 1.26474 0.5548791
v -1.004391 1.260551 0.5548777
v -1.003728 1.238427 0.5934408
v -1.003728 1.238427 0.5934408
v -1.004391 1.260551 0.5548777
v -0.9606664 1.226576 0.5548666
v -0.9606664 1.226576 0.5548666
v -0.9630398 1.213491 0.5914471
v -1.003728 1.238427 0.5934408
v -0.9545005 1.183419 0.54295
v -0.9699522 1.188084 0.5240511
v -0.9950771 1.136476 0.5275025
v -0.9950771 1.136476 0.5275025
v -0.9717677 1.135018 0.5546235
v -0.9545005 1.183419 0.54295
v -0.953975 1.185632 0.5663456
v -0.9630398 1.213491 0.5914471
v -0.9606664 1.226576 0.5548666
v -1.00302 1.241195 0.5164088
v -1.063128 1.250891 0.5224457
v -1.057457 1.224074 0.5140027
v -1.042565 1.090442 0.5648904
v -0.973067 1.097933 0.5318801
v -1.038527 1.090946 0.5425286
v -1.093748 1.16387 0.5438654
v -1.097263 1.199783 0.5561999
v -1.104851 1.162837 0.5546326
v -0.9717677 1.135018 0.5546235
v -0.9950771 1.136476 0.5275025
v -0.973067 1.097933 0.5318801
v -1.057457 1.224074 0.5140027
v -1.063128 1.250891 0.5224457
v -1.093361 1.205665 0.523708
v -1.093361 1.205665 0.523708
v -1.084173 1.188272 0.520818
v -1.057457 1.224074 0.5140027
v -1.104851 1.162837 0.5546326
v -1.093857 1.162176 0.5653829
v -1.093748 1.16387 0.5438654
v -1.064403 1.136982 0.5875304
v -1.054595 1.172716 0.5963564
v -0.9877381 1.13741 0.580834
v -1.085842 1.136037 0.5859573
v -1.064403 1.136982 0.5875304
v -1.094764 1.112711 0.5574564
v -1.09049 1.127187 0.5310581
v -1.093748 1.16387 0.5438654
v -1.093819 1.144461 0.5345058
v -1.09049 1.127187 0.5310581
v -1.093819 1.144461 0.5345058
v -1.094633 1.142784 0.5539009
v -1.084139 1.246428 0.5544111
v -1.097263 1.199783 0.5561999
v -1.093361 1.205665 0.523708
v -1.093857 1.162176 0.5653829
v -1.093841 1.154645 0.5522568
v -1.093748 1.16387 0.5438654
v -1.097263 1.199783 0.5561999
v -1.082687 1.192404 0.5872326
v -1.093857 1.162176 0.5653829
vt 0.8501904 0.4501522
vt 0.8501904 0.4030369
vt 0.9013475 0.4110822
vt 0.8501904 0.4030369
vt 0.9013475 0.3639669
vt 0.9013475 0.4110822
vt 0.9013475 0.3865497
vt 0.9013475 0.4110822
vt 0.9013475 0.3639669
vt 0.8769611 0.6070436
vt 0.939461 0.5840363
vt 0.939461 0.5421139
vt 0.939461 0.5421139
vt 0.8769609 0.542114
vt 0.8769611 0.6070436
vt 0.3690044 0.1947162
vt 0.3534557 0.3809013
vt 0.374006 0.03381319
vt 0.374006 0.03381319
vt 0.3534557 0.3809013
vt 0.4035353 0.03781445
vt 0.3534557 0.3809013
vt 0.413884 0.3736776
vt 0.4035353 0.03781445
vt 0.4035353 0.03781445
vt 0.413884 0.3736776
vt 0.4352012 0.04273853
vt 0.4352012 0.04273853
vt 0.413884 0.3736776
vt 0.435869 0.1914199
vt 0.435869 0.1914199
vt 0.413884 0.3736776
vt 0.4691165 0.2911789
vt 0.4787588 0.3943068
vt 0.4691165 0.2911789
vt 0.413884 0.3736776
vt 0.3534557 0.3809013
vt 0.3690044 0.1947162
vt 0.3660035 0.2307734
vt 0.4476911 0.2911789
vt 0.431188 0.3720788
vt 0.4691165 0.2911789
vt 0.431188 0.3720788
vt 0.4928298 0.3102832
vt 0.4691165 0.2911789
vt 0.4960662 0.2115506
vt 0.4691165 0.2911789
vt 0.4928298 0.3102832
vt 0.435869 0.1914199
vt 0.4453746 0.2737689
vt 0.4753384 0.2977765
vt 0.4753384 0.2977765
vt 0.477305 0.1458249
vt 0.435869 0.1914199
vt 0.8634133 0.203646
vt 0.9017558 0.184111
vt 0.9043484 0.3639669
vt 0.9043484 0.3639669
vt 0.8501904 0.4030369
vt 0.8634133 0.203646
vt 0.8766362 0.1005108
vt 0.8991632 0.08850697
vt 0.9017558 0.184111
vt 0.9017558 0.184111
vt 0.8634133 0.203646
vt 0.8766362 0.1005108
vt 0.4692683 0.04766265
vt 0.4352012 0.04273853
vt 0.435869 0.1914199
vt 0.435869 0.1914199
vt 0.477305 0.1458249
vt 0.4692683 0.04766265
vt 0.2859931 0.9083923
vt 0.2496161 0.9094183
vt 0.2496161 0.9989516
vt 0.2496161 0.9989516
vt 0.2955076 0.9977125
vt 0.2859931 0.9083923
vt 0.2739679 0.5406521
vt 0.2621681 0.8477499
vt 0.3369879 0.5376512
vt 0.2621681 0.8477499
vt 0.2631684 0.9242941
vt 0.3369879 0.5376512
vt 0.2631684 0.9242941
vt 0.3429898 0.9518506
vt 0.3369879 0.5376512
vt 0.3189822 0.8055395
vt 0.3369879 0.5376512
vt 0.3429898 0.9518506
vt 0.2890013 0.682906
vt 0.3401584 0.6892077
vt 0.3401584 0.8314736
vt 0.3401584 0.8314736
vt 0.2890013 0.8239116
vt 0.2890013 0.682906
vt 0.4328196 0.4600878
vt 0.413884 0.3736776
vt 0.3534557 0.3809013
vt 0.3534557 0.3809013
vt 0.3593162 0.4580871
vt 0.4328196 0.4600878
vt 0.4783143 0.4350798
vt 0.4787588 0.3943068
vt 0.413884 0.3736776
vt 0.413884 0.3736776
vt 0.4328196 0.4540859
vt 0.4783143 0.4350798
vt 0.05739883 0.9148741
vt 0.04353526 1.002581
vt 0.1369496 0.9987996
vt 0.1369496 0.9987996
vt 0.1520734 0.922436
vt 0.05739883 0.9148741
vt 0.822099 0.06750029
vt 0.8766362 0.1005108
vt 0.8634133 0.203646
vt 0.8634133 0.203646
vt 0.7960218 0.1759368
vt 0.822099 0.06750029
vt 0.7960218 0.1759368
vt 0.8634133 0.203646
vt 0.8501904 0.4030369
vt 0.8501904 0.4030369
vt 0.7889507 0.4156401
vt 0.7960218 0.1759368
vt 0.3030567 0.625
vt 0.3030567 0.6875
vt 0.3459907 0.6875
vt 0.3459907 0.6875
vt 0.3459908 0.625
vt 0.3030567 0.625
vt 0.8104597 0.6480566
vt 0.876961 0.6090442
vt 0.8769609 0.5441146
vt 0.8769609 0.5441146
vt 0.7824508 0.5401133
vt 0.8104597 0.6480566
vt 0.7889507 0.4156401
vt 0.8501904 0.4030369
vt 0.8501904 0.4501522
vt 0.8501904 0.4501522
vt 0.7889507 0.4627554
vt 0.7889507 0.4156401
vt 0.3497337 0.5755526
vt 0.340734 0.5326792
vt 0.2559071 0.5380146
vt 0.2559071 0.5380146
vt 0.2654314 0.5626271
vt 0.3497337 0.5755526
vt 0.2927465 0.9265761
vt 0.2827433 0.9505837
vt 0.2852783 0.8375478
vt 0.2852783 0.8375478
vt 0.2827433 0.9505837
vt 0.2689662 0.6875
vt 0.2689662 0.6875
vt 0.2689662 0.6875
vt 0.2827433 0.9505837
vt 0.2689662 0.6875
vt 0.2827433 0.9505837
vt 0.2550414 0.6875
vt 0.2222042 0.5354484
vt 0.3401584 0.5354484
vt 0.2890013 0.682906
vt 0.3401584 0.5354484
vt 0.3401584 0.5701469
vt 0.2890013 0.682906
vt 0.3401584 0.6892077
vt 0.2890013 0.682906
vt 0.3401584 0.5701469
vt 0.2989758 0.75
vt 0.3237623 0.75
vt 0.340548 0.8026047
vt 0.340548 0.8026047
vt 0.2989758 0.8216818
vt 0.2989758 0.75
vt 0.4110272 0.5618795
vt 0.4394095 0.5563219
vt 0.4486959 0.5897702
vt 0.4486959 0.5897702
vt 0.4143392 0.6118946
vt 0.4110272 0.5618795
vt 0.2485177 0.7406906
vt 0.2675726 0.5473689
vt 0.2939742 0.8997664
vt 0.2939742 0.5491747
vt 0.3414395 0.552972
vt 0.2675726 0.5473689
vt 0.2939742 0.8997664
vt 0.2675726 0.5473689
vt 0.3414395 0.552972
vt 0.3338602 0.5468291
vt 0.3351434 0.5469847
vt 0.3475472 0.6777952
vt 0.3475472 0.6777952
vt 0.3407652 0.6774244
vt 0.3338602 0.5468291
vt 0.3172885 0.7735274
vt 0.375 0.6875
vt 0.125 0.6875
vt 0.125 0.6875
vt 0.1827115 0.8465506
vt 0.3172885 0.7735274
vt 0.1990235 0.8435497
vt 0.1870197 0.527449
vt 0.2797424 0.7325144
vt 0.1870197 0.527449
vt 0.3210624 0.5584589
vt 0.2797424 0.7325144
vt 0.3217557 0.6244799
vt 0.2797424 0.7325144
vt 0.3210624 0.5584589
vt 0.2663702 0.7962996
vt 0.3483963 0.8075052
vt 0.3363924 0.7450052
vt 0.3363924 0.7450052
vt 0.2773737 0.7562109
vt 0.2663702 0.7962996
vt 0.375 0.0625
vt 0.375 0.0625
vt 0.375 0.05129441
vt 0.2870516 0.7915331
vt 0.2870516 0.6875
vt 0.3419895 0.6875
vt 0.3419895 0.6875
vt 0.3419895 0.800536
vt 0.2870516 0.7915331
vt 0.3551324 0.8900026
vt 0.2449586 0.9409812
vt 0.2449586 0.9409812
vt 0.2449586 0.9409812
vt 0.1655583 0.7928451
vt 0.3551324 0.8900026
vt 0.3067121 0.7932262
vt 0.2994038 0.9545459
vt 0.3259844 0.9601967
vt 0.3259844 0.9601967
vt 0.3389885 0.8005661
vt 0.3067121 0.7932262
vt 0.3440358 0.8005661
vt 0.3424479 0.9582837
vt 0.3380548 0.9586788
vt 0.3380548 0.9586788
vt 0.3407399 0.8026047
vt 0.3440358 0.8005661
vt 0.4928298 0.3102832
vt 0.5085571 0.389332
vt 0.5246298 0.2054048
vt 0.5246298 0.2054048
vt 0.4960662 0.2115506
vt 0.4928298 0.3102832
vt 0.4529891 0.3517382
vt 0.4441668 0.4273576
vt 0.4792588 0.4323988
vt 0.4792588 0.4323988
vt 0.4792588 0.3378747
vt 0.4529891 0.3517382
vt 0.6646563 0.3719034
vt 0.6733757 0.300065
vt 0.6382033 0.3983701
vt 0.6733757 0.300065
vt 0.6103595 0.1752931
vt 0.6382033 0.3983701
vt 0.6330454 0.3240111
vt 0.6382033 0.3983701
vt 0.6103595 0.1752931
vt 0.4913435 0.3477924
vt 0.5153511 0.3357886
vt 0.5183521 0.2948551
vt 0.5183521 0.2948551
vt 0.4923438 0.2948551
vt 0.4913435 0.3477924
vt 0.6660131 0.4258969
vt 0.6950223 0.416894
vt 0.7374171 0.441902
vt 0.7374171 0.441902
vt 0.7374171 0.4489042
vt 0.6660131 0.4258969
vt 0.5424625 0.1897732
vt 0.4836836 0.33345
vt 0.4710804 0.3798574
vt 0.4710804 0.3798574
vt 0.5147353 0.3743931
vt 0.5424625 0.1897732
vt 0.6058025 0.09317388
vt 0.6169232 0.152521
vt 0.6505221 0.1806094
vt 0.6505221 0.1806094
vt 0.6323884 0.08576071
vt 0.6058025 0.09317388
vt 0.6590108 0.3188628
vt 0.6920213 0.4018892
vt 0.658392 0.3928863
vt 0.658392 0.3928863
vt 0.6253815 0.3028577
vt 0.6590108 0.3188628
vt 0.4618114 0.4311385
vt 0.4618114 0.3403953
vt 0.4805191 0.3315731
vt 0.4805191 0.3315731
vt 0.4805191 0.4046717
vt 0.4618114 0.4311385
vt 0.6646701 0.3328334
vt 0.6505221 0.1806094
vt 0.6572737 0.3567795
vt 0.6572737 0.3567795
vt 0.6505221 0.1806094
vt 0.6389126 0.3756843
vt 0.6169232 0.152521
vt 0.6389126 0.3756843
vt 0.6505221 0.1806094
vt 0.7140284 0.4058905
vt 0.6694553 0.4058905
vt 0.6699206 0.3608762
vt 0.6644537 0.3208635
vt 0.6840188 0.3278657
vt 0.6840188 0.4068908
vt 0.6840188 0.4068908
vt 0.660659 0.3678784
vt 0.6644537 0.3208635
vt 0.4710804 0.3798574
vt 0.4473313 0.4410608
vt 0.4797858 0.423055
vt 0.4797858 0.423055
vt 0.5147353 0.3743931
vt 0.4710804 0.3798574
vt 0.5491265 0.1810744
vt 0.5407515 0.2269819
vt 0.5227607 0.2173908
vt 0.5227607 0.2173908
vt 0.5267931 0.1851315
vt 0.5491265 0.1810744
vt 0.5397816 0.1600609
vt 0.5460831 0.03906998
vt 0.5196164 0.04033031
vt 0.5196164 0.04033031
vt 0.5019718 0.1493482
vt 0.5397816 0.1600609
vt 0.5246298 0.2054048
vt 0.5397816 0.1600609
vt 0.5019718 0.1493482
vt 0.5019718 0.1493482
vt 0.5027637 0.2164083
vt 0.5246298 0.2054048
vt 0.5407515 0.2269819
vt 0.5072515 0.3234496
vt 0.5122144 0.2459279
vt 0.5122144 0.2459279
vt 0.5227607 0.2173908
vt 0.5407515 0.2269819
vt 0.5424625 0.1897732
vt 0.5424625 0.1897732
vt 0.5101503 0.2111987
vt 0.5101503 0.2111987
vt 0.4836836 0.33345
vt 0.5424625 0.1897732
vt 0.5548975 0.7776188
vt 0.5813721 0.8362266
vt 0.6095656 0.7019994
vt 0.5813721 0.8362266
vt 0.6107465 0.764688
vt 0.6095656 0.7019994
vt 0.6343057 0.712082
vt 0.6095656 0.7019994
vt 0.6107465 0.764688
vt 0.5072515 0.3234496
vt 0.4805755 0.3234496
vt 0.496395 0.2887335
vt 0.496395 0.2887335
vt 0.5122144 0.2459279
vt 0.5072515 0.3234496
vt 0.6283871 0.06978357
vt 0.6613976 0.1988246
vt 0.675402 0.2778498
vt 0.675402 0.2778498
vt 0.6103814 0.1978243
vt 0.6283871 0.06978357
vt 0.5424625 0.1897732
vt 0.5664086 0.05239812
vt 0.5461003 0.04987748
vt 0.5461003 0.04987748
vt 0.5101503 0.2111987
vt 0.5424625 0.1897732
vt 0.5813721 0.7879325
vt 0.5443603 0.7879325
vt 0.5813721 0.75
vt 0.5813721 0.75
vt 0.6043795 0.75
vt 0.5813721 0.7879325
vt 0.8614613 0.8799618
vt 0.7974409 0.8799618
vt 0.7974409 0.7820102
vt 0.7974409 0.7820102
vt 0.8894702 0.7820102
vt 0.8614613 0.8799618
vt 0.8014421 0.7840108
vt 0.8014421 0.7840108
vt 0.8014421 0.8560337
vt 0.8014421 0.8560337
vt 0.8014421 0.7840108
vt 0.8784667 0.863036
vt 0.8784667 0.7840108
vt 0.8784667 0.863036
vt 0.8014421 0.7840108
vt 0.6463929 0.6859796
vt 0.6633982 0.769006
vt 0.5723692 0.7639249
vt 0.5723692 0.7639249
vt 0.5953766 0.6828991
vt 0.6463929 0.6859796
vt 0.8044431 0.7850112
vt 0.8044431 0.75
vt 0.8694637 0.75
vt 0.8694637 0.75
vt 0.8784667 0.8450302
vt 0.8044431 0.7850112
vt 0.6543954 0.8419498
vt 0.5813721 0.8289456
vt 0.5503623 0.9330583
vt 0.5503623 0.9330583
vt 0.6193842 0.9190537
vt 0.6543954 0.8419498
vt 0.6744416 0.7669657
vt 0.713454 0.9020086
vt 0.5783315 0.9530248
vt 0.5783315 0.9530248
vt 0.5783315 0.8159812
vt 0.6744416 0.7669657
vt 0.8784667 0.8689583
vt 0.810445 0.8689583
vt 0.810445 0.75
vt 0.810445 0.75
vt 0.8674632 0.75
vt 0.8784667 0.8689583
vt 0.5333568 0.9382986
vt 0.5733696 0.9543037
vt 0.587374 0.9222935
vt 0.587374 0.9222935
vt 0.5553639 0.8912836
vt 0.5333568 0.9382986
vt 0.04217396 0.6427656
vt 0.02468829 0.7047853
vt 0.08818862 0.640583
vt 0.08818862 0.640583
vt 0.02468829 0.7047853
vt 0.1021931 0.7289702
vt 0.1021931 0.7289702
vt 0.02468829 0.7047853
vt 0.07518449 0.8107395
vt 0.023688 0.8167413
vt 0.07518449 0.8107395
vt 0.02468829 0.7047853
vt 0.4222828 0.6127989
vt 0.4390621 0.565739
vt 0.4847105 0.5662462
vt 0.4847105 0.5662462
vt 0.4756715 0.625083
vt 0.4222828 0.6127989
vt 0.5121726 0.63837
vt 0.4756715 0.625083
vt 0.5960243 0.579033
vt 0.4756715 0.625083
vt 0.4847105 0.5662462
vt 0.5960243 0.579033
vt 0.5757628 0.5398772
vt 0.5960243 0.579033
vt 0.4847105 0.5662462
vt 0.03015019 0.5862079
vt 0.03015019 0.6672336
vt 0.09265019 0.6532291
vt 0.09265019 0.6532291
vt 0.09265019 0.5882084
vt 0.03015019 0.5862079
vt 0.03285665 0.226335
vt 0.04100644 0.3790292
vt 0.1425126 0.378711
vt 0.1425126 0.378711
vt 0.1287186 0.2469747
vt 0.03285665 0.226335
vt 0.5289081 0.6254802
vt 0.4839709 0.6895669
vt 0.4583993 0.5853527
vt 0.4583993 0.5853527
vt 0.5185669 0.6073485
vt 0.5289081 0.6254802
vt 0.4027883 0.6223959
vt 0.4099339 0.5549098
vt 0.4678925 0.5626271
vt 0.4678925 0.5626271
vt 0.4639227 0.6237615
vt 0.4027883 0.6223959
vt 0.4660525 0.5574632
vt 0.4332941 0.6674738
vt 0.4200964 0.6462288
vt 0.2998233 0.6109141
vt 0.3198297 0.6122736
vt 0.3422647 0.6325836
vt 0.3422647 0.6325836
vt 0.280551 0.6343158
vt 0.2998233 0.6109141
vt 0.3421079 0.6607603
vt 0.3285232 0.6783002
vt 0.3285232 0.6453241
vt 0.3285232 0.6453241
vt 0.3382031 0.6365194
vt 0.3421079 0.6607603
vt 0.3099793 0.5439344
vt 0.3338602 0.5468291
vt 0.3407652 0.6774244
vt 0.3407652 0.6774244
vt 0.3179819 0.6705247
vt 0.3099793 0.5439344
vt 0.2662253 0.7292533
vt 0.271227 0.5351915
vt 0.3507324 0.5441943
vt 0.3507324 0.5441943
vt 0.3387285 0.7142485
vt 0.2662253 0.7292533
vt 0.3237623 0.75
vt 0.330986 0.75
vt 0.3449904 0.8005661
vt 0.3449904 0.8005661
vt 0.340548 0.8026047
vt 0.3237623 0.75
vt 0.2599634 0.6997027
vt 0.2979755 0.6776957
vt 0.2859931 0.750342
vt 0.2979755 0.6776957
vt 0.3429898 0.6955045
vt 0.2859931 0.750342
vt 0.3429898 0.7562194
vt 0.2859931 0.750342
vt 0.3429898 0.6955045
vt 0.3380548 0.9586788
vt 0.3027503 0.9618537
vt 0.3098958 0.8216818
vt 0.3098958 0.8216818
vt 0.3407399 0.8026047
vt 0.3380548 0.9586788
vt 0.1464367 0.6843241
vt 0.1781121 0.6041349
vt 0.2320884 0.6088986
vt 0.2320884 0.6088986
vt 0.2320884 0.6605056
vt 0.1464367 0.6843241
vt 0.4131325 0.5625831
vt 0.4496316 0.6009591
vt 0.5046096 0.6177684
vt 0.03400421 0.3790292
vt 0.05915942 0.4078698
vt 0.1266611 0.4148721
vt 0.1266611 0.4148721
vt 0.1425126 0.378711
vt 0.03400421 0.3790292
vt 0.5061657 0.6033582
vt 0.4131325 0.5735866
vt 0.5046096 0.6177684
vt 0.5061657 0.6033582
vt 0.5350848 0.5699177
vt 0.4131325 0.5735866
vt 0.4131325 0.5735866
vt 0.5350848 0.5699177
vt 0.5643988 0.5489457
vt 0.6109687 0.5578855
vt 0.5643988 0.5489457
vt 0.5350848 0.5699177
vt 0.2965404 0.6260148
vt 0.1945079 0.563475
vt 0.2939898 0.5557885
vt 0.2821745 0.9740713
vt 0.3319863 0.9750715
vt 0.2631684 0.9242941
vt 0.3319863 0.9750715
vt 0.3489918 0.9927362
vt 0.2631684 0.9242941
vt 0.3429898 0.9518506
vt 0.2631684 0.9242941
vt 0.3489918 0.9927362
vt 0.9013475 0.3865497
vt 0.9013475 0.3639669
vt 0.9013475 0.4110822
vt 0.9013475 0.3639669
vt 0.8501904 0.4030369
vt 0.9013475 0.4110822
vt 0.8501904 0.4501522
vt 0.9013475 0.4110822
vt 0.8501904 0.4030369
vt 0.8769611 0.6070436
vt 0.8769609 0.542114
vt 0.939461 0.5421139
vt 0.939461 0.5421139
vt 0.939461 0.5840363
vt 0.8769611 0.6070436
vt 0.4691165 0.2911789
vt 0.4787588 0.3943068
vt 0.435869 0.1914199
vt 0.435869 0.1914199
vt 0.4787588 0.3943068
vt 0.4352012 0.04273853
vt 0.4787588 0.3943068
vt 0.413884 0.3736776
vt 0.4352012 0.04273853
vt 0.4352012 0.04273853
vt 0.413884 0.3736776
vt 0.4035353 0.03781445
vt 0.4035353 0.03781445
vt 0.413884 0.3736776
vt 0.374006 0.03381319
vt 0.374006 0.03381319
vt 0.413884 0.3736776
vt 0.3690044 0.1947162
vt 0.413884 0.3736776
vt 0.3534557 0.3809013
vt 0.3690044 0.1947162
vt 0.3660035 0.2307734
vt 0.3690044 0.1947162
vt 0.3534557 0.3809013
vt 0.4960662 0.2115506
vt 0.4928298 0.3102832
vt 0.4691165 0.2911789
vt 0.4691165 0.2911789
vt 0.4928298 0.3102832
vt 0.4476911 0.2911789
vt 0.431188 0.3720788
vt 0.4476911 0.2911789
vt 0.4928298 0.3102832
vt 0.435869 0.1914199
vt 0.477305 0.1458249
vt 0.4753384 0.2977765
vt 0.4753384 0.2977765
vt 0.4453746 0.2737689
vt 0.435869 0.1914199
vt 0.8634133 0.203646
vt 0.8501904 0.4030369
vt 0.9043484 0.3639669
vt 0.9043484 0.3639669
vt 0.9017558 0.184111
vt 0.8634133 0.203646
vt 0.8766362 0.1005108
vt 0.8634133 0.203646
vt 0.9017558 0.184111
vt 0.9017558 0.184111
vt 0.8991632 0.08850697
vt 0.8766362 0.1005108
vt 0.4692683 0.04766265
vt 0.477305 0.1458249
vt 0.435869 0.1914199
vt 0.435869 0.1914199
vt 0.4352012 0.04273853
vt 0.4692683 0.04766265
vt 0.2859931 0.9083923
vt 0.2955076 0.9977125
vt 0.2496161 0.9989516
vt 0.2496161 0.9989516
vt 0.2496161 0.9094183
vt 0.2859931 0.9083923
vt 0.3429898 0.9518506
vt 0.2631684 0.9242941
vt 0.3189822 0.8055395
vt 0.2631684 0.9242941
vt 0.2621681 0.8477499
vt 0.3189822 0.8055395
vt 0.3189822 0.8055395
vt 0.2621681 0.8477499
vt 0.3369879 0.5376512
vt 0.2739679 0.5406521
vt 0.3369879 0.5376512
vt 0.2621681 0.8477499
vt 0.2890013 0.682906
vt 0.2890013 0.8239116
vt 0.3401584 0.8314736
vt 0.3401584 0.8314736
vt 0.3401584 0.6892077
vt 0.2890013 0.682906
vt 0.4328196 0.4600878
vt 0.3593162 0.4580871
vt 0.3534557 0.3809013
vt 0.3534557 0.3809013
vt 0.413884 0.3736776
vt 0.4328196 0.4600878
vt 0.4783143 0.4350798
vt 0.4328196 0.4540859
vt 0.413884 0.3736776
vt 0.413884 0.3736776
vt 0.4787588 0.3943068
vt 0.4783143 0.4350798
vt 0.05739883 0.9148741
vt 0.1520734 0.922436
vt 0.1369496 0.9987996
vt 0.1369496 0.9987996
vt 0.04353526 1.002581
vt 0.05739883 0.9148741
vt 0.822099 0.06750029
vt 0.7960218 0.1759368
vt 0.8634133 0.203646
vt 0.8634133 0.203646
vt 0.8766362 0.1005108
vt 0.822099 0.06750029
vt 0.7960218 0.1759368
vt 0.7889507 0.4156401
vt 0.8501904 0.4030369
vt 0.8501904 0.4030369
vt 0.8634133 0.203646
vt 0.7960218 0.1759368
vt 0.3030567 0.625
vt 0.3459908 0.625
vt 0.3459907 0.6875
vt 0.3459907 0.6875
vt 0.3030567 0.6875
vt 0.3030567 0.625
vt 0.8104597 0.6480566
vt 0.7824508 0.5401133
vt 0.8769609 0.5441146
vt 0.8769609 0.5441146
vt 0.876961 0.6090442
vt 0.8104597 0.6480566
vt 0.7889507 0.4156401
vt 0.7889507 0.4627554
vt 0.8501904 0.4501522
vt 0.8501904 0.4501522
vt 0.8501904 0.4030369
vt 0.7889507 0.4156401
vt 0.3497337 0.5755526
vt 0.2654314 0.5626271
vt 0.2559071 0.5380146
vt 0.2559071 0.5380146
vt 0.340734 0.5326792
vt 0.3497337 0.5755526
vt 0.2827433 0.9505837
vt 0.2689662 0.6875
vt 0.2550414 0.6875
vt 0.2927465 0.9265761
vt 0.2852783 0.8375478
vt 0.2827433 0.9505837
vt 0.2852783 0.8375478
vt 0.2689662 0.6875
vt 0.2827433 0.9505837
vt 0.2689662 0.6875
vt 0.2827433 0.9505837
vt 0.2689662 0.6875
vt 0.3401584 0.5701469
vt 0.3401584 0.5354484
vt 0.3401584 0.6892077
vt 0.3401584 0.5354484
vt 0.2222042 0.5354484
vt 0.3401584 0.6892077
vt 0.2890013 0.682906
vt 0.3401584 0.6892077
vt 0.2222042 0.5354484
vt 0.2989758 0.75
vt 0.2989758 0.8216818
vt 0.340548 0.8026047
vt 0.340548 0.8026047
vt 0.3237623 0.75
vt 0.2989758 0.75
vt 0.4110272 0.5618795
vt 0.4143392 0.6118946
vt 0.4486959 0.5897702
vt 0.4486959 0.5897702
vt 0.4394095 0.5563219
vt 0.4110272 0.5618795
vt 0.2939742 0.5491747
vt 0.2675726 0.5473689
vt 0.3414395 0.552972
vt 0.2675726 0.5473689
vt 0.2485177 0.7406906
vt 0.3414395 0.552972
vt 0.2939742 0.8997664
vt 0.3414395 0.552972
vt 0.2485177 0.7406906
vt 0.3338602 0.5468291
vt 0.3407652 0.6774244
vt 0.3475472 0.6777952
vt 0.3475472 0.6777952
vt 0.3351434 0.5469847
vt 0.3338602 0.5468291
vt 0.3172885 0.7735274
vt 0.1827115 0.8465506
vt 0.125 0.6875
vt 0.125 0.6875
vt 0.375 0.6875
vt 0.3172885 0.7735274
vt 0.1990235 0.8435497
vt 0.2797424 0.7325144
vt 0.1870197 0.527449
vt 0.1870197 0.527449
vt 0.2797424 0.7325144
vt 0.3210624 0.5584589
vt 0.3217557 0.6244799
vt 0.3210624 0.5584589
vt 0.2797424 0.7325144
vt 0.2663702 0.7962996
vt 0.2773737 0.7562109
vt 0.3363924 0.7450052
vt 0.3363924 0.7450052
vt 0.3483963 0.8075052
vt 0.2663702 0.7962996
vt 0.375 0.0625
vt 0.375 0.0625
vt 0.375 0.05129441
vt 0.2870516 0.7915331
vt 0.3419895 0.800536
vt 0.3419895 0.6875
vt 0.3419895 0.6875
vt 0.2870516 0.6875
vt 0.2870516 0.7915331
vt 0.3551324 0.8900026
vt 0.1655583 0.7928451
vt 0.2449586 0.9409812
vt 0.2449586 0.9409812
vt 0.2449586 0.9409812
vt 0.3551324 0.8900026
vt 0.3067121 0.7932262
vt 0.3389885 0.8005661
vt 0.3259844 0.9601967
vt 0.3259844 0.9601967
vt 0.2994038 0.9545459
vt 0.3067121 0.7932262
vt 0.3440358 0.8005661
vt 0.3407399 0.8026047
vt 0.3380548 0.9586788
vt 0.3380548 0.9586788
vt 0.3424479 0.9582837
vt 0.3440358 0.8005661
vt 0.4928298 0.3102832
vt 0.4960662 0.2115506
vt 0.5246298 0.2054048
vt 0.5246298 0.2054048
vt 0.5085571 0.389332
vt 0.4928298 0.3102832
vt 0.4529891 0.3517382
vt 0.4792588 0.3378747
vt 0.4792588 0.4323988
vt 0.4792588 0.4323988
vt 0.4441668 0.4273576
vt 0.4529891 0.3517382
vt 0.6330454 0.3240111
vt 0.6103595 0.1752931
vt 0.6382033 0.3983701
vt 0.6382033 0.3983701
vt 0.6103595 0.1752931
vt 0.6646563 0.3719034
vt 0.6733757 0.300065
vt 0.6646563 0.3719034
vt 0.6103595 0.1752931
vt 0.4913435 0.3477924
vt 0.4923438 0.2948551
vt 0.5183521 0.2948551
vt 0.5183521 0.2948551
vt 0.5153511 0.3357886
vt 0.4913435 0.3477924
vt 0.6660131 0.4258969
vt 0.7374171 0.4489042
vt 0.7374171 0.441902
vt 0.7374171 0.441902
vt 0.6950223 0.416894
vt 0.6660131 0.4258969
vt 0.5424625 0.1897732
vt 0.5147353 0.3743931
vt 0.4710804 0.3798574
vt 0.4710804 0.3798574
vt 0.4836836 0.33345
vt 0.5424625 0.1897732
vt 0.6058025 0.09317388
vt 0.6323884 0.08576071
vt 0.6505221 0.1806094
vt 0.6505221 0.1806094
vt 0.6169232 0.152521
vt 0.6058025 0.09317388
vt 0.6590108 0.3188628
vt 0.6253815 0.3028577
vt 0.658392 0.3928863
vt 0.658392 0.3928863
vt 0.6920213 0.4018892
vt 0.6590108 0.3188628
vt 0.4618114 0.4311385
vt 0.4805191 0.4046717
vt 0.4805191 0.3315731
vt 0.4805191 0.3315731
vt 0.4618114 0.3403953
vt 0.4618114 0.4311385
vt 0.6169232 0.152521
vt 0.6505221 0.1806094
vt 0.6389126 0.3756843
vt 0.6389126 0.3756843
vt 0.6505221 0.1806094
vt 0.6572737 0.3567795
vt 0.6646701 0.3328334
vt 0.6572737 0.3567795
vt 0.6505221 0.1806094
vt 0.6694553 0.4058905
vt 0.7140284 0.4058905
vt 0.6699206 0.3608762
vt 0.6644537 0.3208635
vt 0.660659 0.3678784
vt 0.6840188 0.4068908
vt 0.6840188 0.4068908
vt 0.6840188 0.3278657
vt 0.6644537 0.3208635
vt 0.4710804 0.3798574
vt 0.5147353 0.3743931
vt 0.4797858 0.423055
vt 0.4797858 0.423055
vt 0.4473313 0.4410608
vt 0.4710804 0.3798574
vt 0.5491265 0.1810744
vt 0.5267931 0.1851315
vt 0.5227607 0.2173908
vt 0.5227607 0.2173908
vt 0.5407515 0.2269819
vt 0.5491265 0.1810744
vt 0.5397816 0.1600609
vt 0.5019718 0.1493482
vt 0.5196164 0.04033031
vt 0.5196164 0.04033031
vt 0.5460831 0.03906998
vt 0.5397816 0.1600609
vt 0.5246298 0.2054048
vt 0.5027637 0.2164083
vt 0.5019718 0.1493482
vt 0.5019718 0.1493482
vt 0.5397816 0.1600609
vt 0.5246298 0.2054048
vt 0.5407515 0.2269819
vt 0.5227607 0.2173908
vt 0.5122144 0.2459279
vt 0.5122144 0.2459279
vt 0.5072515 0.3234496
vt 0.5407515 0.2269819
vt 0.5424625 0.1897732
vt 0.4836836 0.33345
vt 0.5101503 0.2111987
vt 0.5101503 0.2111987
vt 0.5424625 0.1897732
vt 0.5424625 0.1897732
vt 0.6343057 0.712082
vt 0.6107465 0.764688
vt 0.6095656 0.7019994
vt 0.6107465 0.764688
vt 0.5813721 0.8362266
vt 0.6095656 0.7019994
vt 0.5548975 0.7776188
vt 0.6095656 0.7019994
vt 0.5813721 0.8362266
vt 0.5072515 0.3234496
vt 0.5122144 0.2459279
vt 0.496395 0.2887335
vt 0.496395 0.2887335
vt 0.4805755 0.3234496
vt 0.5072515 0.3234496
vt 0.6283871 0.06978357
vt 0.6103814 0.1978243
vt 0.675402 0.2778498
vt 0.675402 0.2778498
vt 0.6613976 0.1988246
vt 0.6283871 0.06978357
vt 0.5424625 0.1897732
vt 0.5101503 0.2111987
vt 0.5461003 0.04987748
vt 0.5461003 0.04987748
vt 0.5664086 0.05239812
vt 0.5424625 0.1897732
vt 0.5813721 0.7879325
vt 0.6043795 0.75
vt 0.5813721 0.75
vt 0.5813721 0.75
vt 0.5443603 0.7879325
vt 0.5813721 0.7879325
vt 0.8614613 0.8799618
vt 0.8894702 0.7820102
vt 0.7974409 0.7820102
vt 0.7974409 0.7820102
vt 0.7974409 0.8799618
vt 0.8614613 0.8799618
vt 0.8784667 0.7840108
vt 0.8014421 0.7840108
vt 0.8784667 0.863036
vt 0.8784667 0.863036
vt 0.8014421 0.7840108
vt 0.8014421 0.8560337
vt 0.8014421 0.7840108
vt 0.8014421 0.8560337
vt 0.8014421 0.7840108
vt 0.6463929 0.6859796
vt 0.5953766 0.6828991
vt 0.5723692 0.7639249
vt 0.5723692 0.7639249
vt 0.6633982 0.769006
vt 0.6463929 0.6859796
vt 0.8044431 0.7850112
vt 0.8784667 0.8450302
vt 0.8694637 0.75
vt 0.8694637 0.75
vt 0.8044431 0.75
vt 0.8044431 0.7850112
vt 0.6543954 0.8419498
vt 0.6193842 0.9190537
vt 0.5503623 0.9330583
vt 0.5503623 0.9330583
vt 0.5813721 0.8289456
vt 0.6543954 0.8419498
vt 0.6744416 0.7669657
vt 0.5783315 0.8159812
vt 0.5783315 0.9530248
vt 0.5783315 0.9530248
vt 0.713454 0.9020086
vt 0.6744416 0.7669657
vt 0.8784667 0.8689583
vt 0.8674632 0.75
vt 0.810445 0.75
vt 0.810445 0.75
vt 0.810445 0.8689583
vt 0.8784667 0.8689583
vt 0.5333568 0.9382986
vt 0.5553639 0.8912836
vt 0.587374 0.9222935
vt 0.587374 0.9222935
vt 0.5733696 0.9543037
vt 0.5333568 0.9382986
vt 0.04217396 0.6427656
vt 0.08818862 0.640583
vt 0.02468829 0.7047853
vt 0.08818862 0.640583
vt 0.1021931 0.7289702
vt 0.02468829 0.7047853
vt 0.1021931 0.7289702
vt 0.07518449 0.8107395
vt 0.02468829 0.7047853
vt 0.023688 0.8167413
vt 0.02468829 0.7047853
vt 0.07518449 0.8107395
vt 0.4222828 0.6127989
vt 0.4756715 0.625083
vt 0.4847105 0.5662462
vt 0.4847105 0.5662462
vt 0.4390621 0.565739
vt 0.4222828 0.6127989
vt 0.5121726 0.63837
vt 0.5960243 0.579033
vt 0.4756715 0.625083
vt 0.4756715 0.625083
vt 0.5960243 0.579033
vt 0.4847105 0.5662462
vt 0.5757628 0.5398772
vt 0.4847105 0.5662462
vt 0.5960243 0.579033
vt 0.03015019 0.5862079
vt 0.09265019 0.5882084
vt 0.09265019 0.6532291
vt 0.09265019 0.6532291
vt 0.03015019 0.6672336
vt 0.03015019 0.5862079
vt 0.03285665 0.226335
vt 0.1287186 0.2469747
vt 0.1425126 0.378711
vt 0.1425126 0.378711
vt 0.04100644 0.3790292
vt 0.03285665 0.226335
vt 0.5289081 0.6254802
vt 0.5185669 0.6073485
vt 0.4583993 0.5853527
vt 0.4583993 0.5853527
vt 0.4839709 0.6895669
vt 0.5289081 0.6254802
vt 0.4027883 0.6223959
vt 0.4639227 0.6237615
vt 0.4678925 0.5626271
vt 0.4678925 0.5626271
vt 0.4099339 0.5549098
vt 0.4027883 0.6223959
vt 0.4332941 0.6674738
vt 0.4660525 0.5574632
vt 0.4200964 0.6462288
vt 0.2998233 0.6109141
vt 0.280551 0.6343158
vt 0.3422647 0.6325836
vt 0.3422647 0.6325836
vt 0.3198297 0.6122736
vt 0.2998233 0.6109141
vt 0.3421079 0.6607603
vt 0.3382031 0.6365194
vt 0.3285232 0.6453241
vt 0.3285232 0.6453241
vt 0.3285232 0.6783002
vt 0.3421079 0.6607603
vt 0.3099793 0.5439344
vt 0.3179819 0.6705247
vt 0.3407652 0.6774244
vt 0.3407652 0.6774244
vt 0.3338602 0.5468291
vt 0.3099793 0.5439344
vt 0.2662253 0.7292533
vt 0.3387285 0.7142485
vt 0.3507324 0.5441943
vt 0.3507324 0.5441943
vt 0.271227 0.5351915
vt 0.2662253 0.7292533
vt 0.3237623 0.75
vt 0.340548 0.8026047
vt 0.3449904 0.8005661
vt 0.3449904 0.8005661
vt 0.330986 0.75
vt 0.3237623 0.75
vt 0.3429898 0.7562194
vt 0.3429898 0.6955045
vt 0.2859931 0.750342
vt 0.2859931 0.750342
vt 0.3429898 0.6955045
vt 0.2599634 0.6997027
vt 0.2979755 0.6776957
vt 0.2599634 0.6997027
vt 0.3429898 0.6955045
vt 0.3380548 0.9586788
vt 0.3407399 0.8026047
vt 0.3098958 0.8216818
vt 0.3098958 0.8216818
vt 0.3027503 0.9618537
vt 0.3380548 0.9586788
vt 0.1464367 0.6843241
vt 0.2320884 0.6605056
vt 0.2320884 0.6088986
vt 0.2320884 0.6088986
vt 0.1781121 0.6041349
vt 0.1464367 0.6843241
vt 0.4496316 0.6009591
vt 0.4131325 0.5625831
vt 0.5046096 0.6177684
vt 0.03400421 0.3790292
vt 0.1425126 0.378711
vt 0.1266611 0.4148721
vt 0.1266611 0.4148721
vt 0.05915942 0.4078698
vt 0.03400421 0.3790292
vt 0.5061657 0.6033582
vt 0.4131325 0.5735866
vt 0.5350848 0.5699177
vt 0.4131325 0.5735866
vt 0.5643988 0.5489457
vt 0.5350848 0.5699177
vt 0.6109687 0.5578855
vt 0.5350848 0.5699177
vt 0.5643988 0.5489457
vt 0.4131325 0.5735866
vt 0.5061657 0.6033582
vt 0.5046096 0.6177684
vt 0.1945079 0.563475
vt 0.2965404 0.6260148
vt 0.2939898 0.5557885
vt 0.2821745 0.9740713
vt 0.2631684 0.9242941
vt 0.3319863 0.9750715
vt 0.3319863 0.9750715
vt 0.2631684 0.9242941
vt 0.3489918 0.9927362
vt 0.3429898 0.9518506
vt 0.3489918 0.9927362
vt 0.2631684 0.9242941
vt 0.7625152 0.9524172
vt 0.6436571 0.6793302
vt 0.6589769 0.7258865
vt 0.6436571 0.6793302
vt 0.7625152 0.9524172
vt 0.7507869 0.6026981
vt 0.6436571 0.6731782
vt 0.5197613 0.6967217
vt 0.6589769 0.7258865
vt 0.2810019 0.9773622
vt 0.5182481 0.9198133
vt 0.3910196 0.734736
vt 0.9197031 0.778385
vt 0.9988643 0.8018448
vt 0.9995966 0.6211162
vt 0.9862553 0.5725125
vt 0.9326311 0.5232791
vt 0.9843953 0.6420957
vt 0.3412013 0.4929937
vt 0.3779804 0.6615112
vt 0.4107328 0.4581093
vt 0.9360731 0.3238252
vt 0.9745407 0.5336022
vt 1.000468 0.3270067
vt 0.9326311 0.5232791
vt 0.9772599 0.8739257
vt 0.9734358 0.6730086
vt 0.62657 0.5055063
vt 0.6436571 0.6793302
vt 0.7507869 0.6026981
vt 0.9326311 0.5232791
vt 0.9171185 0.6666419
vt 0.9446185 0.8977352
vt 0.09888287 0.5392631
vt 0.1090853 0.6491497
vt 0.3412013 0.4929937
vt 0.3412013 0.4929937
vt 0.1925822 0.8007017
vt 0.3779804 0.6615112
vt 0.1996114 0.368444
vt 0.3412013 0.4929937
vt 0.4363289 0.3868102
vt 0.9326311 0.5232791
vt 0.7507869 0.6026981
vt 0.9149654 0.6674374
vt 0.7678959 0.9524172
vt 0.6589769 0.7258865
vt 0.5182481 0.9198133
vt 0.5882788 0.3270548
vt 0.395814 0.3339828
vt 0.4363289 0.3868102
vt 0.1166325 0.7026185
vt 0.06055023 0.6835736
vt 0.1006408 0.8690767
vt 0.5120776 0.5904592
vt 0.5197613 0.6949352
vt 0.550758 0.5761883
vt 0.3779804 0.6584352
vt 0.3910196 0.734736
vt 0.5197613 0.6967217
vt 0.4733453 0.5842884
vt 0.3779804 0.6584352
vt 0.5197613 0.6967217
vt 0.7363037 0.4165095
vt 0.6621141 0.4736567
vt 0.7507869 0.6026981
vt 0.6265592 0.5039199
vt 0.5098963 0.4936739
vt 0.4332659 0.5013791
vt 0.5178254 0.4069252
vt 0.4107328 0.4581093
vt 0.5098963 0.4936739
vt 0.4733453 0.5842884
vt 0.5022944 0.5471697
vt 0.4332659 0.5013791
vt 0.550758 0.5761883
vt 0.6265592 0.5039199
vt 0.4332659 0.5013791
vt 0.4332659 0.5013791
vt 0.5022944 0.5471697
vt 0.550758 0.5761883
vt 0.4363289 0.3868102
vt 0.3412013 0.4929937
vt 0.3882926 0.4639892
vt 0.4107328 0.4581093
vt 0.3779804 0.6584352
vt 0.4733453 0.5842884
vt 0.5197613 0.6967217
vt 0.5182481 0.9198133
vt 0.6589769 0.7258865
vt 0.4363289 0.3868102
vt 0.5198145 0.4033754
vt 0.7363037 0.4165095
vt 0.3882926 0.4639892
vt 0.5198145 0.4033754
vt 0.4363289 0.3868102
vt 0.5199301 0.9757867
vt 0.5182481 0.9198133
vt 0.2810019 0.9773622
vt 0.5199301 0.9757867
vt 0.7678959 0.9524172
vt 0.5182481 0.9198133
vt 0.9196981 0.9883713
vt 0.8594059 0.9910612
vt 0.8604581 0.8407763
vt 0.8604581 0.8407763
vt 0.9190055 0.81846
vt 0.9196981 0.9883713
vt 0.5098963 0.4936739
vt 0.6265592 0.5039199
vt 0.6621141 0.4736567
vt 0.6621141 0.4736567
vt 0.5198145 0.4033754
vt 0.5098963 0.4936739
vt 0.6853278 0.3565661
vt 0.6645011 0.3293195
vt 0.6907035 0.370668
vt 0.550758 0.5761883
vt 0.6436571 0.6731782
vt 0.6265592 0.5039199
vt 0.0665428 0.7003201
vt 0.133148 0.7029599
vt 0.09888287 0.5392631
vt 0.6621141 0.4736567
vt 0.62657 0.5055063
vt 0.7507869 0.6026981
vt 0.9497651 0.3417733
vt 0.9326311 0.5232791
vt 0.9780049 0.5347084
vt 0.4363289 0.3868102
vt 0.7363037 0.4165095
vt 0.5882788 0.3270548
vt 0.003116902 0.3466966
vt 0.1114003 0.5413798
vt 0.3412013 0.4929937
vt 0.3412013 0.4929937
vt 0.1996114 0.368444
vt 0.003116902 0.3466966
vt 0.004269984 0.8271987
vt -0.000672481 0.9970819
vt 0.1458055 0.9943838
vt 0.1458055 0.9943838
vt 0.1006408 0.8690767
vt 0.004269984 0.8271987
vt 0.05121589 0.9035624
vt 0.1925822 0.8007017
vt 0.3412013 0.4929937
vt 0.3412013 0.4929937
vt 0.1090853 0.6491497
vt 0.05121589 0.9035624
vt 0.7363037 0.4165095
vt 0.9326311 0.5232791
vt 0.9497651 0.3417733
vt 0.9497651 0.3417733
vt 0.7600933 0.3566185
vt 0.7363037 0.4165095
vt 0.8651507 0.8140007
vt 0.8937675 0.9426484
vt 0.9446185 0.8977352
vt 0.1313392 0.9740632
vt 0.2185844 0.8974475
vt 0.133148 0.7029599
vt 0.133148 0.7029599
vt 0.0665428 0.7003201
vt 0.1313392 0.9740632
vt 0.5589367 0.9439727
vt 0.2547866 0.9451966
vt 0.3973251 0.9961864
vt 0.3973251 0.9961864
vt 0.552888 0.9919432
vt 0.5589367 0.9439727
vt 0.7507869 0.6026981
vt 0.7625152 0.9524172
vt 0.8937675 0.9426484
vt 0.8937675 0.9426484
vt 0.9149654 0.6674374
vt 0.7507869 0.6026981
vt 0.7048687 0.9971757
vt 0.7027319 0.9464605
vt 0.5589367 0.9439727
vt 0.5589367 0.9439727
vt 0.552888 0.9919432
vt 0.7048687 0.9971757
vt 0.9187765 0.9699482
vt 0.9958612 1.000032
vt 0.9956384 0.801477
vt 0.9956384 0.801477
vt 0.9228879 0.8499014
vt 0.9187765 0.9699482
vt 0.03433235 0.7328051
vt 0.0819028 0.7322453
vt 0.1025004 0.703267
vt 0.1025004 0.703267
vt 0.04691485 0.6671793
vt 0.03433235 0.7328051
vt 0.9734358 0.6730086
vt 0.9447349 0.7888905
vt 0.9956384 0.7887737
vt 0.05121589 0.9035624
vt 0.2319602 0.9777194
vt 0.1925822 0.8007017
vt -0.1028094 0.2971284
vt -0.05995937 0.4524237
vt -0.05914403 0.2548217
vt 0.4733453 0.5842884
vt 0.5197613 0.6949352
vt 0.5120776 0.5904592
vt 0.03757843 0.5377451
vt 0.1114003 0.5413798
vt 0.128512 0.3461352
vt 0.1805427 0.8002692
vt 0.2810019 0.9773622
vt 0.3910196 0.734736
vt 0.3910196 0.734736
vt 0.3794173 0.6615703
vt 0.1805427 0.8002692
vt 0.5120776 0.5972264
vt 0.5492082 0.588911
vt 0.4733453 0.5910555
vt 0.7363037 0.4165095
vt 0.7507869 0.6026981
vt 0.9326311 0.5232791
vt 0.6537 0.4717311
vt 0.7363037 0.4165095
vt 0.5198145 0.4033754
vt 0.413111 0.4659877
vt 0.4733453 0.5910555
vt 0.4357073 0.5013791
vt 0.4107328 0.4581093
vt 0.4332659 0.5013791
vt 0.5098963 0.4936739
vt 0.5182481 0.9198133
vt 0.5197613 0.6967217
vt 0.3910196 0.734736
vt 0.550758 0.5761883
vt 0.5022944 0.5471697
vt 0.4733453 0.5842884
vt 0.5197613 0.6967217
vt 0.6436571 0.6731782
vt 0.550758 0.5761883
vn 0.3859781 0.8949068 0.198381
vn 0.9481467 0.1904239 0.2255259
vn 0.4123274 0.7980927 0.3894065
vn 0.9481467 0.1904239 0.2255259
vn 0.6873037 -0.1378806 0.6319107
vn 0.4123274 0.7980927 0.3894065
vn 0.7523006 0.05165231 -0.5812984
vn 0.4123274 0.7980927 0.3894065
vn -0.005604811 8.34465E-07 -0.8856323
vn 0.3859781 0.8949068 0.198381
vn 0.4123274 0.7980927 0.3894065
vn -0.4670657 0.819343 0.2939794
vn -0.4670657 0.819343 0.2939794
vn -0.5046256 0.8519547 0.1237705
vn 0.3859781 0.8949068 0.198381
vn -0.01324002 -0.0005533099 0.8855901
vn -0.9518557 0.3058537 0.01846474
vn -0.887746 -0.104848 0.3969951
vn -0.887746 -0.104848 0.3969951
vn -0.9518557 0.3058537 0.01846474
vn -0.9920313 -0.09649847 0.07180078
vn -0.9518557 0.3058537 0.01846474
vn -0.9459181 0.288245 0.1316091
vn -0.9920313 -0.09649847 0.07180078
vn -0.9920313 -0.09649847 0.07180078
vn -0.9459181 0.288245 0.1316091
vn -0.8819721 -0.04392454 0.4156077
vn -0.8819721 -0.04392454 0.4156077
vn -0.9459181 0.288245 0.1316091
vn -0.7776262 -0.1776469 0.5340801
vn -0.7776262 -0.1776469 0.5340801
vn -0.9459181 0.288245 0.1316091
vn -0.8987663 -0.05183712 0.3851634
vn -0.9169049 0.3728747 0.1250763
vn -0.8987663 -0.05183712 0.3851634
vn -0.9459181 0.288245 0.1316091
vn -0.9518557 0.3058537 0.01846474
vn -0.01324002 -0.0005533099 0.8855901
vn -0.2235876 -0.003849804 0.8632398
vn -0.8987663 -0.05183712 0.3851634
vn -0.9169049 0.3728747 0.1250763
vn -0.9092141 -0.01093298 0.3681613
vn -0.9169049 0.3728747 0.1250763
vn -0.8384717 0.4728318 0.2388424
vn -0.9092141 -0.01093298 0.3681613
vn -0.9942818 -0.04169112 0.08691236
vn -0.9092141 -0.01093298 0.3681613
vn -0.8384717 0.4728318 0.2388424
vn 0.5514184 -0.1681892 0.7236849
vn -0.7776262 -0.1776469 0.5340801
vn -0.8987663 -0.05183712 0.3851634
vn -0.8987663 -0.05183712 0.3851634
vn 0.6873037 -0.1378806 0.6319107
vn 0.5514184 -0.1681892 0.7236849
vn 0.963878 -0.07118963 0.2273299
vn 0.5514184 -0.1681892 0.7236849
vn 0.6873037 -0.1378806 0.6319107
vn 0.6873037 -0.1378806 0.6319107
vn 0.9481467 0.1904239 0.2255259
vn 0.963878 -0.07118963 0.2273299
vn 0.9808018 -0.03307827 0.1702324
vn 0.5079693 -0.03188783 0.7623707
vn 0.5514184 -0.1681892 0.7236849
vn 0.5514184 -0.1681892 0.7236849
vn 0.963878 -0.07118963 0.2273299
vn 0.9808018 -0.03307827 0.1702324
vn 0.5079693 -0.03188783 0.7623707
vn -0.8819721 -0.04392454 0.4156077
vn -0.7776262 -0.1776469 0.5340801
vn -0.7776262 -0.1776469 0.5340801
vn 0.5514184 -0.1681892 0.7236849
vn 0.5079693 -0.03188783 0.7623707
vn -0.5298612 -0.1615495 -0.7373695
vn -0.5767449 -0.05414772 0.7219346
vn -0.887746 -0.104848 0.3969951
vn -0.887746 -0.104848 0.3969951
vn -0.9920313 -0.09649847 0.07180078
vn -0.5298612 -0.1615495 -0.7373695
vn -0.5298612 -0.1615495 -0.7373695
vn -0.9920313 -0.09649847 0.07180078
vn -0.7923927 -0.08731163 -0.5347098
vn -0.9920313 -0.09649847 0.07180078
vn -0.8819721 -0.04392454 0.4156077
vn -0.7923927 -0.08731163 -0.5347098
vn -0.8819721 -0.04392454 0.4156077
vn -0.8633503 0.008770049 0.4468522
vn -0.7923927 -0.08731163 -0.5347098
vn -0.6112654 0.07938933 0.6974073
vn -0.7923927 -0.08731163 -0.5347098
vn -0.8633503 0.008770049 0.4468522
vn 0.9831797 -0.1755522 -0.04472043
vn 0.551159 0.1392078 0.7286462
vn 0.5079693 -0.03188783 0.7623707
vn 0.5079693 -0.03188783 0.7623707
vn 0.9808018 -0.03307827 0.1702324
vn 0.9831797 -0.1755522 -0.04472043
vn -0.5046256 0.8519547 0.1237705
vn -0.9459181 0.288245 0.1316091
vn -0.9518557 0.3058537 0.01846474
vn -0.9518557 0.3058537 0.01846474
vn -0.5371121 0.8435166 0.0002579093
vn -0.5046256 0.8519547 0.1237705
vn -0.4670657 0.819343 0.2939794
vn -0.9169049 0.3728747 0.1250763
vn -0.9459181 0.288245 0.1316091
vn -0.9459181 0.288245 0.1316091
vn -0.5046256 0.8519547 0.1237705
vn -0.4670657 0.819343 0.2939794
vn 0.8699127 -0.4932161 -0.0001508296
vn 0.9831797 -0.1755522 -0.04472043
vn 0.9808018 -0.03307827 0.1702324
vn 0.9808018 -0.03307827 0.1702324
vn 0.9992717 -0.03829612 -1.171231E-05
vn 0.8699127 -0.4932161 -0.0001508296
vn 0.9992717 -0.03829612 -1.171231E-05
vn 0.9808018 -0.03307827 0.1702324
vn 0.963878 -0.07118963 0.2273299
vn 0.963878 -0.07118963 0.2273299
vn 0.9957945 -0.09167188 -2.803653E-05
vn 0.9992717 -0.03829612 -1.171231E-05
vn 0.9957945 -0.09167188 -2.803653E-05
vn 0.963878 -0.07118963 0.2273299
vn 0.9481467 0.1904239 0.2255259
vn 0.9481467 0.1904239 0.2255259
vn 0.9852467 0.1711705 5.233288E-05
vn 0.9957945 -0.09167188 -2.803653E-05
vn 0.5642987 -0.6388201 -0.4631655
vn -0.5298612 -0.1615495 -0.7373695
vn 0.9831797 -0.1755522 -0.04472043
vn 0.9831797 -0.1755522 -0.04472043
vn 0.8699127 -0.4932161 -0.0001508296
vn 0.5642987 -0.6388201 -0.4631655
vn 0.5937041 0.8046893 0.0002461076
vn 0.3859781 0.8949068 0.198381
vn -0.5046256 0.8519547 0.1237705
vn -0.5046256 0.8519547 0.1237705
vn -0.5371121 0.8435166 0.0002579093
vn 0.5937041 0.8046893 0.0002461076
vn 0.9852467 0.1711705 5.233288E-05
vn 0.9481467 0.1904239 0.2255259
vn 0.3859781 0.8949068 0.198381
vn 0.3859781 0.8949068 0.198381
vn 0.5937041 0.8046893 0.0002461076
vn 0.9852467 0.1711705 5.233288E-05
vn 0.7476152 -0.147688 -0.5734768
vn 0.6255394 -0.09462601 -0.685893
vn 0.8147457 -0.09883109 0.5060173
vn 0.8147457 -0.09883109 0.5060173
vn 0.8208889 -0.118019 0.4948818
vn 0.7476152 -0.147688 -0.5734768
vn -0.4283128 -0.1059616 -0.7947963
vn -0.02518525 -0.1423711 -0.8763624
vn 0.0146223 0.03491914 -0.8850331
vn 0.0146223 0.03491914 -0.8850331
vn -0.02518525 -0.1423711 -0.8763624
vn 0.9831797 -0.1755522 -0.04472043
vn 0.6587419 0.002748072 -0.6663476
vn 0.9831797 -0.1755522 -0.04472043
vn -0.02518525 -0.1423711 -0.8763624
vn 0.6587419 0.002748072 -0.6663476
vn -0.02518525 -0.1423711 -0.8763624
vn -0.8003474 -0.03638959 -0.5300165
vn 0.6587419 0.002748072 -0.6663476
vn 0.809198 0.0339511 0.5194978
vn 0.9831797 -0.1755522 -0.04472043
vn 0.809198 0.0339511 0.5194978
vn 0.6296599 -0.009654462 0.6879991
vn 0.9831797 -0.1755522 -0.04472043
vn 0.551159 0.1392078 0.7286462
vn 0.9831797 -0.1755522 -0.04472043
vn 0.6296599 -0.009654462 0.6879991
vn 0.551159 0.1392078 0.7286462
vn 0.6296599 -0.009654462 0.6879991
vn 0.004012193 -0.01343751 0.8855811
vn 0.004012193 -0.01343751 0.8855811
vn -0.1901584 0.1152227 0.8634987
vn 0.551159 0.1392078 0.7286462
vn 0.7847549 0.1466214 0.5333668
vn 0.2845122 0.6417034 0.6308012
vn 0.01736534 0.4646551 0.7841021
vn 0.01736534 0.4646551 0.7841021
vn 0.2124947 0.08541137 0.8621294
vn 0.7847549 0.1466214 0.5333668
vn -0.9824356 0.06192394 -0.1559283
vn -0.8920262 0.2471677 0.3351602
vn -0.4100757 0.3495069 -0.7461121
vn -0.8541982 0.1188749 0.4483109
vn -0.3795643 0.3129492 0.7710891
vn -0.8920262 0.2471677 0.3351602
vn -0.4100757 0.3495069 -0.7461121
vn -0.8920262 0.2471677 0.3351602
vn -0.3795643 0.3129492 0.7710891
vn 0.8208889 -0.118019 0.4948818
vn 0.8147457 -0.09883109 0.5060173
vn 0.2124947 0.08541137 0.8621294
vn 0.2124947 0.08541137 0.8621294
vn 0.1159074 0.05964518 0.8781112
vn 0.8208889 -0.118019 0.4948818
vn 0.0146223 0.03491914 -0.8850331
vn 0.9831797 -0.1755522 -0.04472043
vn -0.5298612 -0.1615495 -0.7373695
vn -0.5298612 -0.1615495 -0.7373695
vn -0.4283128 -0.1059616 -0.7947963
vn 0.0146223 0.03491914 -0.8850331
vn -0.5298612 -0.1615495 -0.7373695
vn -0.7923927 -0.08731163 -0.5347098
vn -0.4283128 -0.1059616 -0.7947963
vn -0.7923927 -0.08731163 -0.5347098
vn -0.8003474 -0.03638959 -0.5300165
vn -0.4283128 -0.1059616 -0.7947963
vn -0.02518525 -0.1423711 -0.8763624
vn -0.4283128 -0.1059616 -0.7947963
vn -0.8003474 -0.03638959 -0.5300165
vn -0.9824356 0.06192394 -0.1559283
vn -0.8003474 -0.03638959 -0.5300165
vn -0.8541982 0.1188749 0.4483109
vn -0.8541982 0.1188749 0.4483109
vn -0.8920262 0.2471677 0.3351602
vn -0.9824356 0.06192394 -0.1559283
vn -0.4100757 0.3495069 -0.7461121
vn -0.8003474 -0.03638959 -0.5300165
vn 0.8787361 -0.01842785 -0.422429
vn -0.8003474 -0.03638959 -0.5300165
vn -0.4100757 0.3495069 -0.7461121
vn 0.7476152 -0.147688 -0.5734768
vn 0.7476152 -0.147688 -0.5734768
vn 0.6587419 0.002748072 -0.6663476
vn -0.8003474 -0.03638959 -0.5300165
vn 0.01156386 0.08608609 0.8823209
vn -0.3795643 0.3129492 0.7710891
vn -0.8541982 0.1188749 0.4483109
vn -0.8541982 0.1188749 0.4483109
vn -0.1855824 0.05579364 0.8688791
vn 0.01156386 0.08608609 0.8823209
vn 0.1159074 0.05964518 0.8781112
vn 0.01156386 0.08608609 0.8823209
vn -0.1855824 0.05579364 0.8688791
vn -0.1855824 0.05579364 0.8688791
vn 0.05181248 0.0235824 0.8842318
vn 0.1159074 0.05964518 0.8781112
vn 0.05181248 0.0235824 0.8842318
vn -0.1855824 0.05579364 0.8688791
vn -0.6112654 0.07938933 0.6974073
vn -0.6112654 0.07938933 0.6974073
vn 0.004012193 -0.01343751 0.8855811
vn 0.05181248 0.0235824 0.8842318
vn -0.8384717 0.4728318 0.2388424
vn -0.7334574 0.2498813 0.5589539
vn -0.7297025 0.1648426 0.5875098
vn -0.7297025 0.1648426 0.5875098
vn -0.9942818 -0.04169112 0.08691236
vn -0.8384717 0.4728318 0.2388424
vn -0.4670657 0.819343 0.2939794
vn -0.4174727 0.8517107 0.2799633
vn -0.8384717 0.4728318 0.2388424
vn -0.8384717 0.4728318 0.2388424
vn -0.9169049 0.3728747 0.1250763
vn -0.4670657 0.819343 0.2939794
vn 0.7523006 0.05165231 -0.5812984
vn 0.8477034 -0.1312182 -0.4547313
vn 0.9112679 0.2140312 0.3125032
vn 0.8477034 -0.1312182 -0.4547313
vn 0.6622118 -0.3476661 -0.5876886
vn 0.9112679 0.2140312 0.3125032
vn 0.9986664 -0.01824121 0.0428577
vn 0.9112679 0.2140312 0.3125032
vn 0.6622118 -0.3476661 -0.5876886
vn 0.0009044109 -0.2228673 -0.8633652
vn -0.002227705 -0.3421412 -0.8321877
vn 0.6622118 -0.3476661 -0.5876886
vn 0.6622118 -0.3476661 -0.5876886
vn 0.8477034 -0.1312182 -0.4547313
vn 0.0009044109 -0.2228673 -0.8633652
vn 0.4123274 0.7980927 0.3894065
vn 0.3569109 0.8049002 0.4202202
vn -0.4174727 0.8517107 0.2799633
vn -0.4174727 0.8517107 0.2799633
vn -0.4670657 0.819343 0.2939794
vn 0.4123274 0.7980927 0.3894065
vn -0.05822649 0.3225667 0.8367037
vn -0.7297025 0.1648426 0.5875098
vn -0.7334574 0.2498813 0.5589539
vn -0.7334574 0.2498813 0.5589539
vn 0.02900564 0.3648787 0.824208
vn -0.05822649 0.3225667 0.8367037
vn 0.9986664 -0.01824121 0.0428577
vn 0.7141255 -0.2934572 -0.5628793
vn 0.9979423 -0.03482747 0.04776292
vn 0.9979423 -0.03482747 0.04776292
vn 0.9999738 0.0009116025 -0.004225109
vn 0.9986664 -0.01824121 0.0428577
vn 0.3569109 0.8049002 0.4202202
vn 0.4648292 0.7133844 0.4650504
vn -0.4796534 0.7898694 0.3377188
vn -0.4796534 0.7898694 0.3377188
vn -0.4174727 0.8517107 0.2799633
vn 0.3569109 0.8049002 0.4202202
vn -0.4174727 0.8517107 0.2799633
vn -0.4796534 0.7898694 0.3377188
vn -0.7334574 0.2498813 0.5589539
vn -0.7334574 0.2498813 0.5589539
vn -0.8384717 0.4728318 0.2388424
vn -0.4174727 0.8517107 0.2799633
vn 0.9112679 0.2140312 0.3125032
vn 0.9986664 -0.01824121 0.0428577
vn 0.4648292 0.7133844 0.4650504
vn 0.4648292 0.7133844 0.4650504
vn 0.9986664 -0.01824121 0.0428577
vn 0.9963415 0.02101765 -0.07231104
vn 0.9999738 0.0009116025 -0.004225109
vn 0.9963415 0.02101765 -0.07231104
vn 0.9986664 -0.01824121 0.0428577
vn 0.3569109 0.8049002 0.4202202
vn 0.9112679 0.2140312 0.3125032
vn 0.4648292 0.7133844 0.4650504
vn 0.9112679 0.2140312 0.3125032
vn 0.3569109 0.8049002 0.4202202
vn 0.4123274 0.7980927 0.3894065
vn 0.4123274 0.7980927 0.3894065
vn 0.7523006 0.05165231 -0.5812984
vn 0.9112679 0.2140312 0.3125032
vn -0.7334574 0.2498813 0.5589539
vn -0.4796534 0.7898694 0.3377188
vn 0.4648292 0.7133844 0.4650504
vn 0.4648292 0.7133844 0.4650504
vn 0.02900564 0.3648787 0.824208
vn -0.7334574 0.2498813 0.5589539
vn -0.002227705 -0.3421412 -0.8321877
vn 0.02901576 -0.3926066 -0.8141347
vn -0.001970727 -0.4313674 -0.7990265
vn -0.001970727 -0.4313674 -0.7990265
vn 0.6622118 -0.3476661 -0.5876886
vn -0.002227705 -0.3421412 -0.8321877
vn -0.7013213 0.189455 0.6086419
vn -0.7021075 0.08857507 0.6257637
vn -0.9956219 -0.08587137 0.03282586
vn -0.9956219 -0.08587137 0.03282586
vn -0.9843376 -0.09223729 0.1330915
vn -0.7013213 0.189455 0.6086419
vn -0.7297025 0.1648426 0.5875098
vn -0.7013213 0.189455 0.6086419
vn -0.9843376 -0.09223729 0.1330915
vn -0.9843376 -0.09223729 0.1330915
vn -0.9942818 -0.04169112 0.08691236
vn -0.7297025 0.1648426 0.5875098
vn 0.02901576 -0.3926066 -0.8141347
vn 0.03063193 -0.3681598 -0.8230145
vn 0.7141255 -0.2934572 -0.5628793
vn 0.7141255 -0.2934572 -0.5628793
vn -0.001970727 -0.4313674 -0.7990265
vn 0.02901576 -0.3926066 -0.8141347
vn -0.05822649 0.3225667 0.8367037
vn -0.0871572 0.3508263 0.8257759
vn -0.7013213 0.189455 0.6086419
vn -0.7013213 0.189455 0.6086419
vn -0.7297025 0.1648426 0.5875098
vn -0.05822649 0.3225667 0.8367037
vn -0.9979168 -0.04308031 0.04263166
vn -0.9956219 -0.08587137 0.03282586
vn -0.922351 -0.1340015 -0.3209513
vn -0.9956219 -0.08587137 0.03282586
vn -0.7021075 0.08857507 0.6257637
vn -0.922351 -0.1340015 -0.3209513
vn -0.8209145 0.07232082 0.501695
vn -0.922351 -0.1340015 -0.3209513
vn -0.7021075 0.08857507 0.6257637
vn 0.03063193 -0.3681598 -0.8230145
vn 0.06882029 -0.2417942 -0.8572242
vn 0.6105098 -0.171804 -0.6847568
vn 0.6105098 -0.171804 -0.6847568
vn 0.7141255 -0.2934572 -0.5628793
vn 0.03063193 -0.3681598 -0.8230145
vn 0.7141255 -0.2934572 -0.5628793
vn 0.6105098 -0.171804 -0.6847568
vn 0.9302956 -0.1445444 -0.2985979
vn 0.9302956 -0.1445444 -0.2985979
vn 0.9979423 -0.03482747 0.04776292
vn 0.7141255 -0.2934572 -0.5628793
vn -0.0871572 0.3508263 0.8257759
vn -0.04037389 0.183907 0.8698272
vn -0.7021075 0.08857507 0.6257637
vn -0.7021075 0.08857507 0.6257637
vn -0.7013213 0.189455 0.6086419
vn -0.0871572 0.3508263 0.8257759
vn 0.05195548 -0.6554416 0.6673148
vn 0.07228155 -0.6651524 0.6582319
vn 0.05525015 -0.6570419 0.6658711
vn 0.05525015 -0.6570419 0.6658711
vn 0.03333921 -0.6462095 0.6752633
vn 0.05195548 -0.6554416 0.6673148
vn 0.06882029 -0.2417942 -0.8572242
vn 0.1494232 0.1006706 -0.8711744
vn 0.4345517 0.1030736 -0.7924343
vn 0.4345517 0.1030736 -0.7924343
vn 0.6105098 -0.171804 -0.6847568
vn 0.06882029 -0.2417942 -0.8572242
vn 0.4345517 0.1030736 -0.7924343
vn 0.8375431 -0.02803683 -0.4832721
vn 0.6105098 -0.171804 -0.6847568
vn 0.6105098 -0.171804 -0.6847568
vn 0.8375431 -0.02803683 -0.4832721
vn 0.9302956 -0.1445444 -0.2985979
vn 0.8246809 0.03519553 -0.4999673
vn 0.9302956 -0.1445444 -0.2985979
vn 0.8375431 -0.02803683 -0.4832721
vn -0.04037389 0.183907 0.8698272
vn -0.02535788 0.1108925 0.8799192
vn -0.8209145 0.07232082 0.501695
vn -0.8209145 0.07232082 0.501695
vn -0.7021075 0.08857507 0.6257637
vn -0.04037389 0.183907 0.8698272
vn 0.8375431 -0.02803683 -0.4832721
vn 0.4529201 -0.1836438 -0.772687
vn 0.7974171 -0.03653556 -0.533462
vn 0.7974171 -0.03653556 -0.533462
vn 0.8246809 0.03519553 -0.4999673
vn 0.8375431 -0.02803683 -0.4832721
vn -0.6489867 -0.6755575 -0.3099174
vn -0.4839464 -0.598259 0.5656417
vn -0.08150262 -0.3023422 0.8411269
vn -0.08150262 -0.3023422 0.8411269
vn -0.3678809 -0.5261931 0.6790183
vn -0.6489867 -0.6755575 -0.3099174
vn -0.02535788 0.1108925 0.8799192
vn -0.08150262 -0.3023422 0.8411269
vn -0.4839464 -0.598259 0.5656417
vn -0.4839464 -0.598259 0.5656417
vn -0.8209145 0.07232082 0.501695
vn -0.02535788 0.1108925 0.8799192
vn -0.922351 -0.1340015 -0.3209513
vn -0.6489867 -0.6755575 -0.3099174
vn 0.4529201 -0.1836438 -0.772687
vn 0.4529201 -0.1836438 -0.772687
vn 0.8375431 -0.02803683 -0.4832721
vn -0.922351 -0.1340015 -0.3209513
vn -0.8209145 0.07232082 0.501695
vn -0.4839464 -0.598259 0.5656417
vn -0.6489867 -0.6755575 -0.3099174
vn -0.6489867 -0.6755575 -0.3099174
vn -0.922351 -0.1340015 -0.3209513
vn -0.8209145 0.07232082 0.501695
vn -0.2381526 -0.9688536 -0.06017238
vn -0.07588101 -0.9423444 -0.2886761
vn -0.1504791 -0.9884951 -0.01381773
vn -0.1504791 -0.9884951 -0.01381773
vn -0.07588101 -0.9423444 -0.2886761
vn 0.09156272 -0.9951349 0.0323348
vn 0.09156272 -0.9951349 0.0323348
vn -0.07588101 -0.9423444 -0.2886761
vn 0.05541148 -0.997532 -0.03829682
vn 0.03742349 -0.9961644 -0.07010972
vn 0.05541148 -0.997532 -0.03829682
vn -0.07588101 -0.9423444 -0.2886761
vn 0.2124947 0.08541137 0.8621294
vn 0.01736534 0.4646551 0.7841021
vn -0.1315893 0.3160607 0.8321469
vn -0.1315893 0.3160607 0.8321469
vn 0.00346829 0.1370126 0.8773103
vn 0.2124947 0.08541137 0.8621294
vn -0.2488762 0.5503039 0.705889
vn 0.00346829 0.1370126 0.8773103
vn -0.4415512 0.6298039 0.5659868
vn 0.00346829 0.1370126 0.8773103
vn -0.1315893 0.3160607 0.8321469
vn -0.4415512 0.6298039 0.5659868
vn -0.6033118 0.4966597 0.5526389
vn -0.4415512 0.6298039 0.5659868
vn -0.1315893 0.3160607 0.8321469
vn 0.6053988 -0.5168339 -0.5360899
vn -0.07588101 -0.9423444 -0.2886761
vn -0.2381526 -0.9688536 -0.06017238
vn -0.2381526 -0.9688536 -0.06017238
vn -0.02282677 -0.9964252 -0.07209158
vn 0.6053988 -0.5168339 -0.5360899
vn -0.2488762 0.5503039 0.705889
vn -0.4415512 0.6298039 0.5659868
vn -0.6028482 0.6966561 -0.3444479
vn -0.6028482 0.6966561 -0.3444479
vn -0.4100757 0.3495069 -0.7461121
vn -0.2488762 0.5503039 0.705889
vn -0.4100757 0.3495069 -0.7461121
vn -0.6028482 0.6966561 -0.3444479
vn -0.2426795 -0.3381374 -0.8053113
vn -0.2426795 -0.3381374 -0.8053113
vn 0.0191118 0.01958591 -0.8853365
vn -0.4100757 0.3495069 -0.7461121
vn 0.6255394 -0.09462601 -0.685893
vn 0.6053988 -0.5168339 -0.5360899
vn 0.7847549 0.1466214 0.5333668
vn 0.7847549 0.1466214 0.5333668
vn 0.8147457 -0.09883109 0.5060173
vn 0.6255394 -0.09462601 -0.685893
vn 0.7847549 0.1466214 0.5333668
vn 0.2124947 0.08541137 0.8621294
vn 0.8147457 -0.09883109 0.5060173
vn 0.2124947 0.08541137 0.8621294
vn 0.00346829 0.1370126 0.8773103
vn 0.01156386 0.08608609 0.8823209
vn 0.01156386 0.08608609 0.8823209
vn 0.1159074 0.05964518 0.8781112
vn 0.2124947 0.08541137 0.8621294
vn 0.00346829 0.1370126 0.8773103
vn -0.2488762 0.5503039 0.705889
vn -0.3795643 0.3129492 0.7710891
vn -0.3795643 0.3129492 0.7710891
vn 0.01156386 0.08608609 0.8823209
vn 0.00346829 0.1370126 0.8773103
vn 0.809198 0.0339511 0.5194978
vn 0.8208889 -0.118019 0.4948818
vn 0.1159074 0.05964518 0.8781112
vn 0.1159074 0.05964518 0.8781112
vn 0.05181248 0.0235824 0.8842318
vn 0.809198 0.0339511 0.5194978
vn 0.6587419 0.002748072 -0.6663476
vn 0.7476152 -0.147688 -0.5734768
vn 0.8208889 -0.118019 0.4948818
vn 0.8208889 -0.118019 0.4948818
vn 0.809198 0.0339511 0.5194978
vn 0.6587419 0.002748072 -0.6663476
vn 0.6296599 -0.009654462 0.6879991
vn 0.809198 0.0339511 0.5194978
vn 0.05181248 0.0235824 0.8842318
vn 0.05181248 0.0235824 0.8842318
vn 0.004012193 -0.01343751 0.8855811
vn 0.6296599 -0.009654462 0.6879991
vn -0.8003474 -0.03638959 -0.5300165
vn -0.7923927 -0.08731163 -0.5347098
vn -0.8541982 0.1188749 0.4483109
vn -0.7923927 -0.08731163 -0.5347098
vn -0.6112654 0.07938933 0.6974073
vn -0.8541982 0.1188749 0.4483109
vn -0.1855824 0.05579364 0.8688791
vn -0.8541982 0.1188749 0.4483109
vn -0.6112654 0.07938933 0.6974073
vn -0.6112654 0.07938933 0.6974073
vn -0.8633503 0.008770049 0.4468522
vn -0.1901584 0.1152227 0.8634987
vn -0.1901584 0.1152227 0.8634987
vn 0.004012193 -0.01343751 0.8855811
vn -0.6112654 0.07938933 0.6974073
vn -0.4100757 0.3495069 -0.7461121
vn 0.0191118 0.01958591 -0.8853365
vn 0.6255394 -0.09462601 -0.685893
vn 0.6255394 -0.09462601 -0.685893
vn 0.7476152 -0.147688 -0.5734768
vn -0.4100757 0.3495069 -0.7461121
vn 0.6053988 -0.5168339 -0.5360899
vn 0.6255394 -0.09462601 -0.685893
vn 0.0191118 0.01958591 -0.8853365
vn -0.4415512 0.6298039 0.5659868
vn -0.6033118 0.4966597 0.5526389
vn -0.793026 0.4625542 0.3511118
vn -0.793026 0.4625542 0.3511118
vn -0.6028482 0.6966561 -0.3444479
vn -0.4415512 0.6298039 0.5659868
vn -0.2426795 -0.3381374 -0.8053113
vn 0.6053988 -0.5168339 -0.5360899
vn 0.0191118 0.01958591 -0.8853365
vn -0.2426795 -0.3381374 -0.8053113
vn -0.6028482 0.6966561 -0.3444479
vn 0.6053988 -0.5168339 -0.5360899
vn 0.6053988 -0.5168339 -0.5360899
vn -0.6028482 0.6966561 -0.3444479
vn -0.07588101 -0.9423444 -0.2886761
vn 0.06587892 0.2157993 -0.8628296
vn -0.07588101 -0.9423444 -0.2886761
vn -0.6028482 0.6966561 -0.3444479
vn -0.2488762 0.5503039 0.705889
vn -0.4100757 0.3495069 -0.7461121
vn -0.3795643 0.3129492 0.7710891
vn 0.5079693 -0.03188783 0.7623707
vn 0.551159 0.1392078 0.7286462
vn -0.8819721 -0.04392454 0.4156077
vn 0.551159 0.1392078 0.7286462
vn -0.1901584 0.1152227 0.8634987
vn -0.8819721 -0.04392454 0.4156077
vn -0.8633503 0.008770049 0.4468522
vn -0.8819721 -0.04392454 0.4156077
vn -0.1901584 0.1152227 0.8634987
vn 0.7413558 0.08027869 0.5901189
vn 0.6965638 -0.152201 0.6210036
vn 0.4086422 0.7988502 -0.3909581
vn 0.6835466 -0.1366007 -0.6350365
vn 0.9476403 0.1909973 -0.2266833
vn 0.4086422 0.7988502 -0.3909581
vn 0.3859781 0.8950614 -0.1978336
vn 0.4086422 0.7988502 -0.3909581
vn 0.9476403 0.1909973 -0.2266833
vn 0.3859781 0.8950614 -0.1978336
vn -0.504674 0.8520338 -0.1232069
vn -0.4704392 0.8187203 -0.291589
vn -0.4704392 0.8187203 -0.291589
vn 0.4086422 0.7988502 -0.3909581
vn 0.3859781 0.8950614 -0.1978336
vn -0.8421375 -0.07897693 -0.4724645
vn -0.9217266 0.3585198 -0.1310504
vn -0.07615067 -0.2006138 -0.8650377
vn -0.1989051 0.1818081 0.8529047
vn -0.1989052 0.1818082 0.8529049
vn -0.1989051 0.1818081 0.8529047
vn -0.9217266 0.3585198 -0.1310504
vn -0.9426641 0.2834097 -0.1561238
vn -0.9804831 -0.09289453 0.1534882
vn -0.9804831 -0.09289453 0.1534882
vn -0.9426641 0.2834097 -0.1561238
vn -0.9868105 -0.1267629 -0.08921371
vn -0.9868105 -0.1267629 -0.08921371
vn -0.9426641 0.2834097 -0.1561238
vn -0.895087 -0.1427465 -0.374137
vn -0.895087 -0.1427465 -0.374137
vn -0.9426641 0.2834097 -0.1561238
vn -0.9954178 -0.03817725 -0.07769886
vn -0.9426641 0.2834097 -0.1561238
vn -0.9518557 0.3058537 0.01846474
vn -0.9954178 -0.03817725 -0.07769886
vn -0.2235876 -0.003176689 -0.8632419
vn -0.2235876 -0.003176689 -0.8632418
vn -0.2235876 -0.003176689 -0.8632419
vn -0.9944208 -0.0420373 -0.085737
vn -0.8421369 0.470855 -0.2328329
vn -0.9113175 -0.01202124 -0.3644877
vn -0.9113175 -0.01202124 -0.3644877
vn -0.8421369 0.470855 -0.2328329
vn -0.8421375 -0.07897693 -0.4724645
vn -0.9217266 0.3585198 -0.1310504
vn -0.8421375 -0.07897693 -0.4724645
vn -0.8421369 0.470855 -0.2328329
vn 0.5513141 -0.1676114 -0.7238474
vn 0.6835466 -0.1366007 -0.6350365
vn -0.8421375 -0.07897693 -0.4724645
vn -0.8421375 -0.07897693 -0.4724645
vn -0.07615067 -0.2006138 -0.8650377
vn 0.5513141 -0.1676114 -0.7238474
vn 0.9638658 -0.07099919 -0.2274145
vn 0.9476403 0.1909973 -0.2266833
vn 0.6835466 -0.1366007 -0.6350365
vn 0.6835466 -0.1366007 -0.6350365
vn 0.5513141 -0.1676114 -0.7238474
vn 0.9638658 -0.07099919 -0.2274145
vn 0.9808018 -0.03294553 -0.1702525
vn 0.9638658 -0.07099919 -0.2274145
vn 0.5513141 -0.1676114 -0.7238474
vn 0.5513141 -0.1676114 -0.7238474
vn 0.5079692 -0.03129339 -0.76239
vn 0.9808018 -0.03294553 -0.1702525
vn 0.5079692 -0.03129339 -0.76239
vn 0.5513141 -0.1676114 -0.7238474
vn -0.07615067 -0.2006138 -0.8650377
vn -0.07615067 -0.2006138 -0.8650377
vn -0.26403 0.01119947 -0.8541822
vn 0.5079692 -0.03129339 -0.76239
vn -0.5298613 -0.1621244 0.7372705
vn -0.9868105 -0.1267629 -0.08921371
vn -0.895087 -0.1427465 -0.374137
vn -0.895087 -0.1427465 -0.374137
vn -0.5767449 -0.05358481 -0.7219675
vn -0.5298613 -0.1621244 0.7372705
vn -0.734606 -0.1419092 0.5876334
vn -0.9804831 -0.09289453 0.1534882
vn -0.6654838 0.04865092 -0.6596704
vn -0.9804831 -0.09289453 0.1534882
vn -0.9868105 -0.1267629 -0.08921371
vn -0.6654838 0.04865092 -0.6596704
vn -0.6654838 0.04865092 -0.6596704
vn -0.9868105 -0.1267629 -0.08921371
vn -0.8079823 -0.07914966 0.5171168
vn -0.5298613 -0.1621244 0.7372705
vn -0.8079823 -0.07914966 0.5171168
vn -0.9868105 -0.1267629 -0.08921371
vn 0.9813346 -0.1877451 0.03699186
vn 0.9808018 -0.03294553 -0.1702525
vn 0.5079692 -0.03129339 -0.76239
vn 0.5079692 -0.03129339 -0.76239
vn 0.9812274 0.008340046 -0.1706682
vn 0.9813346 -0.1877451 0.03699186
vn -0.504674 0.8520338 -0.1232069
vn -0.5371121 0.8435166 0.0002579093
vn -0.9518557 0.3058537 0.01846474
vn -0.9518557 0.3058537 0.01846474
vn -0.9426641 0.2834097 -0.1561238
vn -0.504674 0.8520338 -0.1232069
vn -0.4704392 0.8187203 -0.291589
vn -0.504674 0.8520338 -0.1232069
vn -0.9426641 0.2834097 -0.1561238
vn -0.9426641 0.2834097 -0.1561238
vn -0.9217266 0.3585198 -0.1310504
vn -0.4704392 0.8187203 -0.291589
vn 0.8699127 -0.4932161 -0.0001508296
vn 0.9992717 -0.03829612 -1.171231E-05
vn 0.9808018 -0.03294553 -0.1702525
vn 0.9808018 -0.03294553 -0.1702525
vn 0.9813346 -0.1877451 0.03699186
vn 0.8699127 -0.4932161 -0.0001508296
vn 0.9992717 -0.03829612 -1.171231E-05
vn 0.9957945 -0.09167188 -2.803653E-05
vn 0.9638658 -0.07099919 -0.2274145
vn 0.9638658 -0.07099919 -0.2274145
vn 0.9808018 -0.03294553 -0.1702525
vn 0.9992717 -0.03829612 -1.171231E-05
vn 0.9957945 -0.09167188 -2.803653E-05
vn 0.9852467 0.1711705 5.233288E-05
vn 0.9476403 0.1909973 -0.2266833
vn 0.9476403 0.1909973 -0.2266833
vn 0.9638658 -0.07099919 -0.2274145
vn 0.9957945 -0.09167188 -2.803653E-05
vn 0.5642988 -0.6391811 0.4627745
vn 0.8699127 -0.4932161 -0.0001508296
vn 0.9813346 -0.1877451 0.03699186
vn 0.9813346 -0.1877451 0.03699186
vn -0.5298613 -0.1621244 0.7372705
vn 0.5642988 -0.6391811 0.4627745
vn 0.5937041 0.8046893 0.0002461076
vn -0.5371121 0.8435166 0.0002579093
vn -0.504674 0.8520338 -0.1232069
vn -0.504674 0.8520338 -0.1232069
vn 0.3859781 0.8950614 -0.1978336
vn 0.5937041 0.8046893 0.0002461076
vn 0.9852467 0.1711705 5.233288E-05
vn 0.5937041 0.8046893 0.0002461076
vn 0.3859781 0.8950614 -0.1978336
vn 0.3859781 0.8950614 -0.1978336
vn 0.9476403 0.1909973 -0.2266833
vn 0.9852467 0.1711705 5.233288E-05
vn 0.7476149 -0.1481352 0.5733861
vn 0.8208889 -0.1176331 -0.4949536
vn 0.8147456 -0.09843642 -0.5060775
vn 0.8147456 -0.09843642 -0.5060775
vn 0.6255394 -0.09516084 0.6858347
vn 0.7476149 -0.1481352 0.5733861
vn -0.02518527 -0.1430544 0.8762749
vn 0.661756 0.01409805 0.6638876
vn -0.8047114 -0.02364582 0.5253788
vn -0.4283129 -0.1065813 0.7947312
vn 0.01462224 0.0342291 0.8850542
vn -0.02518527 -0.1430544 0.8762749
vn 0.01462224 0.0342291 0.8850542
vn 0.9813346 -0.1877451 0.03699186
vn -0.02518527 -0.1430544 0.8762749
vn 0.661756 0.01409805 0.6638876
vn -0.02518527 -0.1430544 0.8762749
vn 0.9813346 -0.1877451 0.03699186
vn 0.002747027 -0.01255417 -0.8855946
vn 0.8208016 0.06050617 -0.5030646
vn -0.1535567 0.1681137 -0.8624053
vn 0.8208016 0.06050617 -0.5030646
vn 0.661756 0.01409805 0.6638876
vn 0.9812274 0.008340046 -0.1706682
vn 0.9813346 -0.1877451 0.03699186
vn 0.9812274 0.008340046 -0.1706682
vn 0.661756 0.01409805 0.6638876
vn -0.1535567 0.1681137 -0.8624053
vn -0.1901584 0.115896 -0.8634278
vn 0.004012194 -0.01274705 -0.8855888
vn 0.004012194 -0.01274705 -0.8855888
vn 0.002747027 -0.01255417 -0.8855946
vn -0.1535567 0.1681137 -0.8624053
vn 0.784755 0.1470373 -0.5332768
vn 0.2124946 0.08608353 -0.8620766
vn 0.01736533 0.4652663 -0.7838172
vn 0.01736533 0.4652663 -0.7838172
vn 0.2845122 0.6421949 -0.6304083
vn 0.784755 0.1470373 -0.5332768
vn -0.881386 0.2023293 -0.3780775
vn -0.8972423 0.2324199 -0.3325042
vn -0.3836309 0.3296334 -0.7640247
vn -0.8972423 0.2324199 -0.3325042
vn -0.9962863 0.001749888 0.07629412
vn -0.3836309 0.3296334 -0.7640247
vn -0.4099637 0.3697795 0.7384557
vn -0.3836309 0.3296334 -0.7640247
vn -0.9962863 0.001749888 0.07629412
vn 0.8208889 -0.1176331 -0.4949536
vn 0.1159074 0.06032991 -0.8780743
vn 0.2124946 0.08608353 -0.8620766
vn 0.2124946 0.08608353 -0.8620766
vn 0.8147456 -0.09843642 -0.5060775
vn 0.8208889 -0.1176331 -0.4949536
vn 0.01462224 0.0342291 0.8850542
vn -0.4283129 -0.1065813 0.7947312
vn -0.5298613 -0.1621244 0.7372705
vn -0.5298613 -0.1621244 0.7372705
vn 0.9813346 -0.1877451 0.03699186
vn 0.01462224 0.0342291 0.8850542
vn -0.5298613 -0.1621244 0.7372705
vn -0.4283129 -0.1065813 0.7947312
vn -0.8079823 -0.07914966 0.5171168
vn -0.8079823 -0.07914966 0.5171168
vn -0.4283129 -0.1065813 0.7947312
vn -0.8047114 -0.02364582 0.5253788
vn -0.02518527 -0.1430544 0.8762749
vn -0.8047114 -0.02364582 0.5253788
vn -0.4283129 -0.1065813 0.7947312
vn -0.9962863 0.001749888 0.07629412
vn -0.8972423 0.2324199 -0.3325042
vn -0.881386 0.2023293 -0.3780775
vn -0.881386 0.2023293 -0.3780775
vn -0.8047114 -0.02364582 0.5253788
vn -0.9962863 0.001749888 0.07629412
vn -0.8047114 -0.02364582 0.5253788
vn -0.4099637 0.3697795 0.7384557
vn 0.8787359 -0.01875722 0.4224176
vn -0.8047114 -0.02364582 0.5253788
vn 0.661756 0.01409805 0.6638876
vn 0.7476149 -0.1481352 0.5733861
vn 0.7476149 -0.1481352 0.5733861
vn -0.4099637 0.3697795 0.7384557
vn -0.8047114 -0.02364582 0.5253788
vn 0.01156386 0.08677399 -0.8822676
vn -0.1855824 0.05647111 -0.8688444
vn -0.881386 0.2023293 -0.3780775
vn -0.881386 0.2023293 -0.3780775
vn -0.3836309 0.3296334 -0.7640247
vn 0.01156386 0.08677399 -0.8822676
vn 0.1159074 0.06032991 -0.8780743
vn 0.05181247 0.02427185 -0.8842168
vn -0.1855824 0.05647111 -0.8688444
vn -0.1855824 0.05647111 -0.8688444
vn 0.01156386 0.08677399 -0.8822676
vn 0.1159074 0.06032991 -0.8780743
vn 0.05181247 0.02427185 -0.8842168
vn 0.004012194 -0.01274705 -0.8855888
vn -0.6654838 0.04865092 -0.6596704
vn -0.6654838 0.04865092 -0.6596704
vn -0.1855824 0.05647111 -0.8688444
vn 0.05181247 0.02427185 -0.8842168
vn -0.8421369 0.470855 -0.2328329
vn -0.9944208 -0.0420373 -0.085737
vn -0.7317538 0.1646194 -0.5857762
vn -0.7317538 0.1646194 -0.5857762
vn -0.7420778 0.2473956 -0.5517665
vn -0.8421369 0.470855 -0.2328329
vn -0.4704392 0.8187203 -0.291589
vn -0.9217266 0.3585198 -0.1310504
vn -0.8421369 0.470855 -0.2328329
vn -0.8421369 0.470855 -0.2328329
vn -0.4216246 0.8509709 -0.2773853
vn -0.4704392 0.8187203 -0.291589
vn 0.9986615 -0.01816532 -0.04299571
vn 0.6640447 -0.348677 0.5857974
vn 0.9032964 0.2256165 -0.323193
vn 0.9032964 0.2256165 -0.323193
vn 0.6640447 -0.348677 0.5857974
vn 0.7413558 0.08027869 0.5901189
vn 0.6965638 -0.152201 0.6210036
vn 0.7413558 0.08027869 0.5901189
vn 0.6640447 -0.348677 0.5857974
vn 0.006102485 -0.2232343 0.8633013
vn 0.6965638 -0.152201 0.6210036
vn 0.6640447 -0.348677 0.5857974
vn 0.6640447 -0.348677 0.5857974
vn 0.003059268 -0.3424943 0.8320986
vn 0.006102485 -0.2232343 0.8633013
vn 0.4086422 0.7988502 -0.3909581
vn -0.4704392 0.8187203 -0.291589
vn -0.4216246 0.8509709 -0.2773853
vn -0.4216246 0.8509709 -0.2773853
vn 0.3513269 0.8057417 -0.4223041
vn 0.4086422 0.7988502 -0.3909581
vn -0.06129488 0.3230001 -0.8364357
vn 0.0163389 0.3648819 -0.8244779
vn -0.7420778 0.2473956 -0.5517665
vn -0.7420778 0.2473956 -0.5517665
vn -0.7317538 0.1646194 -0.5857762
vn -0.06129488 0.3230001 -0.8364357
vn 0.9986615 -0.01816532 -0.04299571
vn 1.000002 0.001703352 0.001874341
vn 0.9979428 -0.0347902 -0.04778428
vn 0.9979428 -0.0347902 -0.04778428
vn 0.7141259 -0.2938959 0.5626994
vn 0.9986615 -0.01816532 -0.04299571
vn 0.3513269 0.8057417 -0.4223041
vn -0.4216246 0.8509709 -0.2773853
vn -0.4857712 0.7886144 -0.3338887
vn -0.4857712 0.7886144 -0.3338887
vn 0.4569584 0.7147151 -0.4689679
vn 0.3513269 0.8057417 -0.4223041
vn -0.4216246 0.8509709 -0.2773853
vn -0.8421369 0.470855 -0.2328329
vn -0.7420778 0.2473956 -0.5517665
vn -0.7420778 0.2473956 -0.5517665
vn -0.4857712 0.7886144 -0.3338887
vn -0.4216246 0.8509709 -0.2773853
vn 1.000002 0.001703352 0.001874341
vn 0.9986615 -0.01816532 -0.04299571
vn 0.9972071 0.02428995 0.06262036
vn 0.9972071 0.02428995 0.06262036
vn 0.9986615 -0.01816532 -0.04299571
vn 0.4569584 0.7147151 -0.4689679
vn 0.9032964 0.2256165 -0.323193
vn 0.4569584 0.7147151 -0.4689679
vn 0.9986615 -0.01816532 -0.04299571
vn 0.9032964 0.2256165 -0.323193
vn 0.3513269 0.8057417 -0.4223041
vn 0.4569584 0.7147151 -0.4689679
vn 0.9032964 0.2256165 -0.323193
vn 0.7413558 0.08027869 0.5901189
vn 0.4086422 0.7988502 -0.3909581
vn 0.4086422 0.7988502 -0.3909581
vn 0.3513269 0.8057417 -0.4223041
vn 0.9032964 0.2256165 -0.323193
vn -0.7420778 0.2473956 -0.5517665
vn 0.0163389 0.3648819 -0.8244779
vn 0.4569584 0.7147151 -0.4689679
vn 0.4569584 0.7147151 -0.4689679
vn -0.4857712 0.7886144 -0.3338887
vn -0.7420778 0.2473956 -0.5517665
vn 0.003059268 -0.3424943 0.8320986
vn 0.6640447 -0.348677 0.5857974
vn -0.001806448 -0.4319816 0.7987674
vn -0.001806448 -0.4319816 0.7987674
vn 0.03058139 -0.393144 0.8139013
vn 0.003059268 -0.3424943 0.8320986
vn -0.7013216 0.1899293 -0.6085256
vn -0.9843381 -0.09213351 -0.1331478
vn -0.9956221 -0.08584575 -0.03287835
vn -0.9956221 -0.08584575 -0.03287835
vn -0.7021076 0.08906281 -0.6257091
vn -0.7013216 0.1899293 -0.6085256
vn -0.7317538 0.1646194 -0.5857762
vn -0.9944208 -0.0420373 -0.085737
vn -0.9843381 -0.09213351 -0.1331478
vn -0.9843381 -0.09213351 -0.1331478
vn -0.7013216 0.1899293 -0.6085256
vn -0.7317538 0.1646194 -0.5857762
vn 0.03058139 -0.393144 0.8139013
vn -0.001806448 -0.4319816 0.7987674
vn 0.7141259 -0.2938959 0.5626994
vn 0.7141259 -0.2938959 0.5626994
vn 0.03063194 -0.3688013 0.8227889
vn 0.03058139 -0.393144 0.8139013
vn -0.06129488 0.3230001 -0.8364357
vn -0.7317538 0.1646194 -0.5857762
vn -0.7013216 0.1899293 -0.6085256
vn -0.7013216 0.1899293 -0.6085256
vn -0.08715725 0.35147 -0.8255609
vn -0.06129488 0.3230001 -0.8364357
vn -0.8209145 0.07271177 -0.5016505
vn -0.7021076 0.08906281 -0.6257091
vn -0.922351 -0.1342515 0.3208691
vn -0.7021076 0.08906281 -0.6257091
vn -0.9956221 -0.08584575 -0.03287835
vn -0.922351 -0.1342515 0.3208691
vn -0.9979168 -0.04304706 -0.04265796
vn -0.922351 -0.1342515 0.3208691
vn -0.9956221 -0.08584575 -0.03287835
vn 0.03063194 -0.3688013 0.8227889
vn 0.7141259 -0.2938959 0.5626994
vn 0.6105099 -0.1723376 0.6846513
vn 0.6105099 -0.1723376 0.6846513
vn 0.06882031 -0.2424623 0.8570759
vn 0.03063194 -0.3688013 0.8227889
vn 0.7141259 -0.2938959 0.5626994
vn 0.9979428 -0.0347902 -0.04778428
vn 0.9302959 -0.1447771 0.2985093
vn 0.9302959 -0.1447771 0.2985093
vn 0.6105099 -0.1723376 0.6846513
vn 0.7141259 -0.2938959 0.5626994
vn -0.08715725 0.35147 -0.8255609
vn -0.7013216 0.1899293 -0.6085256
vn -0.7021076 0.08906281 -0.6257091
vn -0.7021076 0.08906281 -0.6257091
vn -0.0403739 0.184585 -0.8697145
vn -0.08715725 0.35147 -0.8255609
vn 0.05195546 -0.6549212 -0.6677157
vn 0.0333392 -0.645683 -0.6756587
vn 0.05525014 -0.6565227 -0.6662732
vn 0.05525014 -0.6565227 -0.6662732
vn 0.07228153 -0.6646391 -0.6586388
vn 0.05195546 -0.6549212 -0.6677157
vn 0.06882031 -0.2424623 0.8570759
vn 0.6105099 -0.1723376 0.6846513
vn 0.4345517 0.102456 0.7924969
vn 0.4345517 0.102456 0.7924969
vn 0.1494231 0.09999156 0.8712355
vn 0.06882031 -0.2424623 0.8570759
vn 0.8246809 0.0348058 0.4999886
vn 0.8375431 -0.02841344 0.4832547
vn 0.9302959 -0.1447771 0.2985093
vn 0.9302959 -0.1447771 0.2985093
vn 0.8375431 -0.02841344 0.4832547
vn 0.6105099 -0.1723376 0.6846513
vn 0.4345517 0.102456 0.7924969
vn 0.6105099 -0.1723376 0.6846513
vn 0.8375431 -0.02841344 0.4832547
vn -0.0403739 0.184585 -0.8697145
vn -0.7021076 0.08906281 -0.6257091
vn -0.8209145 0.07271177 -0.5016505
vn -0.8209145 0.07271177 -0.5016505
vn -0.02535789 0.1115783 -0.8798509
vn -0.0403739 0.184585 -0.8697145
vn 0.8375431 -0.02841344 0.4832547
vn 0.8246809 0.0348058 0.4999886
vn 0.797417 -0.03695121 0.5334393
vn 0.797417 -0.03695121 0.5334393
vn 0.4529201 -0.1842459 0.7725741
vn 0.8375431 -0.02841344 0.4832547
vn -0.6489867 -0.6757988 0.3095037
vn -0.3678809 -0.5256637 -0.6793402
vn -0.08150262 -0.3016866 -0.8413116
vn -0.08150262 -0.3016866 -0.8413116
vn -0.4839464 -0.5978178 -0.5660076
vn -0.6489867 -0.6757988 0.3095037
vn -0.02535789 0.1115783 -0.8798509
vn -0.8209145 0.07271177 -0.5016505
vn -0.4839464 -0.5978178 -0.5660076
vn -0.4839464 -0.5978178 -0.5660076
vn -0.08150262 -0.3016866 -0.8413116
vn -0.02535789 0.1115783 -0.8798509
vn -0.922351 -0.1342515 0.3208691
vn 0.8375431 -0.02841344 0.4832547
vn 0.4529201 -0.1842459 0.7725741
vn 0.4529201 -0.1842459 0.7725741
vn -0.6489867 -0.6757988 0.3095037
vn -0.922351 -0.1342515 0.3208691
vn -0.8209145 0.07271177 -0.5016505
vn -0.922351 -0.1342515 0.3208691
vn -0.6489867 -0.6757988 0.3095037
vn -0.6489867 -0.6757988 0.3095037
vn -0.4839464 -0.5978178 -0.5660076
vn -0.8209145 0.07271177 -0.5016505
vn -0.2381526 -0.9689 0.05957973
vn -0.1504791 -0.9885052 0.01321322
vn -0.07588103 -0.942569 0.2880996
vn -0.1504791 -0.9885052 0.01321322
vn 0.09156271 -0.9951093 -0.03294343
vn -0.07588103 -0.942569 0.2880996
vn 0.09156271 -0.9951093 -0.03294343
vn 0.05541148 -0.9975615 0.03768665
vn -0.07588103 -0.942569 0.2880996
vn 0.03742349 -0.9962187 0.06950039
vn -0.07588103 -0.942569 0.2880996
vn 0.05541148 -0.9975615 0.03768665
vn 0.2124946 0.08608353 -0.8620766
vn 0.00346829 0.1376967 -0.8772259
vn -0.1315893 0.3167094 -0.831953
vn -0.1315893 0.3167094 -0.831953
vn 0.01736533 0.4652663 -0.7838172
vn 0.2124946 0.08608353 -0.8620766
vn -0.2488763 0.550854 -0.705552
vn -0.4415513 0.630245 -0.5656011
vn 0.00346829 0.1376967 -0.8772259
vn 0.00346829 0.1376967 -0.8772259
vn -0.4415513 0.630245 -0.5656011
vn -0.1315893 0.3167094 -0.831953
vn -0.6033118 0.4970905 -0.5523347
vn -0.1315893 0.3167094 -0.831953
vn -0.4415513 0.630245 -0.5656011
vn 0.6053987 -0.5172518 0.5357735
vn -0.02282677 -0.9964809 0.07148218
vn -0.2381526 -0.9689 0.05957973
vn -0.2381526 -0.9689 0.05957973
vn -0.07588103 -0.942569 0.2880996
vn 0.6053987 -0.5172518 0.5357735
vn -0.2488763 0.550854 -0.705552
vn -0.4099637 0.3697795 0.7384557
vn -0.6028481 0.6963873 0.3448736
vn -0.6028481 0.6963873 0.3448736
vn -0.4415513 0.630245 -0.5656011
vn -0.2488763 0.550854 -0.705552
vn -0.4099637 0.3697795 0.7384557
vn 0.01911182 0.01889539 0.8853478
vn -0.2426795 -0.3387652 0.8051038
vn -0.2426795 -0.3387652 0.8051038
vn -0.6028481 0.6963873 0.3448736
vn -0.4099637 0.3697795 0.7384557
vn 0.6255394 -0.09516084 0.6858347
vn 0.8147456 -0.09843642 -0.5060775
vn 0.784755 0.1470373 -0.5332768
vn 0.784755 0.1470373 -0.5332768
vn 0.6053987 -0.5172518 0.5357735
vn 0.6255394 -0.09516084 0.6858347
vn 0.2124946 0.08608353 -0.8620766
vn 0.784755 0.1470373 -0.5332768
vn 0.8147456 -0.09843642 -0.5060775
vn 0.2124946 0.08608353 -0.8620766
vn 0.1159074 0.06032991 -0.8780743
vn 0.01156386 0.08677399 -0.8822676
vn 0.01156386 0.08677399 -0.8822676
vn 0.00346829 0.1376967 -0.8772259
vn 0.2124946 0.08608353 -0.8620766
vn 0.00346829 0.1376967 -0.8772259
vn 0.01156386 0.08677399 -0.8822676
vn -0.3836309 0.3296334 -0.7640247
vn -0.3836309 0.3296334 -0.7640247
vn -0.2488763 0.550854 -0.705552
vn 0.00346829 0.1376967 -0.8772259
vn 0.8208016 0.06050617 -0.5030646
vn 0.05181247 0.02427185 -0.8842168
vn 0.1159074 0.06032991 -0.8780743
vn 0.1159074 0.06032991 -0.8780743
vn 0.8208889 -0.1176331 -0.4949536
vn 0.8208016 0.06050617 -0.5030646
vn 0.661756 0.01409805 0.6638876
vn 0.8208016 0.06050617 -0.5030646
vn 0.8208889 -0.1176331 -0.4949536
vn 0.8208889 -0.1176331 -0.4949536
vn 0.7476149 -0.1481352 0.5733861
vn 0.661756 0.01409805 0.6638876
vn 0.002747027 -0.01255417 -0.8855946
vn 0.004012194 -0.01274705 -0.8855888
vn 0.05181247 0.02427185 -0.8842168
vn 0.05181247 0.02427185 -0.8842168
vn 0.8208016 0.06050617 -0.5030646
vn 0.002747027 -0.01255417 -0.8855946
vn -0.1855824 0.05647111 -0.8688444
vn -0.6654838 0.04865092 -0.6596704
vn -0.881386 0.2023293 -0.3780775
vn -0.881386 0.2023293 -0.3780775
vn -0.6654838 0.04865092 -0.6596704
vn -0.8047114 -0.02364582 0.5253788
vn -0.8079823 -0.07914966 0.5171168
vn -0.8047114 -0.02364582 0.5253788
vn -0.6654838 0.04865092 -0.6596704
vn -0.6654838 0.04865092 -0.6596704
vn 0.004012194 -0.01274705 -0.8855888
vn -0.1901584 0.115896 -0.8634278
vn -0.1901584 0.115896 -0.8634278
vn -0.3524795 0.07977974 -0.8258085
vn -0.6654838 0.04865092 -0.6596704
vn -0.4099637 0.3697795 0.7384557
vn 0.7476149 -0.1481352 0.5733861
vn 0.6255394 -0.09516084 0.6858347
vn 0.6255394 -0.09516084 0.6858347
vn 0.01911182 0.01889539 0.8853478
vn -0.4099637 0.3697795 0.7384557
vn 0.6255394 -0.09516084 0.6858347
vn 0.6053987 -0.5172518 0.5357735
vn 0.01911182 0.01889539 0.8853478
vn -0.4415513 0.630245 -0.5656011
vn -0.6028481 0.6963873 0.3448736
vn -0.793026 0.4628278 -0.3508287
vn -0.793026 0.4628278 -0.3508287
vn -0.6033118 0.4970905 -0.5523347
vn -0.4415513 0.630245 -0.5656011
vn -0.2426795 -0.3387652 0.8051038
vn 0.6053987 -0.5172518 0.5357735
vn -0.6028481 0.6963873 0.3448736
vn 0.6053987 -0.5172518 0.5357735
vn -0.07588103 -0.942569 0.2880996
vn -0.6028481 0.6963873 0.3448736
vn 0.06587892 0.2151265 0.8629608
vn -0.6028481 0.6963873 0.3448736
vn -0.07588103 -0.942569 0.2880996
vn 0.6053987 -0.5172518 0.5357735
vn -0.2426795 -0.3387652 0.8051038
vn 0.01911182 0.01889539 0.8853478
vn -0.4099637 0.3697795 0.7384557
vn -0.2488763 0.550854 -0.705552
vn -0.3836309 0.3296334 -0.7640247
vn 0.5079692 -0.03129339 -0.76239
vn -0.26403 0.01119947 -0.8541822
vn -0.1535567 0.1681137 -0.8624053
vn -0.1535567 0.1681137 -0.8624053
vn -0.26403 0.01119947 -0.8541822
vn -0.1901584 0.115896 -0.8634278
vn -0.3524795 0.07977974 -0.8258085
vn -0.1901584 0.115896 -0.8634278
vn -0.26403 0.01119947 -0.8541822
vn -0.3143385 0.6269414 0.6313393
vn -0.5997218 -0.06861252 0.7061111
vn -0.8090744 -0.08922744 0.5144839
vn -0.5997218 -0.06861252 0.7061111
vn -0.3143385 0.6269414 0.6313393
vn -0.1183811 -0.09027827 0.875798
vn -0.5997218 -0.06861252 0.7061111
vn -0.9977909 0.06326162 0.0181925
vn -0.8090744 -0.08922744 0.5144839
vn -0.3312684 0.6750428 -0.5838585
vn -0.8184805 0.57439 -0.01174223
vn -0.8216273 0.02643934 -0.5043149
vn 0.9572588 -0.1435522 0.2224029
vn 0.938462 -0.1574197 -0.2722872
vn 0.9918325 -0.1124001 -0.05347004
vn 0.9918325 -0.1124001 -0.05347004
vn 0.4889007 -0.1624449 0.7590904
vn 0.9572588 -0.1435522 0.2224029
vn -0.2319373 -0.2669894 -0.8284301
vn -0.6541133 -0.06815571 -0.6671937
vn -0.6747559 -0.452306 -0.5165277
vn 0.6227912 -0.5338891 0.506537
vn 0.9918325 -0.1124001 -0.05347004
vn 0.6342113 -0.516737 -0.5093673
vn 0.4889007 -0.1624449 0.7590904
vn 0.6796976 0.2608934 0.6071517
vn 0.9572588 -0.1435522 0.2224029
vn -0.8195808 -0.08168977 0.5022769
vn -0.5997218 -0.06861252 0.7061111
vn -0.1183811 -0.09027827 0.875798
vn 0.4889007 -0.1624449 0.7590904
vn 0.1498263 -0.1704915 0.8625538
vn 0.6796976 0.2608934 0.6071517
vn 0.4428598 -0.1340289 -0.7851603
vn 0.1884311 -0.1219438 -0.8630713
vn -0.2319373 -0.2669894 -0.8284301
vn -0.2319373 -0.2669894 -0.8284301
vn -0.1536254 0.1279694 -0.8677845
vn -0.6541133 -0.06815571 -0.6671937
vn -0.2237736 -0.8738544 -0.3822876
vn -0.2319373 -0.2669894 -0.8284301
vn -0.4220776 -0.8610665 -0.2511672
vn 0.4889007 -0.1624449 0.7590904
vn -0.1183811 -0.09027827 0.875798
vn 0.1498263 -0.1704915 0.8625538
vn -0.3143385 0.6269414 0.6313393
vn -0.8090744 -0.08922744 0.5144839
vn -0.8184805 0.57439 -0.01174223
vn -0.338694 -0.8572661 0.3434625
vn -0.2237736 -0.8738544 -0.3822876
vn -0.4220776 -0.8610665 -0.2511672
vn 0.6086395 -0.184101 -0.6835548
vn 0.938462 -0.1574197 -0.2722872
vn 0.6988794 0.3179823 -0.567423
vn -0.9814281 0.1904464 0.02057375
vn -0.9977909 0.06326162 0.0181925
vn -0.9590182 0.02957633 0.2495932
vn -0.6541133 -0.06815571 -0.6671937
vn -0.8216273 0.02643934 -0.5043149
vn -0.9977909 0.06326162 0.0181925
vn -0.9011575 0.07665369 -0.3778886
vn -0.6541133 -0.06815571 -0.6671937
vn -0.9977909 0.06326162 0.0181925
vn -0.08487185 -0.4689279 0.7786355
vn -0.5093633 -0.4434764 0.6531658
vn -0.1183811 -0.09027827 0.875798
vn -0.8195808 -0.08168977 0.5022769
vn -0.9768416 0.2115761 0.02837561
vn -0.9961268 -0.08524846 -0.01929549
vn -0.6304412 -0.7580385 0.1480176
vn -0.6747559 -0.452306 -0.5165277
vn -0.9768416 0.2115761 0.02837561
vn -0.9999812 0.005592391 -0.003644583
vn -0.9999811 0.005592285 -0.00364468
vn -0.9961268 -0.08524846 -0.01929549
vn -0.9590182 0.02957633 0.2495932
vn -0.8195808 -0.08168977 0.5022769
vn -0.9961268 -0.08524846 -0.01929549
vn -0.9961268 -0.08524846 -0.01929549
vn -0.9999811 0.005592285 -0.00364468
vn -0.9590182 0.02957633 0.2495932
vn -0.4220776 -0.8610665 -0.2511672
vn -0.2319373 -0.2669894 -0.8284301
vn -0.6747559 -0.452306 -0.5165277
vn -0.6747559 -0.452306 -0.5165277
vn -0.6541133 -0.06815571 -0.6671937
vn -0.9011575 0.07665369 -0.3778886
vn -0.9977909 0.06326162 0.0181925
vn -0.8184805 0.57439 -0.01174223
vn -0.8090744 -0.08922744 0.5144839
vn -0.4220776 -0.8610665 -0.2511672
vn -0.6304412 -0.7580385 0.1480176
vn -0.08487185 -0.4689279 0.7786355
vn -0.6747559 -0.452306 -0.5165277
vn -0.6304412 -0.7580385 0.1480176
vn -0.4220776 -0.8610665 -0.2511672
vn -0.2330328 0.9724717 0.001754761
vn -0.8184805 0.57439 -0.01174223
vn -0.3312684 0.6750428 -0.5838585
vn -0.2330328 0.9724717 0.001754761
vn -0.3143385 0.6269414 0.6313393
vn -0.8184805 0.57439 -0.01174223
vn 0.8299507 0.5578102 -0.005583107
vn 0.6988794 0.3179823 -0.567423
vn 0.938462 -0.1574197 -0.2722872
vn 0.938462 -0.1574197 -0.2722872
vn 0.9572588 -0.1435522 0.2224029
vn 0.8299507 0.5578102 -0.005583107
vn -0.9768416 0.2115761 0.02837561
vn -0.8195808 -0.08168977 0.5022769
vn -0.5093633 -0.4434764 0.6531658
vn -0.5093633 -0.4434764 0.6531658
vn -0.6304412 -0.7580385 0.1480176
vn -0.9768416 0.2115761 0.02837561
vn -0.338694 -0.8572661 0.3434625
vn 0.6227912 -0.5338891 0.506537
vn 0.6342113 -0.516737 -0.5093673
vn -0.9590182 0.02957633 0.2495932
vn -0.5997218 -0.06861252 0.7061111
vn -0.8195808 -0.08168977 0.5022769
vn 0.6086395 -0.184101 -0.6835548
vn 0.1884311 -0.1219438 -0.8630713
vn 0.4428598 -0.1340289 -0.7851603
vn -0.5093633 -0.4434764 0.6531658
vn -0.8195808 -0.08168977 0.5022769
vn -0.1183811 -0.09027827 0.875798
vn 0.6227912 -0.5338891 0.506537
vn 0.4889007 -0.1624449 0.7590904
vn 0.9918325 -0.1124001 -0.05347004
vn -0.4220776 -0.8610665 -0.2511672
vn -0.08487185 -0.4689279 0.7786355
vn -0.338694 -0.8572661 0.3434625
vn 0.6342113 -0.516737 -0.5093673
vn 0.4428598 -0.1340289 -0.7851603
vn -0.2319373 -0.2669894 -0.8284301
vn -0.2319373 -0.2669894 -0.8284301
vn -0.2237736 -0.8738544 -0.3822876
vn 0.6342113 -0.516737 -0.5093673
vn 0.8299507 0.5578102 -0.005583107
vn 0.3430356 0.9389702 0.02293843
vn 0.2743972 0.5579119 -0.6936787
vn 0.2743972 0.5579119 -0.6936787
vn 0.6988794 0.3179823 -0.567423
vn 0.8299507 0.5578102 -0.005583107
vn 0.2743972 0.5579119 -0.6936787
vn -0.1536254 0.1279694 -0.8677845
vn -0.2319373 -0.2669894 -0.8284301
vn -0.2319373 -0.2669894 -0.8284301
vn 0.1884311 -0.1219438 -0.8630713
vn 0.2743972 0.5579119 -0.6936787
vn -0.08487185 -0.4689279 0.7786355
vn 0.4889007 -0.1624449 0.7590904
vn 0.6227912 -0.5338891 0.506537
vn 0.6227912 -0.5338891 0.506537
vn -0.338694 -0.8572661 0.3434625
vn -0.08487185 -0.4689279 0.7786355
vn 0.1498263 -0.1704915 0.8625538
vn 0.2356251 0.5587784 0.7042318
vn 0.6796976 0.2608934 0.6071517
vn 0.6988794 0.3179823 -0.567423
vn 0.2743972 0.5579119 -0.6936787
vn 0.1884311 -0.1219438 -0.8630713
vn 0.1884311 -0.1219438 -0.8630713
vn 0.6086395 -0.184101 -0.6835548
vn 0.6988794 0.3179823 -0.567423
vn -0.2330328 0.9724717 0.001754761
vn -0.3312684 0.6750428 -0.5838585
vn 0.2743972 0.5579119 -0.6936787
vn 0.2743972 0.5579119 -0.6936787
vn 0.3430356 0.9389702 0.02293843
vn -0.2330328 0.9724717 0.001754761
vn -0.1183811 -0.09027827 0.875798
vn -0.3143385 0.6269414 0.6313393
vn 0.2356251 0.5587784 0.7042318
vn 0.2356251 0.5587784 0.7042318
vn 0.1498263 -0.1704915 0.8625538
vn -0.1183811 -0.09027827 0.875798
vn 0.2356251 0.5587784 0.7042318
vn -0.3143385 0.6269414 0.6313393
vn -0.2330328 0.9724717 0.001754761
vn -0.2330328 0.9724717 0.001754761
vn 0.3430356 0.9389702 0.02293843
vn 0.2356251 0.5587784 0.7042318
vn 0.2356251 0.5587784 0.7042318
vn 0.3430356 0.9389702 0.02293843
vn 0.8299507 0.5578102 -0.005583107
vn 0.8299507 0.5578102 -0.005583107
vn 0.6796976 0.2608934 0.6071517
vn 0.2356251 0.5587784 0.7042318
vn 0.938462 -0.1574197 -0.2722872
vn 0.6086395 -0.184101 -0.6835548
vn 0.4428598 -0.1340289 -0.7851603
vn 0.4428598 -0.1340289 -0.7851603
vn 0.9918325 -0.1124001 -0.05347004
vn 0.938462 -0.1574197 -0.2722872
vn 0.9572588 -0.1435522 0.2224029
vn 0.6796976 0.2608934 0.6071517
vn 0.8299507 0.5578102 -0.005583107
vn 0.2743972 0.5579119 -0.6936787
vn -0.3312684 0.6750428 -0.5838585
vn -0.1536254 0.1279694 -0.8677845
vn -0.338694 -0.8572661 0.3434625
vn 0.6342113 -0.516737 -0.5093673
vn -0.2237736 -0.8738544 -0.3822876
vn -0.9011575 0.07665369 -0.3778886
vn -0.9977909 0.06326162 0.0181925
vn -0.9814281 0.1904464 0.02057375
vn 0.9918325 -0.1124001 -0.05347004
vn 0.4428598 -0.1340289 -0.7851603
vn 0.6342113 -0.516737 -0.5093673
vn -0.1536254 0.1279694 -0.8677845
vn -0.3312684 0.6750428 -0.5838585
vn -0.8216273 0.02643934 -0.5043149
vn -0.8216273 0.02643934 -0.5043149
vn -0.6541133 -0.06815571 -0.6671937
vn -0.1536254 0.1279694 -0.8677845
vn 0.01765779 -0.9971281 -0.06528151
vn 0.01765779 -0.9971281 -0.06528151
vn 0.01765779 -0.9971281 -0.06528151
vn -0.08487185 -0.4689279 0.7786355
vn -0.1183811 -0.09027827 0.875798
vn 0.4889007 -0.1624449 0.7590904
vn -0.5093633 -0.4434764 0.6531658
vn -0.08487185 -0.4689279 0.7786355
vn -0.6304412 -0.7580385 0.1480176
vn 0.8208923 0.2584427 -0.4510398
vn 0.8208923 0.2584427 -0.4510398
vn 0.8208922 0.2584427 -0.4510397
vn -0.6747559 -0.452306 -0.5165277
vn -0.9961268 -0.08524846 -0.01929549
vn -0.9768416 0.2115761 0.02837561
vn -0.8184805 0.57439 -0.01174223
vn -0.9977909 0.06326162 0.0181925
vn -0.8216273 0.02643934 -0.5043149
vn -0.9590182 0.02957633 0.2495932
vn -0.9999811 0.005592285 -0.00364468
vn -0.9999812 0.005592391 -0.003644583
vn -0.9977909 0.06326162 0.0181925
vn -0.5997218 -0.06861252 0.7061111
vn -0.9590182 0.02957633 0.2495932
g Body.008 6
usemtl body
f 3/3/3 2/2/2 1/1/1
f 6/6/6 5/5/5 4/4/4
f 9/9/9 8/8/8 7/7/7
f 12/12/12 11/11/11 10/10/10
f 15/15/15 14/14/14 13/13/13
f 18/18/18 17/17/17 16/16/16
f 21/21/21 20/20/20 19/19/19
f 24/24/24 23/23/23 22/22/22
f 27/27/27 26/26/26 25/25/25
f 30/30/30 29/29/29 28/28/28
f 33/33/33 32/32/32 31/31/31
f 36/36/36 35/35/35 34/34/34
f 39/39/39 38/38/38 37/37/37
f 42/42/42 41/41/41 40/40/40
f 45/45/45 44/44/44 43/43/43
f 48/48/48 47/47/47 46/46/46
f 51/51/51 50/50/50 49/49/49
f 54/54/54 53/53/53 52/52/52
f 57/57/57 56/56/56 55/55/55
f 60/60/60 59/59/59 58/58/58
f 63/63/63 62/62/62 61/61/61
f 66/66/66 65/65/65 64/64/64
f 69/69/69 68/68/68 67/67/67
f 72/72/72 71/71/71 70/70/70
f 75/75/75 74/74/74 73/73/73
f 78/78/78 77/77/77 76/76/76
f 81/81/81 80/80/80 79/79/79
f 84/84/84 83/83/83 82/82/82
f 87/87/87 86/86/86 85/85/85
f 90/90/90 89/89/89 88/88/88
f 93/93/93 92/92/92 91/91/91
f 96/96/96 95/95/95 94/94/94
f 99/99/99 98/98/98 97/97/97
f 102/102/102 101/101/101 100/100/100
f 105/105/105 104/104/104 103/103/103
f 108/108/108 107/107/107 106/106/106
f 111/111/111 110/110/110 109/109/109
f 114/114/114 113/113/113 112/112/112
f 117/117/117 116/116/116 115/115/115
f 120/120/120 119/119/119 118/118/118
f 123/123/123 122/122/122 121/121/121
f 126/126/126 125/125/125 124/124/124
f 129/129/129 128/128/128 127/127/127
f 132/132/132 131/131/131 130/130/130
f 135/135/135 134/134/134 133/133/133
f 138/138/138 137/137/137 136/136/136
f 141/141/141 140/140/140 139/139/139
f 144/144/144 143/143/143 142/142/142
f 147/147/147 146/146/146 145/145/145
f 150/150/150 149/149/149 148/148/148
f 153/153/153 152/152/152 151/151/151
f 156/156/156 155/155/155 154/154/154
f 159/159/159 158/158/158 157/157/157
f 162/162/162 161/161/161 160/160/160
f 165/165/165 164/164/164 163/163/163
f 168/168/168 167/167/167 166/166/166
f 171/171/171 170/170/170 169/169/169
f 174/174/174 173/173/173 172/172/172
f 177/177/177 176/176/176 175/175/175
f 180/180/180 179/179/179 178/178/178
f 183/183/183 182/182/182 181/181/181
f 186/186/186 185/185/185 184/184/184
f 189/189/189 188/188/188 187/187/187
f 192/192/192 191/191/191 190/190/190
f 195/195/195 194/194/194 193/193/193
f 198/198/198 197/197/197 196/196/196
f 201/201/201 200/200/200 199/199/199
f 204/204/204 203/203/203 202/202/202
f 207/207/207 206/206/206 205/205/205
f 210/210/210 209/209/209 208/208/208
f 213/213/213 212/212/212 211/211/211
f 216/216/216 215/215/215 214/214/214
f 219/219/219 218/218/218 217/217/217
f 222/222/222 221/221/221 220/220/220
f 225/225/225 224/224/224 223/223/223
f 228/228/228 227/227/227 226/226/226
f 231/231/231 230/230/230 229/229/229
f 234/234/234 233/233/233 232/232/232
f 237/237/237 236/236/236 235/235/235
f 240/240/240 239/239/239 238/238/238
f 243/243/243 242/242/242 241/241/241
f 246/246/246 245/245/245 244/244/244
f 249/249/249 248/248/248 247/247/247
f 252/252/252 251/251/251 250/250/250
f 255/255/255 254/254/254 253/253/253
f 258/258/258 257/257/257 256/256/256
f 261/261/261 260/260/260 259/259/259
f 264/264/264 263/263/263 262/262/262
f 267/267/267 266/266/266 265/265/265
f 270/270/270 269/269/269 268/268/268
f 273/273/273 272/272/272 271/271/271
f 276/276/276 275/275/275 274/274/274
f 279/279/279 278/278/278 277/277/277
f 282/282/282 281/281/281 280/280/280
f 285/285/285 284/284/284 283/283/283
f 288/288/288 287/287/287 286/286/286
f 291/291/291 290/290/290 289/289/289
f 294/294/294 293/293/293 292/292/292
f 297/297/297 296/296/296 295/295/295
f 300/300/300 299/299/299 298/298/298
f 303/303/303 302/302/302 301/301/301
f 306/306/306 305/305/305 304/304/304
f 309/309/309 308/308/308 307/307/307
f 312/312/312 311/311/311 310/310/310
f 315/315/315 314/314/314 313/313/313
f 318/318/318 317/317/317 316/316/316
f 321/321/321 320/320/320 319/319/319
f 324/324/324 323/323/323 322/322/322
f 327/327/327 326/326/326 325/325/325
f 330/330/330 329/329/329 328/328/328
f 333/333/333 332/332/332 331/331/331
f 336/336/336 335/335/335 334/334/334
f 339/339/339 338/338/338 337/337/337
f 342/342/342 341/341/341 340/340/340
f 345/345/345 344/344/344 343/343/343
f 348/348/348 347/347/347 346/346/346
f 351/351/351 350/350/350 349/349/349
f 354/354/354 353/353/353 352/352/352
f 357/357/357 356/356/356 355/355/355
f 360/360/360 359/359/359 358/358/358
f 363/363/363 362/362/362 361/361/361
f 366/366/366 365/365/365 364/364/364
f 369/369/369 368/368/368 367/367/367
f 372/372/372 371/371/371 370/370/370
f 375/375/375 374/374/374 373/373/373
f 378/378/378 377/377/377 376/376/376
f 381/381/381 380/380/380 379/379/379
f 384/384/384 383/383/383 382/382/382
f 387/387/387 386/386/386 385/385/385
f 390/390/390 389/389/389 388/388/388
f 393/393/393 392/392/392 391/391/391
f 396/396/396 395/395/395 394/394/394
f 399/399/399 398/398/398 397/397/397
f 402/402/402 401/401/401 400/400/400
f 405/405/405 404/404/404 403/403/403
f 408/408/408 407/407/407 406/406/406
f 411/411/411 410/410/410 409/409/409
f 414/414/414 413/413/413 412/412/412
f 417/417/417 416/416/416 415/415/415
f 420/420/420 419/419/419 418/418/418
f 423/423/423 422/422/422 421/421/421
f 426/426/426 425/425/425 424/424/424
f 429/429/429 428/428/428 427/427/427
f 432/432/432 431/431/431 430/430/430
f 435/435/435 434/434/434 433/433/433
f 438/438/438 437/437/437 436/436/436
f 441/441/441 440/440/440 439/439/439
f 444/444/444 443/443/443 442/442/442
f 447/447/447 446/446/446 445/445/445
f 450/450/450 449/449/449 448/448/448
f 453/453/453 452/452/452 451/451/451
f 456/456/456 455/455/455 454/454/454
f 459/459/459 458/458/458 457/457/457
f 462/462/462 461/461/461 460/460/460
f 465/465/465 464/464/464 463/463/463
f 468/468/468 467/467/467 466/466/466
f 471/471/471 470/470/470 469/469/469
f 474/474/474 473/473/473 472/472/472
f 477/477/477 476/476/476 475/475/475
f 480/480/480 479/479/479 478/478/478
f 483/483/483 482/482/482 481/481/481
f 486/486/486 485/485/485 484/484/484
f 489/489/489 488/488/488 487/487/487
f 492/492/492 491/491/491 490/490/490
f 495/495/495 494/494/494 493/493/493
f 498/498/498 497/497/497 496/496/496
f 501/501/501 500/500/500 499/499/499
f 504/504/504 503/503/503 502/502/502
f 507/507/507 506/506/506 505/505/505
f 510/510/510 509/509/509 508/508/508
f 513/513/513 512/512/512 511/511/511
f 516/516/516 515/515/515 514/514/514
f 519/519/519 518/518/518 517/517/517
f 522/522/522 521/521/521 520/520/520
f 525/525/525 524/524/524 523/523/523
f 528/528/528 527/527/527 526/526/526
f 531/531/531 530/530/530 529/529/529
f 534/534/534 533/533/533 532/532/532
f 537/537/537 536/536/536 535/535/535
f 540/540/540 539/539/539 538/538/538
f 543/543/543 542/542/542 541/541/541
f 546/546/546 545/545/545 544/544/544
f 549/549/549 548/548/548 547/547/547
f 552/552/552 551/551/551 550/550/550
f 555/555/555 554/554/554 553/553/553
f 558/558/558 557/557/557 556/556/556
f 561/561/561 560/560/560 559/559/559
f 564/564/564 563/563/563 562/562/562
f 567/567/567 566/566/566 565/565/565
f 570/570/570 569/569/569 568/568/568
f 573/573/573 572/572/572 571/571/571
f 576/576/576 575/575/575 574/574/574
f 579/579/579 578/578/578 577/577/577
f 582/582/582 581/581/581 580/580/580
f 585/585/585 584/584/584 583/583/583
f 588/588/588 587/587/587 586/586/586
f 591/591/591 590/590/590 589/589/589
f 594/594/594 593/593/593 592/592/592
f 597/597/597 596/596/596 595/595/595
f 600/600/600 599/599/599 598/598/598
f 603/603/603 602/602/602 601/601/601
f 606/606/606 605/605/605 604/604/604
f 609/609/609 608/608/608 607/607/607
f 612/612/612 611/611/611 610/610/610
f 615/615/615 614/614/614 613/613/613
f 618/618/618 617/617/617 616/616/616
f 621/621/621 620/620/620 619/619/619
f 624/624/624 623/623/623 622/622/622
f 627/627/627 626/626/626 625/625/625
f 630/630/630 629/629/629 628/628/628
f 633/633/633 632/632/632 631/631/631
f 636/636/636 635/635/635 634/634/634
f 639/639/639 638/638/638 637/637/637
f 642/642/642 641/641/641 640/640/640
f 645/645/645 644/644/644 643/643/643
f 648/648/648 647/647/647 646/646/646
f 651/651/651 650/650/650 649/649/649
f 654/654/654 653/653/653 652/652/652
f 657/657/657 656/656/656 655/655/655
f 660/660/660 659/659/659 658/658/658
f 663/663/663 662/662/662 661/661/661
f 666/666/666 665/665/665 664/664/664
f 669/669/669 668/668/668 667/667/667
f 672/672/672 671/671/671 670/670/670
f 675/675/675 674/674/674 673/673/673
f 678/678/678 677/677/677 676/676/676
f 681/681/681 680/680/680 679/679/679
f 684/684/684 683/683/683 682/682/682
f 687/687/687 686/686/686 685/685/685
f 690/690/690 689/689/689 688/688/688
f 693/693/693 692/692/692 691/691/691
f 696/696/696 695/695/695 694/694/694
f 699/699/699 698/698/698 697/697/697
f 702/702/702 701/701/701 700/700/700
f 705/705/705 704/704/704 703/703/703
f 708/708/708 707/707/707 706/706/706
f 711/711/711 710/710/710 709/709/709
f 714/714/714 713/713/713 712/712/712
f 717/717/717 716/716/716 715/715/715
f 720/720/720 719/719/719 718/718/718
f 723/723/723 722/722/722 721/721/721
f 726/726/726 725/725/725 724/724/724
f 729/729/729 728/728/728 727/727/727
f 732/732/732 731/731/731 730/730/730
f 735/735/735 734/734/734 733/733/733
f 738/738/738 737/737/737 736/736/736
f 741/741/741 740/740/740 739/739/739
f 744/744/744 743/743/743 742/742/742
f 747/747/747 746/746/746 745/745/745
f 750/750/750 749/749/749 748/748/748
f 753/753/753 752/752/752 751/751/751
f 756/756/756 755/755/755 754/754/754
f 759/759/759 758/758/758 757/757/757
f 762/762/762 761/761/761 760/760/760
f 765/765/765 764/764/764 763/763/763
f 768/768/768 767/767/767 766/766/766
f 771/771/771 770/770/770 769/769/769
f 774/774/774 773/773/773 772/772/772
f 777/777/777 776/776/776 775/775/775
f 780/780/780 779/779/779 778/778/778
f 783/783/783 782/782/782 781/781/781
f 786/786/786 785/785/785 784/784/784
f 789/789/789 788/788/788 787/787/787
f 792/792/792 791/791/791 790/790/790
f 795/795/795 794/794/794 793/793/793
f 798/798/798 797/797/797 796/796/796
f 801/801/801 800/800/800 799/799/799
f 804/804/804 803/803/803 802/802/802
f 807/807/807 806/806/806 805/805/805
f 810/810/810 809/809/809 808/808/808
f 813/813/813 812/812/812 811/811/811
f 816/816/816 815/815/815 814/814/814
f 819/819/819 818/818/818 817/817/817
f 822/822/822 821/821/821 820/820/820
f 825/825/825 824/824/824 823/823/823
f 828/828/828 827/827/827 826/826/826
f 831/831/831 830/830/830 829/829/829
f 834/834/834 833/833/833 832/832/832
f 837/837/837 836/836/836 835/835/835
f 840/840/840 839/839/839 838/838/838
f 843/843/843 842/842/842 841/841/841
f 846/846/846 845/845/845 844/844/844
f 849/849/849 848/848/848 847/847/847
f 852/852/852 851/851/851 850/850/850
f 855/855/855 854/854/854 853/853/853
f 858/858/858 857/857/857 856/856/856
f 861/861/861 860/860/860 859/859/859
f 864/864/864 863/863/863 862/862/862
f 867/867/867 866/866/866 865/865/865
f 870/870/870 869/869/869 868/868/868
f 873/873/873 872/872/872 871/871/871
f 876/876/876 875/875/875 874/874/874
f 879/879/879 878/878/878 877/877/877
f 882/882/882 881/881/881 880/880/880
f 885/885/885 884/884/884 883/883/883
f 888/888/888 887/887/887 886/886/886
f 891/891/891 890/890/890 889/889/889
f 894/894/894 893/893/893 892/892/892
f 897/897/897 896/896/896 895/895/895
f 900/900/900 899/899/899 898/898/898
f 903/903/903 902/902/902 901/901/901
f 906/906/906 905/905/905 904/904/904
f 909/909/909 908/908/908 907/907/907
f 912/912/912 911/911/911 910/910/910
f 915/915/915 914/914/914 913/913/913
f 918/918/918 917/917/917 916/916/916
f 921/921/921 920/920/920 919/919/919
f 924/924/924 923/923/923 922/922/922
f 927/927/927 926/926/926 925/925/925
f 930/930/930 929/929/929 928/928/928
f 933/933/933 932/932/932 931/931/931
f 936/936/936 935/935/935 934/934/934
f 939/939/939 938/938/938 937/937/937
f 942/942/942 941/941/941 940/940/940
f 945/945/945 944/944/944 943/943/943
f 948/948/948 947/947/947 946/946/946
f 951/951/951 950/950/950 949/949/949
f 954/954/954 953/953/953 952/952/952
f 957/957/957 956/956/956 955/955/955
f 960/960/960 959/959/959 958/958/958
f 963/963/963 962/962/962 961/961/961
f 966/966/966 965/965/965 964/964/964
f 969/969/969 968/968/968 967/967/967
f 972/972/972 971/971/971 970/970/970
f 975/975/975 974/974/974 973/973/973
f 978/978/978 977/977/977 976/976/976
f 981/981/981 980/980/980 979/979/979
f 984/984/984 983/983/983 982/982/982
f 987/987/987 986/986/986 985/985/985
f 990/990/990 989/989/989 988/988/988
f 993/993/993 992/992/992 991/991/991
f 996/996/996 995/995/995 994/994/994
f 999/999/999 998/998/998 997/997/997
f 1002/1002/1002 1001/1001/1001 1000/1000/1000
f 1005/1005/1005 1004/1004/1004 1003/1003/1003
f 1008/1008/1008 1007/1007/1007 1006/1006/1006
f 1011/1011/1011 1010/1010/1010 1009/1009/1009
f 1014/1014/1014 1013/1013/1013 1012/1012/1012
f 1017/1017/1017 1016/1016/1016 1015/1015/1015
f 1020/1020/1020 1019/1019/1019 1018/1018/1018
f 1023/1023/1023 1022/1022/1022 1021/1021/1021
f 1026/1026/1026 1025/1025/1025 1024/1024/1024
f 1029/1029/1029 1028/1028/1028 1027/1027/1027
f 1032/1032/1032 1031/1031/1031 1030/1030/1030
f 1035/1035/1035 1034/1034/1034 1033/1033/1033
f 1038/1038/1038 1037/1037/1037 1036/1036/1036
f 1041/1041/1041 1040/1040/1040 1039/1039/1039
f 1044/1044/1044 1043/1043/1043 1042/1042/1042
f 1047/1047/1047 1046/1046/1046 1045/1045/1045
f 1050/1050/1050 1049/1049/1049 1048/1048/1048
f 1053/1053/1053 1052/1052/1052 1051/1051/1051
f 1056/1056/1056 1055/1055/1055 1054/1054/1054
f 1059/1059/1059 1058/1058/1058 1057/1057/1057
f 1062/1062/1062 1061/1061/1061 1060/1060/1060
f 1065/1065/1065 1064/1064/1064 1063/1063/1063
f 1068/1068/1068 1067/1067/1067 1066/1066/1066
f 1071/1071/1071 1070/1070/1070 1069/1069/1069
f 1074/1074/1074 1073/1073/1073 1072/1072/1072
f 1077/1077/1077 1076/1076/1076 1075/1075/1075
f 1080/1080/1080 1079/1079/1079 1078/1078/1078
f 1083/1083/1083 1082/1082/1082 1081/1081/1081
f 1086/1086/1086 1085/1085/1085 1084/1084/1084
f 1089/1089/1089 1088/1088/1088 1087/1087/1087
f 1092/1092/1092 1091/1091/1091 1090/1090/1090
f 1095/1095/1095 1094/1094/1094 1093/1093/1093
f 1098/1098/1098 1097/1097/1097 1096/1096/1096
f 1101/1101/1101 1100/1100/1100 1099/1099/1099
f 1104/1104/1104 1103/1103/1103 1102/1102/1102
f 1107/1107/1107 1106/1106/1106 1105/1105/1105
f 1110/1110/1110 1109/1109/1109 1108/1108/1108
f 1113/1113/1113 1112/1112/1112 1111/1111/1111
f 1116/1116/1116 1115/1115/1115 1114/1114/1114
f 1119/1119/1119 1118/1118/1118 1117/1117/1117
f 1122/1122/1122 1121/1121/1121 1120/1120/1120
f 1125/1125/1125 1124/1124/1124 1123/1123/1123
f 1128/1128/1128 1127/1127/1127 1126/1126/1126
f 1131/1131/1131 1130/1130/1130 1129/1129/1129
f 1134/1134/1134 1133/1133/1133 1132/1132/1132
f 1137/1137/1137 1136/1136/1136 1135/1135/1135
f 1140/1140/1140 1139/1139/1139 1138/1138/1138
f 1143/1143/1143 1142/1142/1142 1141/1141/1141
f 1146/1146/1146 1145/1145/1145 1144/1144/1144
f 1149/1149/1149 1148/1148/1148 1147/1147/1147
f 1152/1152/1152 1151/1151/1151 1150/1150/1150
f 1155/1155/1155 1154/1154/1154 1153/1153/1153
f 1158/1158/1158 1157/1157/1157 1156/1156/1156
g Face.008 6
usemtl face
f 1161/1161/1161 1160/1160/1160 1159/1159/1159
f 1164/1164/1164 1163/1163/1163 1162/1162/1162
f 1167/1167/1167 1166/1166/1166 1165/1165/1165
f 1170/1170/1170 1169/1169/1169 1168/1168/1168
f 1173/1173/1173 1172/1172/1172 1171/1171/1171
f 1176/1176/1176 1175/1175/1175 1174/1174/1174
f 1179/1179/1179 1178/1178/1178 1177/1177/1177
f 1182/1182/1182 1181/1181/1181 1180/1180/1180
f 1185/1185/1185 1184/1184/1184 1183/1183/1183
f 1188/1188/1188 1187/1187/1187 1186/1186/1186
f 1191/1191/1191 1190/1190/1190 1189/1189/1189
f 1194/1194/1194 1193/1193/1193 1192/1192/1192
f 1197/1197/1197 1196/1196/1196 1195/1195/1195
f 1200/1200/1200 1199/1199/1199 1198/1198/1198
f 1203/1203/1203 1202/1202/1202 1201/1201/1201
f 1206/1206/1206 1205/1205/1205 1204/1204/1204
f 1209/1209/1209 1208/1208/1208 1207/1207/1207
f 1212/1212/1212 1211/1211/1211 1210/1210/1210
f 1215/1215/1215 1214/1214/1214 1213/1213/1213
f 1218/1218/1218 1217/1217/1217 1216/1216/1216
f 1221/1221/1221 1220/1220/1220 1219/1219/1219
f 1224/1224/1224 1223/1223/1223 1222/1222/1222
f 1227/1227/1227 1226/1226/1226 1225/1225/1225
f 1230/1230/1230 1229/1229/1229 1228/1228/1228
f 1233/1233/1233 1232/1232/1232 1231/1231/1231
f 1236/1236/1236 1235/1235/1235 1234/1234/1234
f 1239/1239/1239 1238/1238/1238 1237/1237/1237
f 1242/1242/1242 1241/1241/1241 1240/1240/1240
f 1245/1245/1245 1244/1244/1244 1243/1243/1243
f 1248/1248/1248 1247/1247/1247 1246/1246/1246
f 1251/1251/1251 1250/1250/1250 1249/1249/1249
f 1254/1254/1254 1253/1253/1253 1252/1252/1252
f 1257/1257/1257 1256/1256/1256 1255/1255/1255
f 1260/1260/1260 1259/1259/1259 1258/1258/1258
f 1263/1263/1263 1262/1262/1262 1261/1261/1261
f 1266/1266/1266 1265/1265/1265 1264/1264/1264
f 1269/1269/1269 1268/1268/1268 1267/1267/1267
f 1272/1272/1272 1271/1271/1271 1270/1270/1270
f 1275/1275/1275 1274/1274/1274 1273/1273/1273
f 1278/1278/1278 1277/1277/1277 1276/1276/1276
f 1281/1281/1281 1280/1280/1280 1279/1279/1279
f 1284/1284/1284 1283/1283/1283 1282/1282/1282
f 1287/1287/1287 1286/1286/1286 1285/1285/1285
f 1290/1290/1290 1289/1289/1289 1288/1288/1288
f 1293/1293/1293 1292/1292/1292 1291/1291/1291
f 1296/1296/1296 1295/1295/1295 1294/1294/1294
f 1299/1299/1299 1298/1298/1298 1297/1297/1297
f 1302/1302/1302 1301/1301/1301 1300/1300/1300
f 1305/1305/1305 1304/1304/1304 1303/1303/1303
f 1308/1308/1308 1307/1307/1307 1306/1306/1306
f 1311/1311/1311 1310/1310/1310 1309/1309/1309
f 1314/1314/1314 1313/1313/1313 1312/1312/1312
f 1317/1317/1317 1316/1316/1316 1315/1315/1315
f 1320/1320/1320 1319/1319/1319 1318/1318/1318
f 1323/1323/1323 1322/1322/1322 1321/1321/1321
f 1326/1326/1326 1325/1325/1325 1324/1324/1324
f 1329/1329/1329 1328/1328/1328 1327/1327/1327
f 1332/1332/1332 1331/1331/1331 1330/1330/1330
f 1335/1335/1335 1334/1334/1334 1333/1333/1333
f 1338/1338/1338 1337/1337/1337 1336/1336/1336
f 1341/1341/1341 1340/1340/1340 1339/1339/1339
f 1344/1344/1344 1343/1343/1343 1342/1342/1342
f 1347/1347/1347 1346/1346/1346 1345/1345/1345
f 1350/1350/1350 1349/1349/1349 1348/1348/1348
f 1353/1353/1353 1352/1352/1352 1351/1351/1351
f 1356/1356/1356 1355/1355/1355 1354/1354/1354
f 1359/1359/1359 1358/1358/1358 1357/1357/1357
f 1362/1362/1362 1361/1361/1361 1360/1360/1360
f 1365/1365/1365 1364/1364/1364 1363/1363/1363
f 1368/1368/1368 1367/1367/1367 1366/1366/1366
f 1371/1371/1371 1370/1370/1370 1369/1369/1369
f 1374/1374/1374 1373/1373/1373 1372/1372/1372
f 1377/1377/1377 1376/1376/1376 1375/1375/1375
f 1380/1380/1380 1379/1379/1379 1378/1378/1378
f 1383/1383/1383 1382/1382/1382 1381/1381/1381
f 1386/1386/1386 1385/1385/1385 1384/1384/1384
f 1389/1389/1389 1388/1388/1388 1387/1387/1387
f 1392/1392/1392 1391/1391/1391 1390/1390/1390
f 1395/1395/1395 1394/1394/1394 1393/1393/1393
f 1398/1398/1398 1397/1397/1397 1396/1396/1396
