# Split from People.obj for civilian_casual_male
o civilian_casual_male
v -0.1200889 1.145068 0.6888167
v -0.08579727 1.065101 0.7286831
v -0.1210007 1.114924 0.7747582
v -0.08579727 1.065101 0.7286831
v -0.1083521 1.011158 0.7746872
v -0.1210007 1.114924 0.7747582
v -0.1036785 1.065499 0.7746503
v -0.1210007 1.114924 0.7747582
v -0.1083521 1.011158 0.7746872
v -0.1200889 1.145068 0.6888167
v -0.1210007 1.114924 0.7747582
v -0.1807791 1.099301 0.7750642
v -0.1807791 1.099301 0.7750642
v -0.1806658 1.132722 0.6888142
v -0.1200889 1.145068 0.6888167
v -0.2232978 0.8883238 0.6420941
v -0.2261728 1.074065 0.6421588
v -0.2183322 0.7660065 0.6420515
v -0.2183322 0.7660065 0.6420515
v -0.2261728 1.074065 0.6421588
v -0.1967459 0.7659897 0.6911187
v -0.2261728 1.074065 0.6421588
v -0.2246028 1.070346 0.7086409
v -0.1967459 0.7659897 0.6911187
v -0.1967459 0.7659897 0.6911187
v -0.2246028 1.070346 0.7086409
v -0.201415 0.7659815 0.7156799
v -0.201415 0.7659815 0.7156799
v -0.2246028 1.070346 0.7086409
v -0.2207949 0.9297047 0.7511503
v -0.2207949 0.9297047 0.7511503
v -0.2246028 1.070346 0.7086409
v -0.204599 1.0113 0.7751589
v -0.2045244 1.072649 0.7751824
v -0.204599 1.0113 0.7751589
v -0.2246028 1.070346 0.7086409
v -0.2261728 1.074065 0.6421588
v -0.2232978 0.8883238 0.6420941
v -0.23129 0.9270124 0.6403695
v -0.204599 1.0113 0.7751589
v -0.2045244 1.072649 0.7751824
v -0.2046349 0.9316354 0.7930273
v -0.2045244 1.072649 0.7751824
v -0.2044305 1.072687 0.7973886
v -0.2046349 0.9316354 0.7930273
v -0.1824362 0.8557628 0.835523
v -0.2046349 0.9316354 0.7930273
v -0.2044305 1.072687 0.7973886
v -0.1080945 0.9296875 0.7510722
v -0.2207949 0.9297047 0.7511503
v -0.204599 1.0113 0.7751589
v -0.204599 1.0113 0.7751589
v -0.1083521 1.011158 0.7746872
v -0.1080945 0.9296875 0.7510722
v -0.08529869 0.9090054 0.6965827
v -0.1080945 0.9296875 0.7510722
v -0.1083521 1.011158 0.7746872
v -0.1083521 1.011158 0.7746872
v -0.08579727 1.065101 0.7286831
v -0.08529869 0.9090054 0.6965827
v -0.09286352 0.7949215 0.6911289
v -0.1118059 0.7949046 0.7401959
v -0.1080945 0.9296875 0.7510722
v -0.1080945 0.9296875 0.7510722
v -0.08529869 0.9090054 0.6965827
v -0.09286352 0.7949215 0.6911289
v -0.1118059 0.7949046 0.7401959
v -0.201415 0.7659815 0.7156799
v -0.2207949 0.9297047 0.7511503
v -0.2207949 0.9297047 0.7511503
v -0.1080945 0.9296875 0.7510722
v -0.1118059 0.7949046 0.7401959
v -0.1722536 0.6092612 0.6649516
v -0.2041376 0.609269 0.6418334
v -0.2183322 0.7660065 0.6420515
v -0.2183322 0.7660065 0.6420515
v -0.1967459 0.7659897 0.6911187
v -0.1722536 0.6092612 0.6649516
v -0.1722536 0.6092612 0.6649516
v -0.1967459 0.7659897 0.6911187
v -0.1761714 0.4433418 0.6826573
v -0.1967459 0.7659897 0.6911187
v -0.201415 0.7659815 0.7156799
v -0.1761714 0.4433418 0.6826573
v -0.201415 0.7659815 0.7156799
v -0.1981028 0.6194122 0.7434608
v -0.1761714 0.4433418 0.6826573
v -0.1720078 0.4047625 0.7600446
v -0.1761714 0.4433418 0.6826573
v -0.1981028 0.6194122 0.7434608
v -0.09150489 0.6759578 0.6841483
v -0.1080814 0.6759307 0.7633369
v -0.1118059 0.7949046 0.7401959
v -0.1118059 0.7949046 0.7401959
v -0.09286352 0.7949215 0.6911289
v -0.09150489 0.6759578 0.6841483
v -0.1806658 1.132722 0.6888142
v -0.2246028 1.070346 0.7086409
v -0.2261728 1.074065 0.6421588
v -0.2261728 1.074065 0.6421588
v -0.1806543 1.129778 0.6421783
v -0.1806658 1.132722 0.6888142
v -0.1807791 1.099301 0.7750642
v -0.2045244 1.072649 0.7751824
v -0.2246028 1.070346 0.7086409
v -0.2246028 1.070346 0.7086409
v -0.1806658 1.132722 0.6888142
v -0.1807791 1.099301 0.7750642
v -0.09150489 0.6759723 0.64202
v -0.09150489 0.6759578 0.6841483
v -0.09286352 0.7949215 0.6911289
v -0.09286352 0.7949215 0.6911289
v -0.09286352 0.794938 0.6420616
v -0.09150489 0.6759723 0.64202
v -0.09286352 0.794938 0.6420616
v -0.09286352 0.7949215 0.6911289
v -0.08529869 0.9090054 0.6965827
v -0.08529869 0.9090054 0.6965827
v -0.07972947 0.8883237 0.6420941
v -0.09286352 0.794938 0.6420616
v -0.07972947 0.8883237 0.6420941
v -0.08529869 0.9090054 0.6965827
v -0.08579727 1.065101 0.7286831
v -0.08579727 1.065101 0.7286831
v -0.07968055 1.05568 0.6421525
v -0.07972947 0.8883237 0.6420941
v -0.2041376 0.609269 0.6418334
v -0.1722536 0.6092612 0.6649516
v -0.09150489 0.6759578 0.6841483
v -0.09150489 0.6759578 0.6841483
v -0.09150489 0.6759723 0.64202
v -0.2041376 0.609269 0.6418334
v -0.1044707 1.148859 0.6421849
v -0.1200889 1.145068 0.6888167
v -0.1806658 1.132722 0.6888142
v -0.1806658 1.132722 0.6888142
v -0.1806543 1.129778 0.6421783
v -0.1044707 1.148859 0.6421849
v -0.07968055 1.05568 0.6421525
v -0.08579727 1.065101 0.7286831
v -0.1200889 1.145068 0.6888167
v -0.1200889 1.145068 0.6888167
v -0.1044707 1.148859 0.6421849
v -0.07968055 1.05568 0.6421525
v -0.08750794 -0.01140212 0.687628
v -0.0995466 -0.0335337 0.6873401
v -0.09792865 -0.03237046 0.7777238
v -0.09792865 -0.03237046 0.7777238
v -0.08557004 -0.008460695 0.776739
v -0.08750794 -0.01140212 0.687628
v -0.1615476 0.5741187 0.6649393
v -0.1406123 0.3388288 0.6791029
v -0.1468979 0.5924012 0.6529263
v -0.1468979 0.5924012 0.6529263
v -0.1406123 0.3388288 0.6791029
v -0.09150489 0.6759578 0.6841483
v -0.1156123 0.2630005 0.6929373
v -0.09150489 0.6759578 0.6841483
v -0.1406123 0.3388288 0.6791029
v -0.1156123 0.2630005 0.6929373
v -0.1406123 0.3388288 0.6791029
v -0.1784526 0.3467351 0.6929666
v -0.1156123 0.2630005 0.6929373
v -0.1077205 0.2990365 0.7583674
v -0.09150489 0.6759578 0.6841483
v -0.1077205 0.2990365 0.7583674
v -0.107802 0.3840894 0.7594888
v -0.09150489 0.6759578 0.6841483
v -0.1080814 0.6759307 0.7633369
v -0.09150489 0.6759578 0.6841483
v -0.107802 0.3840894 0.7594888
v -0.1080814 0.6759307 0.7633369
v -0.107802 0.3840894 0.7594888
v -0.1318152 0.3918367 0.7596647
v -0.1318152 0.3918367 0.7596647
v -0.1385406 0.6568051 0.7633302
v -0.1080814 0.6759307 0.7633369
v -0.09487543 -0.07807764 0.7837791
v -0.1453582 -0.07861561 0.8049346
v -0.1615604 -0.07132581 0.804937
v -0.1615604 -0.07132581 0.804937
v -0.1110776 -0.02552675 0.7837976
v -0.09487543 -0.07807764 0.7837791
v -0.1819912 0.2901434 0.6884925
v -0.1919453 0.3493495 0.7546018
v -0.1894439 0.000357549 0.6857237
v -0.1784526 0.3828549 0.7566653
v -0.1720447 0.0005868828 0.7824159
v -0.1919453 0.3493495 0.7546018
v -0.1894439 0.000357549 0.6857237
v -0.1919453 0.3493495 0.7546018
v -0.1720447 0.0005868828 0.7824159
v -0.08557004 -0.008460695 0.776739
v -0.09792865 -0.03237046 0.7777238
v -0.1110776 -0.02552675 0.7837976
v -0.1110776 -0.02552675 0.7837976
v -0.1120985 4.32211E-06 0.7825489
v -0.08557004 -0.008460695 0.776739
v -0.1468979 0.5924012 0.6529263
v -0.09150489 0.6759578 0.6841483
v -0.1722536 0.6092612 0.6649516
v -0.1722536 0.6092612 0.6649516
v -0.1615476 0.5741187 0.6649393
v -0.1468979 0.5924012 0.6529263
v -0.1722536 0.6092612 0.6649516
v -0.1761714 0.4433418 0.6826573
v -0.1615476 0.5741187 0.6649393
v -0.1761714 0.4433418 0.6826573
v -0.1784526 0.3467351 0.6929666
v -0.1615476 0.5741187 0.6649393
v -0.1406123 0.3388288 0.6791029
v -0.1615476 0.5741187 0.6649393
v -0.1784526 0.3467351 0.6929666
v -0.1819912 0.2901434 0.6884925
v -0.1784526 0.3467351 0.6929666
v -0.1784526 0.3828549 0.7566653
v -0.1784526 0.3828549 0.7566653
v -0.1919453 0.3493495 0.7546018
v -0.1819912 0.2901434 0.6884925
v -0.1894439 0.000357549 0.6857237
v -0.1784526 0.3467351 0.6929666
v -0.1819912 0.2901434 0.6884925
v -0.1784526 0.3467351 0.6929666
v -0.1894439 0.000357549 0.6857237
v -0.08750794 -0.01140212 0.687628
v -0.08750794 -0.01140212 0.687628
v -0.1156123 0.2630005 0.6929373
v -0.1784526 0.3467351 0.6929666
v -0.15693 -0.005019106 0.7826915
v -0.1720447 0.0005868828 0.7824159
v -0.1784526 0.3828549 0.7566653
v -0.1784526 0.3828549 0.7566653
v -0.1687607 0.3780529 0.7621083
v -0.15693 -0.005019106 0.7826915
v -0.1120985 4.32211E-06 0.7825489
v -0.15693 -0.005019106 0.7826915
v -0.1687607 0.3780529 0.7621083
v -0.1687607 0.3780529 0.7621083
v -0.1310965 0.3635223 0.7592729
v -0.1120985 4.32211E-06 0.7825489
v -0.1310965 0.3635223 0.7592729
v -0.1687607 0.3780529 0.7621083
v -0.1720078 0.4047625 0.7600446
v -0.1720078 0.4047625 0.7600446
v -0.1318152 0.3918367 0.7596647
v -0.1310965 0.3635223 0.7592729
v -0.2044305 1.072687 0.7973886
v -0.2040791 1.043489 0.8380375
v -0.182352 0.8966362 0.8702027
v -0.182352 0.8966362 0.8702027
v -0.1824362 0.8557628 0.835523
v -0.2044305 1.072687 0.7973886
v -0.1807791 1.099301 0.7750642
v -0.1807272 1.091966 0.7890146
v -0.2044305 1.072687 0.7973886
v -0.2044305 1.072687 0.7973886
v -0.2045244 1.072649 0.7751824
v -0.1807791 1.099301 0.7750642
v -0.1036785 1.065499 0.7746503
v -0.1083521 1.011158 0.7746872
v -0.1048141 1.075611 0.7965092
v -0.1083521 1.011158 0.7746872
v -0.108228 0.9116769 0.7983908
v -0.1048141 1.075611 0.7965092
v -0.1108671 0.8621801 0.8350917
v -0.1048141 1.075611 0.7965092
v -0.108228 0.9116769 0.7983908
v -0.204599 1.0113 0.7751589
v -0.2046349 0.9316354 0.7930273
v -0.108228 0.9116769 0.7983908
v -0.108228 0.9116769 0.7983908
v -0.1083521 1.011158 0.7746872
v -0.204599 1.0113 0.7751589
v -0.1210007 1.114924 0.7747582
v -0.1209645 1.102447 0.7885925
v -0.1807272 1.091966 0.7890146
v -0.1807272 1.091966 0.7890146
v -0.1807791 1.099301 0.7750642
v -0.1210007 1.114924 0.7747582
v -0.110816 0.9074875 0.8718758
v -0.182352 0.8966362 0.8702027
v -0.2040791 1.043489 0.8380375
v -0.2040791 1.043489 0.8380375
v -0.1146932 1.039122 0.8370304
v -0.110816 0.9074875 0.8718758
v -0.1108671 0.8621801 0.8350917
v -0.1162763 0.7531099 0.8691996
v -0.1162763 0.8250721 0.9128817
v -0.1162763 0.8250721 0.9128817
v -0.110816 0.9074875 0.8718758
v -0.1108671 0.8621801 0.8350917
v -0.1209645 1.102447 0.7885925
v -0.1186827 1.0977 0.8044462
v -0.1805998 1.091982 0.8050427
v -0.1805998 1.091982 0.8050427
v -0.1807272 1.091966 0.7890146
v -0.1209645 1.102447 0.7885925
v -0.1807272 1.091966 0.7890146
v -0.1805998 1.091982 0.8050427
v -0.2040791 1.043489 0.8380375
v -0.2040791 1.043489 0.8380375
v -0.2044305 1.072687 0.7973886
v -0.1807272 1.091966 0.7890146
v -0.1048141 1.075611 0.7965092
v -0.1108671 0.8621801 0.8350917
v -0.1186827 1.0977 0.8044462
v -0.1186827 1.0977 0.8044462
v -0.1108671 0.8621801 0.8350917
v -0.1146932 1.039122 0.8370304
v -0.110816 0.9074875 0.8718758
v -0.1146932 1.039122 0.8370304
v -0.1108671 0.8621801 0.8350917
v -0.1209645 1.102447 0.7885925
v -0.1048141 1.075611 0.7965092
v -0.1186827 1.0977 0.8044462
v -0.1048141 1.075611 0.7965092
v -0.1209645 1.102447 0.7885925
v -0.1210007 1.114924 0.7747582
v -0.1210007 1.114924 0.7747582
v -0.1036785 1.065499 0.7746503
v -0.1048141 1.075611 0.7965092
v -0.2040791 1.043489 0.8380375
v -0.1805998 1.091982 0.8050427
v -0.1186827 1.0977 0.8044462
v -0.1186827 1.0977 0.8044462
v -0.1146932 1.039122 0.8370304
v -0.2040791 1.043489 0.8380375
v -0.2046349 0.9316354 0.7930273
v -0.1824362 0.8557628 0.835523
v -0.1108671 0.8621801 0.8350917
v -0.1108671 0.8621801 0.8350917
v -0.108228 0.9116769 0.7983908
v -0.2046349 0.9316354 0.7930273
v -0.1781023 0.8141644 0.9110144
v -0.1580079 0.6594378 0.9485589
v -0.1580079 0.6540806 0.9169049
v -0.1580079 0.6540806 0.9169049
v -0.1781023 0.7466788 0.8695743
v -0.1781023 0.8141644 0.9110144
v -0.182352 0.8966362 0.8702027
v -0.1781023 0.8141644 0.9110144
v -0.1781023 0.7466788 0.8695743
v -0.1781023 0.7466788 0.8695743
v -0.1824362 0.8557628 0.835523
v -0.182352 0.8966362 0.8702027
v -0.1824362 0.8557628 0.835523
v -0.1781023 0.7466788 0.8695743
v -0.1162763 0.7531099 0.8691996
v -0.1162763 0.7531099 0.8691996
v -0.1108671 0.8621801 0.8350917
v -0.1824362 0.8557628 0.835523
v -0.110816 0.9074875 0.8718758
v -0.1162763 0.8250721 0.9128817
v -0.1781023 0.8141644 0.9110144
v -0.1781023 0.8141644 0.9110144
v -0.182352 0.8966362 0.8702027
v -0.110816 0.9074875 0.8718758
v -0.1545621 0.5632591 0.9080582
v -0.1580079 0.6540806 0.9169049
v -0.1545621 0.5817585 0.9247714
v -0.1580079 0.6540806 0.9169049
v -0.1580079 0.6594378 0.9485589
v -0.1545621 0.5817585 0.9247714
v -0.1637855 0.6065609 0.9563522
v -0.1545621 0.5817585 0.9247714
v -0.1580079 0.6594378 0.9485589
v -0.1781023 0.7466788 0.8695743
v -0.1580079 0.6540806 0.9169049
v -0.1381743 0.6494607 0.9195152
v -0.1381743 0.6494607 0.9195152
v -0.1162763 0.7531099 0.8691996
v -0.1781023 0.7466788 0.8695743
v -0.1162763 0.7531099 0.8691996
v -0.1381743 0.6494607 0.9195152
v -0.1233389 0.6637372 0.949295
v -0.1233389 0.6637372 0.949295
v -0.1162763 0.8250721 0.9128817
v -0.1162763 0.7531099 0.8691996
v -0.1162763 0.8250721 0.9128817
v -0.1233389 0.6637372 0.949295
v -0.1580079 0.6594378 0.9485589
v -0.1580079 0.6594378 0.9485589
v -0.1781023 0.8141644 0.9110144
v -0.1162763 0.8250721 0.9128817
v -0.1545621 0.5632591 0.9080582
v -0.1545621 0.5817585 0.9247714
v -0.1351006 0.5855621 0.9262682
v -0.1351006 0.5855621 0.9262682
v -0.1351006 0.5684457 0.9116237
v -0.1545621 0.5632591 0.9080582
v -0.1580079 0.6540806 0.9169049
v -0.1545621 0.5632591 0.9080582
v -0.1351006 0.5684457 0.9116237
v -0.1351006 0.5684457 0.9116237
v -0.1381743 0.6494607 0.9195152
v -0.1580079 0.6540806 0.9169049
v -0.1351006 0.5684457 0.9116237
v -0.1351006 0.5855621 0.9262682
v -0.1381743 0.6494607 0.9195152
v -0.1381743 0.6494607 0.9195152
v -0.1351006 0.5855621 0.9262682
v -0.1233389 0.6637372 0.949295
v -0.1155777 0.6108603 0.9570882
v -0.1233389 0.6637372 0.949295
v -0.1351006 0.5855621 0.9262682
v -0.1233389 0.6637372 0.949295
v -0.1155777 0.6108603 0.9570882
v -0.1637855 0.6065609 0.9563522
v -0.1637855 0.6065609 0.9563522
v -0.1580079 0.6594378 0.9485589
v -0.1233389 0.6637372 0.949295
v -0.1351006 0.5855621 0.9262682
v -0.131387 0.5286793 0.93783
v -0.1100443 0.5491293 0.9624932
v -0.1100443 0.5491293 0.9624932
v -0.1155777 0.6108603 0.9570882
v -0.1351006 0.5855621 0.9262682
v -0.1503989 0.542045 0.9377411
v -0.1503989 0.54483 0.9617571
v -0.1100443 0.5491293 0.9624932
v -0.1100443 0.5491293 0.9624932
v -0.131387 0.5286793 0.93783
v -0.1503989 0.542045 0.9377411
v -0.1155777 0.6108603 0.9570882
v -0.1100443 0.5491293 0.9624932
v -0.1503989 0.54483 0.9617571
v -0.1503989 0.54483 0.9617571
v -0.1637855 0.6065609 0.9563522
v -0.1155777 0.6108603 0.9570882
v -0.1545621 0.5817585 0.9247714
v -0.1503989 0.542045 0.9377411
v -0.131387 0.5286793 0.93783
v -0.131387 0.5286793 0.93783
v -0.1351006 0.5855621 0.9262682
v -0.1545621 0.5817585 0.9247714
v -0.1637855 0.6065609 0.9563522
v -0.1503989 0.54483 0.9617571
v -0.1503989 0.542045 0.9377411
v -0.1503989 0.542045 0.9377411
v -0.1545621 0.5817585 0.9247714
v -0.1637855 0.6065609 0.9563522
v -0.1453582 -0.07861561 0.8049346
v -0.1452684 -0.07231003 0.7068538
v -0.1615604 -0.07132581 0.804937
v -0.1615604 -0.07132581 0.804937
v -0.1452684 -0.07231003 0.7068538
v -0.2273721 -0.07666112 0.798147
v -0.2273721 -0.07666112 0.798147
v -0.1452684 -0.07231003 0.7068538
v -0.3001118 -0.08443414 0.7858528
v -0.3359794 -0.07843509 0.6922682
v -0.3001118 -0.08443414 0.7858528
v -0.1452684 -0.07231003 0.7068538
v -0.1110776 -0.02552675 0.7837976
v -0.1615604 -0.07132581 0.804937
v -0.2273721 -0.07666112 0.798147
v -0.2273721 -0.07666112 0.798147
v -0.1853332 -0.01439867 0.7845941
v -0.1110776 -0.02552675 0.7837976
v -0.195281 -0.01095881 0.7845952
v -0.1853332 -0.01439867 0.7845941
v -0.271329 -0.03770299 0.7768244
v -0.1853332 -0.01439867 0.7845941
v -0.2273721 -0.07666112 0.798147
v -0.271329 -0.03770299 0.7768244
v -0.3001118 -0.08443414 0.7858528
v -0.271329 -0.03770299 0.7768244
v -0.2273721 -0.07666112 0.798147
v -0.09478556 -0.07014269 0.6856992
v -0.1452684 -0.07231003 0.7068538
v -0.1453582 -0.07861561 0.8049346
v -0.1453582 -0.07861561 0.8049346
v -0.09487543 -0.07807764 0.7837791
v -0.09478556 -0.07014269 0.6856992
v -0.195281 -0.01095881 0.7845952
v -0.271329 -0.03770299 0.7768244
v -0.3055231 -0.03015718 0.7051741
v -0.3055231 -0.03015718 0.7051741
v -0.1894439 0.000357549 0.6857237
v -0.195281 -0.01095881 0.7845952
v -0.1894439 0.000357549 0.6857237
v -0.3055231 -0.03015718 0.7051741
v -0.2382561 -0.0356743 0.6844433
v -0.2382561 -0.0356743 0.6844433
v -0.1774505 -0.01738543 0.6857176
v -0.1894439 0.000357549 0.6857237
v -0.0995466 -0.0335337 0.6873401
v -0.09478556 -0.07014269 0.6856992
v -0.09487543 -0.07807764 0.7837791
v -0.09487543 -0.07807764 0.7837791
v -0.09792865 -0.03237046 0.7777238
v -0.0995466 -0.0335337 0.6873401
v -0.09487543 -0.07807764 0.7837791
v -0.1110776 -0.02552675 0.7837976
v -0.09792865 -0.03237046 0.7777238
v -0.1110776 -0.02552675 0.7837976
v -0.1853332 -0.01439867 0.7845941
v -0.15693 -0.005019106 0.7826915
v -0.15693 -0.005019106 0.7826915
v -0.1120985 4.32211E-06 0.7825489
v -0.1110776 -0.02552675 0.7837976
v -0.1853332 -0.01439867 0.7845941
v -0.195281 -0.01095881 0.7845952
v -0.1720447 0.0005868828 0.7824159
v -0.1720447 0.0005868828 0.7824159
v -0.15693 -0.005019106 0.7826915
v -0.1853332 -0.01439867 0.7845941
v -0.1077205 0.2990365 0.7583674
v -0.08557004 -0.008460695 0.776739
v -0.1120985 4.32211E-06 0.7825489
v -0.1120985 4.32211E-06 0.7825489
v -0.1310965 0.3635223 0.7592729
v -0.1077205 0.2990365 0.7583674
v -0.1156123 0.2630005 0.6929373
v -0.08750794 -0.01140212 0.687628
v -0.08557004 -0.008460695 0.776739
v -0.08557004 -0.008460695 0.776739
v -0.1077205 0.2990365 0.7583674
v -0.1156123 0.2630005 0.6929373
v -0.107802 0.3840894 0.7594888
v -0.1077205 0.2990365 0.7583674
v -0.1310965 0.3635223 0.7592729
v -0.1310965 0.3635223 0.7592729
v -0.1318152 0.3918367 0.7596647
v -0.107802 0.3840894 0.7594888
v -0.1784526 0.3467351 0.6929666
v -0.1761714 0.4433418 0.6826573
v -0.1784526 0.3828549 0.7566653
v -0.1761714 0.4433418 0.6826573
v -0.1720078 0.4047625 0.7600446
v -0.1784526 0.3828549 0.7566653
v -0.1687607 0.3780529 0.7621083
v -0.1784526 0.3828549 0.7566653
v -0.1720078 0.4047625 0.7600446
v -0.1720078 0.4047625 0.7600446
v -0.1981028 0.6194122 0.7434608
v -0.1385406 0.6568051 0.7633302
v -0.1385406 0.6568051 0.7633302
v -0.1318152 0.3918367 0.7596647
v -0.1720078 0.4047625 0.7600446
v -0.1894439 0.000357549 0.6857237
v -0.1774505 -0.01738543 0.6857176
v -0.0995466 -0.0335337 0.6873401
v -0.0995466 -0.0335337 0.6873401
v -0.08750794 -0.01140212 0.687628
v -0.1894439 0.000357549 0.6857237
v -0.09478556 -0.07014269 0.6856992
v -0.0995466 -0.0335337 0.6873401
v -0.1774505 -0.01738543 0.6857176
v -0.271329 -0.03770299 0.7768244
v -0.3001118 -0.08443414 0.7858528
v -0.3359794 -0.07843509 0.6922682
v -0.3359794 -0.07843509 0.6922682
v -0.3055231 -0.03015718 0.7051741
v -0.271329 -0.03770299 0.7768244
v -0.2382561 -0.0356743 0.6844433
v -0.09478556 -0.07014269 0.6856992
v -0.1774505 -0.01738543 0.6857176
v -0.2382561 -0.0356743 0.6844433
v -0.3055231 -0.03015718 0.7051741
v -0.09478556 -0.07014269 0.6856992
v -0.09478556 -0.07014269 0.6856992
v -0.3055231 -0.03015718 0.7051741
v -0.1452684 -0.07231003 0.7068538
v -0.3359794 -0.07843509 0.6922682
v -0.1452684 -0.07231003 0.7068538
v -0.3055231 -0.03015718 0.7051741
v -0.195281 -0.01095881 0.7845952
v -0.1894439 0.000357549 0.6857237
v -0.1720447 0.0005868828 0.7824159
v -0.1118059 0.7949046 0.7401959
v -0.1080814 0.6759307 0.7633369
v -0.201415 0.7659815 0.7156799
v -0.1080814 0.6759307 0.7633369
v -0.1385406 0.6568051 0.7633302
v -0.201415 0.7659815 0.7156799
v -0.1981028 0.6194122 0.7434608
v -0.201415 0.7659815 0.7156799
v -0.1385406 0.6568051 0.7633302
v -0.1034914 1.065692 0.5093557
v -0.1080814 1.01134 0.5093367
v -0.1209072 1.115084 0.5093729
v -0.1080814 1.01134 0.5093367
v -0.0856691 1.065202 0.555515
v -0.1209072 1.115084 0.5093729
v -0.120089 1.1451 0.5955505
v -0.1209072 1.115084 0.5093729
v -0.0856691 1.065202 0.555515
v -0.120089 1.1451 0.5955505
v -0.1806543 1.132754 0.5955461
v -0.1806543 1.099371 0.5093673
v -0.1806543 1.099371 0.5093673
v -0.1209072 1.115084 0.5093729
v -0.120089 1.1451 0.5955505
v -0.204362 1.01134 0.5093365
v -0.204362 1.072685 0.509358
v -0.220689 0.9297646 0.5331395
v -0.220689 0.9297646 0.5331395
v -0.204362 1.072685 0.509358
v -0.201415 0.7660318 0.568423
v -0.204362 1.072685 0.509358
v -0.2244706 1.070375 0.5757574
v -0.201415 0.7660318 0.568423
v -0.201415 0.7660318 0.568423
v -0.2244706 1.070375 0.5757574
v -0.1967459 0.7660234 0.5929844
v -0.1967459 0.7660234 0.5929844
v -0.2244706 1.070375 0.5757574
v -0.2183322 0.7660065 0.6420515
v -0.2183322 0.7660065 0.6420515
v -0.2244706 1.070375 0.5757574
v -0.2232978 0.8883238 0.6420941
v -0.2244706 1.070375 0.5757574
v -0.2261728 1.074065 0.6421588
v -0.2232978 0.8883238 0.6420941
v -0.23129 0.9270113 0.6438456
v -0.2232978 0.8883238 0.6420941
v -0.2261728 1.074065 0.6421588
v -0.1823836 0.8558834 0.4486939
v -0.204362 1.072692 0.487285
v -0.204362 0.9316816 0.4914428
v -0.204362 0.9316816 0.4914428
v -0.204362 1.072692 0.487285
v -0.204362 1.01134 0.5093365
v -0.204362 1.072685 0.509358
v -0.204362 1.01134 0.5093365
v -0.204362 1.072692 0.487285
v -0.1080814 0.9297644 0.5331395
v -0.1080814 1.01134 0.5093367
v -0.204362 1.01134 0.5093365
v -0.204362 1.01134 0.5093365
v -0.220689 0.9297646 0.5331395
v -0.1080814 0.9297644 0.5331395
v -0.08529032 0.9090441 0.5876168
v -0.0856691 1.065202 0.555515
v -0.1080814 1.01134 0.5093367
v -0.1080814 1.01134 0.5093367
v -0.1080814 0.9297644 0.5331395
v -0.08529032 0.9090441 0.5876168
v -0.09286352 0.794955 0.5929945
v -0.08529032 0.9090441 0.5876168
v -0.1080814 0.9297644 0.5331395
v -0.1080814 0.9297644 0.5331395
v -0.1118059 0.7949718 0.5439274
v -0.09286352 0.794955 0.5929945
v -0.1118059 0.7949718 0.5439274
v -0.1080814 0.9297644 0.5331395
v -0.220689 0.9297646 0.5331395
v -0.220689 0.9297646 0.5331395
v -0.201415 0.7660318 0.568423
v -0.1118059 0.7949718 0.5439274
v -0.1722536 0.6092769 0.6190421
v -0.1967459 0.7660234 0.5929844
v -0.2183322 0.7660065 0.6420515
v -0.2183322 0.7660065 0.6420515
v -0.2041376 0.609269 0.6421602
v -0.1722536 0.6092769 0.6190421
v -0.1981028 0.6194816 0.5405401
v -0.201415 0.7660318 0.568423
v -0.1720078 0.4048434 0.5238065
v -0.201415 0.7660318 0.568423
v -0.1967459 0.7660234 0.5929844
v -0.1720078 0.4048434 0.5238065
v -0.1720078 0.4048434 0.5238065
v -0.1967459 0.7660234 0.5929844
v -0.1761714 0.4433697 0.6012207
v -0.1722536 0.6092769 0.6190421
v -0.1761714 0.4433697 0.6012207
v -0.1967459 0.7660234 0.5929844
v -0.09150489 0.6759867 0.599892
v -0.09286352 0.794955 0.5929945
v -0.1118059 0.7949718 0.5439274
v -0.1118059 0.7949718 0.5439274
v -0.1080814 0.6760139 0.5207033
v -0.09150489 0.6759867 0.599892
v -0.1806543 1.132754 0.5955461
v -0.1806543 1.129778 0.6421783
v -0.2261728 1.074065 0.6421588
v -0.2261728 1.074065 0.6421588
v -0.2244706 1.070375 0.5757574
v -0.1806543 1.132754 0.5955461
v -0.1806543 1.099371 0.5093673
v -0.1806543 1.132754 0.5955461
v -0.2244706 1.070375 0.5757574
v -0.2244706 1.070375 0.5757574
v -0.204362 1.072685 0.509358
v -0.1806543 1.099371 0.5093673
v -0.09150489 0.6759723 0.64202
v -0.09286352 0.794938 0.6420616
v -0.09286352 0.794955 0.5929945
v -0.09286352 0.794955 0.5929945
v -0.09150489 0.6759867 0.599892
v -0.09150489 0.6759723 0.64202
v -0.09286352 0.794938 0.6420616
v -0.07972947 0.8883237 0.6420941
v -0.08529032 0.9090441 0.5876168
v -0.08529032 0.9090441 0.5876168
v -0.09286352 0.794955 0.5929945
v -0.09286352 0.794938 0.6420616
v -0.07972947 0.8883237 0.6420941
v -0.07968055 1.05568 0.6421525
v -0.0856691 1.065202 0.555515
v -0.0856691 1.065202 0.555515
v -0.08529032 0.9090441 0.5876168
v -0.07972947 0.8883237 0.6420941
v -0.2041376 0.609269 0.6421602
v -0.09150489 0.6759723 0.64202
v -0.09150489 0.6759867 0.599892
v -0.09150489 0.6759867 0.599892
v -0.1722536 0.6092769 0.6190421
v -0.2041376 0.609269 0.6421602
v -0.1044707 1.148859 0.6421849
v -0.1806543 1.129778 0.6421783
v -0.1806543 1.132754 0.5955461
v -0.1806543 1.132754 0.5955461
v -0.120089 1.1451 0.5955505
v -0.1044707 1.148859 0.6421849
v -0.07968055 1.05568 0.6421525
v -0.1044707 1.148859 0.6421849
v -0.120089 1.1451 0.5955505
v -0.120089 1.1451 0.5955505
v -0.0856691 1.065202 0.555515
v -0.07968055 1.05568 0.6421525
v -0.08750794 -0.01137064 0.5959331
v -0.08557004 -0.008368171 0.5068241
v -0.09792864 -0.0322773 0.5058227
v -0.09792864 -0.0322773 0.5058227
v -0.0995466 -0.03350233 0.5962055
v -0.08750794 -0.01137064 0.5959331
v -0.1406123 0.3388544 0.6047024
v -0.1156123 0.2630356 0.590815
v -0.1784526 0.3467701 0.5908442
v -0.1615476 0.5741343 0.6190299
v -0.1468979 0.5924086 0.6310555
v -0.1406123 0.3388544 0.6047024
v -0.1468979 0.5924086 0.6310555
v -0.09150489 0.6759867 0.599892
v -0.1406123 0.3388544 0.6047024
v -0.1156123 0.2630356 0.590815
v -0.1406123 0.3388544 0.6047024
v -0.09150489 0.6759867 0.599892
v -0.107802 0.3841698 0.5243478
v -0.1077205 0.2991164 0.5254101
v -0.1080814 0.6760139 0.5207033
v -0.1077205 0.2991164 0.5254101
v -0.1156123 0.2630356 0.590815
v -0.1080814 0.6760139 0.5207033
v -0.09150489 0.6759867 0.599892
v -0.1080814 0.6760139 0.5207033
v -0.1156123 0.2630356 0.590815
v -0.1080814 0.6760139 0.5207033
v -0.1385406 0.656888 0.5206965
v -0.1318152 0.3919175 0.5241776
v -0.1318152 0.3919175 0.5241776
v -0.107802 0.3841698 0.5243478
v -0.1080814 0.6760139 0.5207033
v -0.09487545 -0.07798033 0.4997353
v -0.1110776 -0.02542944 0.4997535
v -0.1615604 -0.07121397 0.4785822
v -0.1615604 -0.07121397 0.4785822
v -0.1453583 -0.07850377 0.4785798
v -0.09487545 -0.07798033 0.4997353
v -0.1784526 0.3829336 0.5271705
v -0.1919453 0.3494269 0.5292107
v -0.1720447 0.0006832105 0.5011537
v -0.1919453 0.3494269 0.5292107
v -0.1819912 0.2901755 0.5952786
v -0.1720447 0.0006832105 0.5011537
v -0.1894439 0.0003878255 0.5978456
v -0.1720447 0.0006832105 0.5011537
v -0.1819912 0.2901755 0.5952786
v -0.08557004 -0.008368171 0.5068241
v -0.1120985 0.0001008005 0.5010201
v -0.1110776 -0.02542944 0.4997535
v -0.1110776 -0.02542944 0.4997535
v -0.09792864 -0.0322773 0.5058227
v -0.08557004 -0.008368171 0.5068241
v -0.1468979 0.5924086 0.6310555
v -0.1615476 0.5741343 0.6190299
v -0.1722536 0.6092769 0.6190421
v -0.1722536 0.6092769 0.6190421
v -0.09150489 0.6759867 0.599892
v -0.1468979 0.5924086 0.6310555
v -0.1722536 0.6092769 0.6190421
v -0.1615476 0.5741343 0.6190299
v -0.1761714 0.4433697 0.6012207
v -0.1761714 0.4433697 0.6012207
v -0.1615476 0.5741343 0.6190299
v -0.1784526 0.3467701 0.5908442
v -0.1406123 0.3388544 0.6047024
v -0.1784526 0.3467701 0.5908442
v -0.1615476 0.5741343 0.6190299
v -0.1819912 0.2901755 0.5952786
v -0.1919453 0.3494269 0.5292107
v -0.1784526 0.3829336 0.5271705
v -0.1784526 0.3829336 0.5271705
v -0.1784526 0.3467701 0.5908442
v -0.1819912 0.2901755 0.5952786
v -0.1784526 0.3467701 0.5908442
v -0.1894439 0.0003878255 0.5978456
v -0.1819912 0.2901755 0.5952786
v -0.1784526 0.3467701 0.5908442
v -0.1156123 0.2630356 0.590815
v -0.08750794 -0.01137064 0.5959331
v -0.08750794 -0.01137064 0.5959331
v -0.1894439 0.0003878255 0.5978456
v -0.1784526 0.3467701 0.5908442
v -0.1569299 -0.004922477 0.500874
v -0.1687607 0.3781353 0.5217243
v -0.1784526 0.3829336 0.5271705
v -0.1784526 0.3829336 0.5271705
v -0.1720447 0.0006832105 0.5011537
v -0.1569299 -0.004922477 0.500874
v -0.1120985 0.0001008005 0.5010201
v -0.1310965 0.3636027 0.5245495
v -0.1687607 0.3781353 0.5217243
v -0.1687607 0.3781353 0.5217243
v -0.1569299 -0.004922477 0.500874
v -0.1120985 0.0001008005 0.5010201
v -0.1310965 0.3636027 0.5245495
v -0.1318152 0.3919175 0.5241776
v -0.1720078 0.4048434 0.5238065
v -0.1720078 0.4048434 0.5238065
v -0.1687607 0.3781353 0.5217243
v -0.1310965 0.3636027 0.5245495
v -0.204362 1.072692 0.487285
v -0.1823836 0.8558834 0.4486939
v -0.1823835 0.8967637 0.4140803
v -0.1823835 0.8967637 0.4140803
v -0.204362 1.043452 0.446771
v -0.204362 1.072692 0.487285
v -0.1806543 1.099371 0.5093673
v -0.204362 1.072685 0.509358
v -0.204362 1.072692 0.487285
v -0.204362 1.072692 0.487285
v -0.1806543 1.092035 0.4954382
v -0.1806543 1.099371 0.5093673
v -0.1108617 0.8623142 0.4490731
v -0.1080814 0.9118232 0.4857121
v -0.1047385 1.075876 0.4872861
v -0.1047385 1.075876 0.4872861
v -0.1080814 0.9118232 0.4857121
v -0.1034914 1.065692 0.5093557
v -0.1080814 1.01134 0.5093367
v -0.1034914 1.065692 0.5093557
v -0.1080814 0.9118232 0.4857121
v -0.204362 1.01134 0.5093365
v -0.1080814 1.01134 0.5093367
v -0.1080814 0.9118232 0.4857121
v -0.1080814 0.9118232 0.4857121
v -0.204362 0.9316816 0.4914428
v -0.204362 1.01134 0.5093365
v -0.1209072 1.115084 0.5093729
v -0.1806543 1.099371 0.5093673
v -0.1806543 1.092035 0.4954382
v -0.1806543 1.092035 0.4954382
v -0.1209072 1.102641 0.4954419
v -0.1209072 1.115084 0.5093729
v -0.1108617 0.9076726 0.4122207
v -0.1149509 1.039384 0.4467694
v -0.204362 1.043452 0.446771
v -0.204362 1.043452 0.446771
v -0.1823835 0.8967637 0.4140803
v -0.1108617 0.9076726 0.4122207
v -0.1108617 0.8623142 0.4490731
v -0.1108617 0.9076726 0.4122207
v -0.1162763 0.8252571 0.3712623
v -0.1162763 0.8252571 0.3712623
v -0.1162763 0.753265 0.4148943
v -0.1108617 0.8623142 0.4490731
v -0.1209072 1.102641 0.4954419
v -0.1806543 1.092035 0.4954382
v -0.1806543 1.09204 0.4794538
v -0.1806543 1.09204 0.4794538
v -0.1187548 1.097934 0.4794559
v -0.1209072 1.102641 0.4954419
v -0.1806543 1.092035 0.4954382
v -0.204362 1.072692 0.487285
v -0.204362 1.043452 0.446771
v -0.204362 1.043452 0.446771
v -0.1806543 1.09204 0.4794538
v -0.1806543 1.092035 0.4954382
v -0.1108617 0.9076726 0.4122207
v -0.1108617 0.8623142 0.4490731
v -0.1149509 1.039384 0.4467694
v -0.1149509 1.039384 0.4467694
v -0.1108617 0.8623142 0.4490731
v -0.1187548 1.097934 0.4794559
v -0.1047385 1.075876 0.4872861
v -0.1187548 1.097934 0.4794559
v -0.1108617 0.8623142 0.4490731
v -0.1047385 1.075876 0.4872861
v -0.1209072 1.102641 0.4954419
v -0.1187548 1.097934 0.4794559
v -0.1047385 1.075876 0.4872861
v -0.1034914 1.065692 0.5093557
v -0.1209072 1.115084 0.5093729
v -0.1209072 1.115084 0.5093729
v -0.1209072 1.102641 0.4954419
v -0.1047385 1.075876 0.4872861
v -0.204362 1.043452 0.446771
v -0.1149509 1.039384 0.4467694
v -0.1187548 1.097934 0.4794559
v -0.1187548 1.097934 0.4794559
v -0.1806543 1.09204 0.4794538
v -0.204362 1.043452 0.446771
v -0.204362 0.9316816 0.4914428
v -0.1080814 0.9118232 0.4857121
v -0.1108617 0.8623142 0.4490731
v -0.1108617 0.8623142 0.4490731
v -0.1823836 0.8558834 0.4486939
v -0.204362 0.9316816 0.4914428
v -0.1781023 0.8143481 0.3731219
v -0.1781023 0.7468343 0.414515
v -0.1580079 0.6542686 0.3671197
v -0.1580079 0.6542686 0.3671197
v -0.1580079 0.6596472 0.3354695
v -0.1781023 0.8143481 0.3731219
v -0.1823835 0.8967637 0.4140803
v -0.1823836 0.8558834 0.4486939
v -0.1781023 0.7468343 0.414515
v -0.1781023 0.7468343 0.414515
v -0.1781023 0.8143481 0.3731219
v -0.1823835 0.8967637 0.4140803
v -0.1823836 0.8558834 0.4486939
v -0.1108617 0.8623142 0.4490731
v -0.1162763 0.753265 0.4148943
v -0.1162763 0.753265 0.4148943
v -0.1781023 0.7468343 0.414515
v -0.1823836 0.8558834 0.4486939
v -0.1108617 0.9076726 0.4122207
v -0.1823835 0.8967637 0.4140803
v -0.1781023 0.8143481 0.3731219
v -0.1781023 0.8143481 0.3731219
v -0.1162763 0.8252571 0.3712623
v -0.1108617 0.9076726 0.4122207
v -0.1637855 0.6067758 0.3276394
v -0.1580079 0.6596472 0.3354695
v -0.1545621 0.5819517 0.3592026
v -0.1580079 0.6596472 0.3354695
v -0.1580079 0.6542686 0.3671197
v -0.1545621 0.5819517 0.3592026
v -0.1545621 0.5634409 0.375903
v -0.1545621 0.5819517 0.3592026
v -0.1580079 0.6542686 0.3671197
v -0.1781023 0.7468343 0.414515
v -0.1162763 0.753265 0.4148943
v -0.1381744 0.6496504 0.3645062
v -0.1381744 0.6496504 0.3645062
v -0.1580079 0.6542686 0.3671197
v -0.1781023 0.7468343 0.414515
v -0.1162763 0.753265 0.4148943
v -0.1162763 0.8252571 0.3712623
v -0.123339 0.6639471 0.3347366
v -0.123339 0.6639471 0.3347366
v -0.1381744 0.6496504 0.3645062
v -0.1162763 0.753265 0.4148943
v -0.1162763 0.8252571 0.3712623
v -0.1781023 0.8143481 0.3731219
v -0.1580079 0.6596472 0.3354695
v -0.1580079 0.6596472 0.3354695
v -0.123339 0.6639471 0.3347366
v -0.1162763 0.8252571 0.3712623
v -0.1545621 0.5634409 0.375903
v -0.1351007 0.5686299 0.372341
v -0.1351006 0.5857564 0.3577086
v -0.1351006 0.5857564 0.3577086
v -0.1545621 0.5819517 0.3592026
v -0.1545621 0.5634409 0.375903
v -0.1580079 0.6542686 0.3671197
v -0.1381744 0.6496504 0.3645062
v -0.1351007 0.5686299 0.372341
v -0.1351007 0.5686299 0.372341
v -0.1545621 0.5634409 0.375903
v -0.1580079 0.6542686 0.3671197
v -0.1155777 0.6110758 0.3269065
v -0.1351006 0.5857564 0.3577086
v -0.123339 0.6639471 0.3347366
v -0.123339 0.6639471 0.3347366
v -0.1351006 0.5857564 0.3577086
v -0.1381744 0.6496504 0.3645062
v -0.1351007 0.5686299 0.372341
v -0.1381744 0.6496504 0.3645062
v -0.1351006 0.5857564 0.3577086
v -0.123339 0.6639471 0.3347366
v -0.1580079 0.6596472 0.3354695
v -0.1637855 0.6067758 0.3276394
v -0.1637855 0.6067758 0.3276394
v -0.1155777 0.6110758 0.3269065
v -0.123339 0.6639471 0.3347366
v -0.1351006 0.5857564 0.3577086
v -0.1155777 0.6110758 0.3269065
v -0.1100444 0.5493484 0.3214582
v -0.1100444 0.5493484 0.3214582
v -0.131387 0.5288815 0.3461072
v -0.1351006 0.5857564 0.3577086
v -0.1503989 0.5422471 0.3462053
v -0.131387 0.5288815 0.3461072
v -0.1100444 0.5493484 0.3214582
v -0.1100444 0.5493484 0.3214582
v -0.1503989 0.5450484 0.3221913
v -0.1503989 0.5422471 0.3462053
v -0.1155777 0.6110758 0.3269065
v -0.1637855 0.6067758 0.3276394
v -0.1503989 0.5450484 0.3221913
v -0.1503989 0.5450484 0.3221913
v -0.1100444 0.5493484 0.3214582
v -0.1155777 0.6110758 0.3269065
v -0.1545621 0.5819517 0.3592026
v -0.1351006 0.5857564 0.3577086
v -0.131387 0.5288815 0.3461072
v -0.131387 0.5288815 0.3461072
v -0.1503989 0.5422471 0.3462053
v -0.1545621 0.5819517 0.3592026
v -0.1637855 0.6067758 0.3276394
v -0.1545621 0.5819517 0.3592026
v -0.1503989 0.5422471 0.3462053
v -0.1503989 0.5422471 0.3462053
v -0.1503989 0.5450484 0.3221913
v -0.1637855 0.6067758 0.3276394
v -0.1453583 -0.07850377 0.4785798
v -0.1615604 -0.07121397 0.4785822
v -0.1452684 -0.07226529 0.5766648
v -0.1615604 -0.07121397 0.4785822
v -0.2273721 -0.07655395 0.4853686
v -0.1452684 -0.07226529 0.5766648
v -0.2273721 -0.07655395 0.4853686
v -0.3001118 -0.08433537 0.4976574
v -0.1452684 -0.07226529 0.5766648
v -0.3359795 -0.07840025 0.5912461
v -0.1452684 -0.07226529 0.5766648
v -0.3001118 -0.08433537 0.4976574
v -0.1110776 -0.02542944 0.4997535
v -0.1853332 -0.01430084 0.498965
v -0.2273721 -0.07655395 0.4853686
v -0.2273721 -0.07655395 0.4853686
v -0.1615604 -0.07121397 0.4785822
v -0.1110776 -0.02542944 0.4997535
v -0.195281 -0.01086098 0.4989662
v -0.271329 -0.03761039 0.5067184
v -0.1853332 -0.01430084 0.498965
v -0.1853332 -0.01430084 0.498965
v -0.271329 -0.03761039 0.5067184
v -0.2273721 -0.07655395 0.4853686
v -0.3001118 -0.08433537 0.4976574
v -0.2273721 -0.07655395 0.4853686
v -0.271329 -0.03761039 0.5067184
v -0.09478555 -0.07011241 0.5978209
v -0.09487545 -0.07798033 0.4997353
v -0.1453583 -0.07850377 0.4785798
v -0.1453583 -0.07850377 0.4785798
v -0.1452684 -0.07226529 0.5766648
v -0.09478555 -0.07011241 0.5978209
v -0.195281 -0.01086098 0.4989662
v -0.1894439 0.0003878255 0.5978456
v -0.3055231 -0.03011354 0.5783738
v -0.3055231 -0.03011354 0.5783738
v -0.271329 -0.03761039 0.5067184
v -0.195281 -0.01086098 0.4989662
v -0.1894439 0.0003878255 0.5978456
v -0.1774505 -0.0173552 0.5978392
v -0.2382561 -0.03564493 0.5991009
v -0.2382561 -0.03564493 0.5991009
v -0.3055231 -0.03011354 0.5783738
v -0.1894439 0.0003878255 0.5978456
v -0.0995466 -0.03350233 0.5962055
v -0.09792864 -0.0322773 0.5058227
v -0.09487545 -0.07798033 0.4997353
v -0.09487545 -0.07798033 0.4997353
v -0.09478555 -0.07011241 0.5978209
v -0.0995466 -0.03350233 0.5962055
v -0.1110776 -0.02542944 0.4997535
v -0.09487545 -0.07798033 0.4997353
v -0.09792864 -0.0322773 0.5058227
v -0.1110776 -0.02542944 0.4997535
v -0.1120985 0.0001008005 0.5010201
v -0.1569299 -0.004922477 0.500874
v -0.1569299 -0.004922477 0.500874
v -0.1853332 -0.01430084 0.498965
v -0.1110776 -0.02542944 0.4997535
v -0.1853332 -0.01430084 0.498965
v -0.1569299 -0.004922477 0.500874
v -0.1720447 0.0006832105 0.5011537
v -0.1720447 0.0006832105 0.5011537
v -0.195281 -0.01086098 0.4989662
v -0.1853332 -0.01430084 0.498965
v -0.1077205 0.2991164 0.5254101
v -0.1310965 0.3636027 0.5245495
v -0.1120985 0.0001008005 0.5010201
v -0.1120985 0.0001008005 0.5010201
v -0.08557004 -0.008368171 0.5068241
v -0.1077205 0.2991164 0.5254101
v -0.1156123 0.2630356 0.590815
v -0.1077205 0.2991164 0.5254101
v -0.08557004 -0.008368171 0.5068241
v -0.08557004 -0.008368171 0.5068241
v -0.08750794 -0.01137064 0.5959331
v -0.1156123 0.2630356 0.590815
v -0.107802 0.3841698 0.5243478
v -0.1318152 0.3919175 0.5241776
v -0.1310965 0.3636027 0.5245495
v -0.1310965 0.3636027 0.5245495
v -0.1077205 0.2991164 0.5254101
v -0.107802 0.3841698 0.5243478
v -0.1687607 0.3781353 0.5217243
v -0.1720078 0.4048434 0.5238065
v -0.1784526 0.3829336 0.5271705
v -0.1784526 0.3829336 0.5271705
v -0.1720078 0.4048434 0.5238065
v -0.1784526 0.3467701 0.5908442
v -0.1761714 0.4433697 0.6012207
v -0.1784526 0.3467701 0.5908442
v -0.1720078 0.4048434 0.5238065
v -0.1720078 0.4048434 0.5238065
v -0.1318152 0.3919175 0.5241776
v -0.1385406 0.656888 0.5206965
v -0.1385406 0.656888 0.5206965
v -0.1981028 0.6194816 0.5405401
v -0.1720078 0.4048434 0.5238065
v -0.1894439 0.0003878255 0.5978456
v -0.08750794 -0.01137064 0.5959331
v -0.0995466 -0.03350233 0.5962055
v -0.0995466 -0.03350233 0.5962055
v -0.1774505 -0.0173552 0.5978392
v -0.1894439 0.0003878255 0.5978456
v -0.0995466 -0.03350233 0.5962055
v -0.09478555 -0.07011241 0.5978209
v -0.1774505 -0.0173552 0.5978392
v -0.271329 -0.03761039 0.5067184
v -0.3055231 -0.03011354 0.5783738
v -0.3359795 -0.07840025 0.5912461
v -0.3359795 -0.07840025 0.5912461
v -0.3001118 -0.08433537 0.4976574
v -0.271329 -0.03761039 0.5067184
v -0.2382561 -0.03564493 0.5991009
v -0.09478555 -0.07011241 0.5978209
v -0.3055231 -0.03011354 0.5783738
v -0.09478555 -0.07011241 0.5978209
v -0.1452684 -0.07226529 0.5766648
v -0.3055231 -0.03011354 0.5783738
v -0.3359795 -0.07840025 0.5912461
v -0.3055231 -0.03011354 0.5783738
v -0.1452684 -0.07226529 0.5766648
v -0.09478555 -0.07011241 0.5978209
v -0.2382561 -0.03564493 0.5991009
v -0.1774505 -0.0173552 0.5978392
v -0.1894439 0.0003878255 0.5978456
v -0.195281 -0.01086098 0.4989662
v -0.1720447 0.0006832105 0.5011537
v -0.1118059 0.7949718 0.5439274
v -0.201415 0.7660318 0.568423
v -0.1080814 0.6760139 0.5207033
v -0.1080814 0.6760139 0.5207033
v -0.201415 0.7660318 0.568423
v -0.1385406 0.656888 0.5206965
v -0.1981028 0.6194816 0.5405401
v -0.1385406 0.656888 0.5206965
v -0.201415 0.7660318 0.568423
v -0.2081176 1.294307 0.683265
v -0.2274699 1.230314 0.6807413
v -0.2393458 1.243599 0.6776446
v -0.2274699 1.230314 0.6807413
v -0.2081176 1.294307 0.683265
v -0.1985968 1.208689 0.691505
v -0.2274699 1.230314 0.6807413
v -0.24245 1.238418 0.6441308
v -0.2393458 1.243599 0.6776446
v -0.2073663 1.294553 0.6043095
v -0.2289617 1.289651 0.6420205
v -0.2384395 1.244879 0.6057988
v -0.0951797 1.222876 0.6561001
v -0.0957197 1.220444 0.6284993
v -0.113467 1.167282 0.642271
v -0.113467 1.167282 0.642271
v -0.1298811 1.16991 0.6731925
v -0.0951797 1.222876 0.6561001
v -0.2125891 1.176637 0.5970566
v -0.2289963 1.225775 0.6023893
v -0.2354892 1.158681 0.6144699
v -0.1144837 1.126496 0.6691598
v -0.113467 1.167282 0.642271
v -0.1148022 1.126549 0.6154397
v -0.1298811 1.16991 0.6731925
v -0.1044964 1.253475 0.6857135
v -0.0951797 1.222876 0.6561001
v -0.236037 1.181455 0.6769114
v -0.2274699 1.230314 0.6807413
v -0.1985968 1.208689 0.691505
v -0.1298811 1.16991 0.6731925
v -0.1428543 1.214429 0.692179
v -0.1044964 1.253475 0.6857135
v -0.1374241 1.168884 0.6102752
v -0.1432873 1.213599 0.5932608
v -0.2125891 1.176637 0.5970566
v -0.2125891 1.176637 0.5970566
v -0.2015377 1.265098 0.5943489
v -0.2289963 1.225775 0.6023893
v -0.1820818 1.118875 0.6280021
v -0.2125891 1.176637 0.5970566
v -0.2128093 1.142124 0.6288263
v -0.1298811 1.16991 0.6731925
v -0.1985968 1.208689 0.691505
v -0.1428543 1.214429 0.692179
v -0.2081176 1.294307 0.683265
v -0.2393458 1.243599 0.6776446
v -0.2289617 1.289651 0.6420205
v -0.1862323 1.118322 0.6543834
v -0.1820818 1.118875 0.6280021
v -0.2128093 1.142124 0.6288263
v -0.111601 1.225568 0.6062035
v -0.0957197 1.220444 0.6284993
v -0.1072851 1.257718 0.6063632
v -0.2502496 1.197838 0.6422817
v -0.24245 1.238418 0.6441308
v -0.23895 1.197112 0.6549642
v -0.2289963 1.225775 0.6023893
v -0.2384395 1.244879 0.6057988
v -0.24245 1.238418 0.6441308
v -0.2388378 1.198973 0.6295792
v -0.2289963 1.225775 0.6023893
v -0.24245 1.238418 0.6441308
v -0.208677 1.16944 0.6810926
v -0.2307116 1.168401 0.6792369
v -0.1985968 1.208689 0.691505
v -0.236037 1.181455 0.6769114
v -0.2397473 1.175812 0.6414185
v -0.2389109 1.177654 0.6185373
v -0.2398818 1.142781 0.6456132
v -0.2354892 1.158681 0.6144699
v -0.2397473 1.175812 0.6414185
v -0.2388378 1.198973 0.6295792
v -0.2389334 1.18884 0.6394789
v -0.2389109 1.177654 0.6185373
v -0.23895 1.197112 0.6549642
v -0.236037 1.181455 0.6769114
v -0.2389109 1.177654 0.6185373
v -0.2389109 1.177654 0.6185373
v -0.2389334 1.18884 0.6394789
v -0.23895 1.197112 0.6549642
v -0.2128093 1.142124 0.6288263
v -0.2125891 1.176637 0.5970566
v -0.2354892 1.158681 0.6144699
v -0.2354892 1.158681 0.6144699
v -0.2289963 1.225775 0.6023893
v -0.2388378 1.198973 0.6295792
v -0.24245 1.238418 0.6441308
v -0.2289617 1.289651 0.6420205
v -0.2393458 1.243599 0.6776446
v -0.2128093 1.142124 0.6288263
v -0.2398818 1.142781 0.6456132
v -0.208677 1.16944 0.6810926
v -0.2354892 1.158681 0.6144699
v -0.2398818 1.142781 0.6456132
v -0.2128093 1.142124 0.6288263
v -0.2040476 1.309765 0.6425725
v -0.2289617 1.289651 0.6420205
v -0.2073663 1.294553 0.6043095
v -0.2040476 1.309765 0.6425725
v -0.2081176 1.294307 0.683265
v -0.2289617 1.289651 0.6420205
v -0.102057 1.267846 0.6425579
v -0.1072851 1.257718 0.6063632
v -0.0957197 1.220444 0.6284993
v -0.0957197 1.220444 0.6284993
v -0.0951797 1.222876 0.6561001
v -0.102057 1.267846 0.6425579
v -0.2397473 1.175812 0.6414185
v -0.236037 1.181455 0.6769114
v -0.2307116 1.168401 0.6792369
v -0.2307116 1.168401 0.6792369
v -0.2398818 1.142781 0.6456132
v -0.2397473 1.175812 0.6414185
v -0.1862323 1.118322 0.6543834
v -0.1144837 1.126496 0.6691598
v -0.1148022 1.126549 0.6154397
v -0.23895 1.197112 0.6549642
v -0.2274699 1.230314 0.6807413
v -0.236037 1.181455 0.6769114
v -0.111601 1.225568 0.6062035
v -0.1432873 1.213599 0.5932608
v -0.1374241 1.168884 0.6102752
v -0.2307116 1.168401 0.6792369
v -0.236037 1.181455 0.6769114
v -0.1985968 1.208689 0.691505
v -0.1144837 1.126496 0.6691598
v -0.1298811 1.16991 0.6731925
v -0.113467 1.167282 0.642271
v -0.2128093 1.142124 0.6288263
v -0.208677 1.16944 0.6810926
v -0.1862323 1.118322 0.6543834
v -0.1148022 1.126549 0.6154397
v -0.1374241 1.168884 0.6102752
v -0.2125891 1.176637 0.5970566
v -0.2125891 1.176637 0.5970566
v -0.1820818 1.118875 0.6280021
v -0.1148022 1.126549 0.6154397
v -0.102057 1.267846 0.6425579
v -0.1469974 1.305163 0.6425708
v -0.1455882 1.283904 0.5971876
v -0.1455882 1.283904 0.5971876
v -0.1072851 1.257718 0.6063632
v -0.102057 1.267846 0.6425579
v -0.1455882 1.283904 0.5971876
v -0.2015377 1.265098 0.5943489
v -0.2125891 1.176637 0.5970566
v -0.2125891 1.176637 0.5970566
v -0.1432873 1.213599 0.5932608
v -0.1455882 1.283904 0.5971876
v -0.208677 1.16944 0.6810926
v -0.1298811 1.16991 0.6731925
v -0.1144837 1.126496 0.6691598
v -0.1144837 1.126496 0.6691598
v -0.1862323 1.118322 0.6543834
v -0.208677 1.16944 0.6810926
v -0.1428543 1.214429 0.692179
v -0.1463158 1.280863 0.6880654
v -0.1044964 1.253475 0.6857135
v -0.1072851 1.257718 0.6063632
v -0.1455882 1.283904 0.5971876
v -0.1432873 1.213599 0.5932608
v -0.1432873 1.213599 0.5932608
v -0.111601 1.225568 0.6062035
v -0.1072851 1.257718 0.6063632
v -0.2040476 1.309765 0.6425725
v -0.2073663 1.294553 0.6043095
v -0.1455882 1.283904 0.5971876
v -0.1455882 1.283904 0.5971876
v -0.1469974 1.305163 0.6425708
v -0.2040476 1.309765 0.6425725
v -0.1985968 1.208689 0.691505
v -0.2081176 1.294307 0.683265
v -0.1463158 1.280863 0.6880654
v -0.1463158 1.280863 0.6880654
v -0.1428543 1.214429 0.692179
v -0.1985968 1.208689 0.691505
v -0.1463158 1.280863 0.6880654
v -0.2081176 1.294307 0.683265
v -0.2040476 1.309765 0.6425725
v -0.2040476 1.309765 0.6425725
v -0.1469974 1.305163 0.6425708
v -0.1463158 1.280863 0.6880654
v -0.1463158 1.280863 0.6880654
v -0.1469974 1.305163 0.6425708
v -0.102057 1.267846 0.6425579
v -0.102057 1.267846 0.6425579
v -0.1044964 1.253475 0.6857135
v -0.1463158 1.280863 0.6880654
v -0.0957197 1.220444 0.6284993
v -0.111601 1.225568 0.6062035
v -0.1374241 1.168884 0.6102752
v -0.1374241 1.168884 0.6102752
v -0.113467 1.167282 0.642271
v -0.0957197 1.220444 0.6284993
v -0.0951797 1.222876 0.6561001
v -0.1044964 1.253475 0.6857135
v -0.102057 1.267846 0.6425579
v -0.1455882 1.283904 0.5971876
v -0.2073663 1.294553 0.6043095
v -0.2015377 1.265098 0.5943489
v -0.1862323 1.118322 0.6543834
v -0.1148022 1.126549 0.6154397
v -0.1820818 1.118875 0.6280021
v -0.2388378 1.198973 0.6295792
v -0.24245 1.238418 0.6441308
v -0.2502496 1.197838 0.6422817
v -0.113467 1.167282 0.642271
v -0.1374241 1.168884 0.6102752
v -0.1148022 1.126549 0.6154397
v -0.2015377 1.265098 0.5943489
v -0.2073663 1.294553 0.6043095
v -0.2384395 1.244879 0.6057988
v -0.2384395 1.244879 0.6057988
v -0.2289963 1.225775 0.6023893
v -0.2015377 1.265098 0.5943489
v -0.2502496 1.197838 0.6422817
v -0.23895 1.197112 0.6549642
v -0.2388378 1.198973 0.6295792
v -0.208677 1.16944 0.6810926
v -0.1985968 1.208689 0.691505
v -0.1298811 1.16991 0.6731925
v -0.2307116 1.168401 0.6792369
v -0.208677 1.16944 0.6810926
v -0.2398818 1.142781 0.6456132
v -0.2354892 1.158681 0.6144699
v -0.2388378 1.198973 0.6295792
v -0.2389109 1.177654 0.6185373
v -0.2354892 1.158681 0.6144699
v -0.2389109 1.177654 0.6185373
v -0.2397473 1.175812 0.6414185
v -0.2289617 1.289651 0.6420205
v -0.24245 1.238418 0.6441308
v -0.2384395 1.244879 0.6057988
v -0.23895 1.197112 0.6549642
v -0.2389334 1.18884 0.6394789
v -0.2388378 1.198973 0.6295792
v -0.24245 1.238418 0.6441308
v -0.2274699 1.230314 0.6807413
v -0.23895 1.197112 0.6549642
vt 0.8501904 0.4501522
vt 0.8501904 0.4030369
vt 0.9013475 0.4110822
vt 0.8501904 0.4030369
vt 0.9013475 0.3639669
vt 0.9013475 0.4110822
vt 0.9013475 0.3865497
vt 0.9013475 0.4110822
vt 0.9013475 0.3639669
vt 0.8769611 0.6070436
vt 0.939461 0.5840363
vt 0.939461 0.5421139
vt 0.939461 0.5421139
vt 0.8769609 0.542114
vt 0.8769611 0.6070436
vt 0.3690044 0.1947162
vt 0.3534557 0.3809013
vt 0.374006 0.03381319
vt 0.374006 0.03381319
vt 0.3534557 0.3809013
vt 0.4035353 0.03781445
vt 0.3534557 0.3809013
vt 0.413884 0.3736776
vt 0.4035353 0.03781445
vt 0.4035353 0.03781445
vt 0.413884 0.3736776
vt 0.4352012 0.04273853
vt 0.4352012 0.04273853
vt 0.413884 0.3736776
vt 0.435869 0.1914199
vt 0.435869 0.1914199
vt 0.413884 0.3736776
vt 0.4691165 0.2911789
vt 0.4787588 0.3943068
vt 0.4691165 0.2911789
vt 0.413884 0.3736776
vt 0.3534557 0.3809013
vt 0.3690044 0.1947162
vt 0.3660035 0.2307734
vt 0.4476911 0.2911789
vt 0.431188 0.3720788
vt 0.4691165 0.2911789
vt 0.431188 0.3720788
vt 0.4928298 0.3102832
vt 0.4691165 0.2911789
vt 0.4960662 0.2115506
vt 0.4691165 0.2911789
vt 0.4928298 0.3102832
vt 0.435869 0.1914199
vt 0.4453746 0.2737689
vt 0.4753384 0.2977765
vt 0.4753384 0.2977765
vt 0.477305 0.1458249
vt 0.435869 0.1914199
vt 0.8634133 0.203646
vt 0.9017558 0.184111
vt 0.9043484 0.3639669
vt 0.9043484 0.3639669
vt 0.8501904 0.4030369
vt 0.8634133 0.203646
vt 0.8766362 0.1005108
vt 0.8991632 0.08850697
vt 0.9017558 0.184111
vt 0.9017558 0.184111
vt 0.8634133 0.203646
vt 0.8766362 0.1005108
vt 0.4692683 0.04766265
vt 0.4352012 0.04273853
vt 0.435869 0.1914199
vt 0.435869 0.1914199
vt 0.477305 0.1458249
vt 0.4692683 0.04766265
vt 0.2859931 0.9083923
vt 0.2496161 0.9094183
vt 0.2496161 0.9989516
vt 0.2496161 0.9989516
vt 0.2955076 0.9977125
vt 0.2859931 0.9083923
vt 0.2739679 0.5406521
vt 0.2621681 0.8477499
vt 0.3369879 0.5376512
vt 0.2621681 0.8477499
vt 0.2631684 0.9242941
vt 0.3369879 0.5376512
vt 0.2631684 0.9242941
vt 0.3429898 0.9518506
vt 0.3369879 0.5376512
vt 0.3189822 0.8055395
vt 0.3369879 0.5376512
vt 0.3429898 0.9518506
vt 0.2890013 0.682906
vt 0.3401584 0.6892077
vt 0.3401584 0.8314736
vt 0.3401584 0.8314736
vt 0.2890013 0.8239116
vt 0.2890013 0.682906
vt 0.4328196 0.4600878
vt 0.413884 0.3736776
vt 0.3534557 0.3809013
vt 0.3534557 0.3809013
vt 0.3593162 0.4580871
vt 0.4328196 0.4600878
vt 0.4783143 0.4350798
vt 0.4787588 0.3943068
vt 0.413884 0.3736776
vt 0.413884 0.3736776
vt 0.4328196 0.4540859
vt 0.4783143 0.4350798
vt 0.05739883 0.9148741
vt 0.04353526 1.002581
vt 0.1369496 0.9987996
vt 0.1369496 0.9987996
vt 0.1520734 0.922436
vt 0.05739883 0.9148741
vt 0.822099 0.06750029
vt 0.8766362 0.1005108
vt 0.8634133 0.203646
vt 0.8634133 0.203646
vt 0.7960218 0.1759368
vt 0.822099 0.06750029
vt 0.7960218 0.1759368
vt 0.8634133 0.203646
vt 0.8501904 0.4030369
vt 0.8501904 0.4030369
vt 0.7889507 0.4156401
vt 0.7960218 0.1759368
vt 0.3030567 0.625
vt 0.3030567 0.6875
vt 0.3459907 0.6875
vt 0.3459907 0.6875
vt 0.3459908 0.625
vt 0.3030567 0.625
vt 0.8104597 0.6480566
vt 0.876961 0.6090442
vt 0.8769609 0.5441146
vt 0.8769609 0.5441146
vt 0.7824508 0.5401133
vt 0.8104597 0.6480566
vt 0.7889507 0.4156401
vt 0.8501904 0.4030369
vt 0.8501904 0.4501522
vt 0.8501904 0.4501522
vt 0.7889507 0.4627554
vt 0.7889507 0.4156401
vt 0.3497337 0.5755526
vt 0.340734 0.5326792
vt 0.2559071 0.5380146
vt 0.2559071 0.5380146
vt 0.2654314 0.5626271
vt 0.3497337 0.5755526
vt 0.2927465 0.9265761
vt 0.2827433 0.9505837
vt 0.2852783 0.8375478
vt 0.2852783 0.8375478
vt 0.2827433 0.9505837
vt 0.2689662 0.6875
vt 0.2689662 0.6875
vt 0.2689662 0.6875
vt 0.2827433 0.9505837
vt 0.2689662 0.6875
vt 0.2827433 0.9505837
vt 0.2550414 0.6875
vt 0.2222042 0.5354484
vt 0.3401584 0.5354484
vt 0.2890013 0.682906
vt 0.3401584 0.5354484
vt 0.3401584 0.5701469
vt 0.2890013 0.682906
vt 0.3401584 0.6892077
vt 0.2890013 0.682906
vt 0.3401584 0.5701469
vt 0.2989758 0.75
vt 0.3237623 0.75
vt 0.340548 0.8026047
vt 0.340548 0.8026047
vt 0.2989758 0.8216818
vt 0.2989758 0.75
vt 0.4110272 0.5618795
vt 0.4394095 0.5563219
vt 0.4486959 0.5897702
vt 0.4486959 0.5897702
vt 0.4143392 0.6118946
vt 0.4110272 0.5618795
vt 0.2485177 0.7406906
vt 0.2675726 0.5473689
vt 0.2939742 0.8997664
vt 0.2939742 0.5491747
vt 0.3414395 0.552972
vt 0.2675726 0.5473689
vt 0.2939742 0.8997664
vt 0.2675726 0.5473689
vt 0.3414395 0.552972
vt 0.3338602 0.5468291
vt 0.3351434 0.5469847
vt 0.3475472 0.6777952
vt 0.3475472 0.6777952
vt 0.3407652 0.6774244
vt 0.3338602 0.5468291
vt 0.3172885 0.7735274
vt 0.375 0.6875
vt 0.125 0.6875
vt 0.125 0.6875
vt 0.1827115 0.8465506
vt 0.3172885 0.7735274
vt 0.1990235 0.8435497
vt 0.1870197 0.527449
vt 0.2797424 0.7325144
vt 0.1870197 0.527449
vt 0.3210624 0.5584589
vt 0.2797424 0.7325144
vt 0.3217557 0.6244799
vt 0.2797424 0.7325144
vt 0.3210624 0.5584589
vt 0.2663702 0.7962996
vt 0.3483963 0.8075052
vt 0.3363924 0.7450052
vt 0.3363924 0.7450052
vt 0.2773737 0.7562109
vt 0.2663702 0.7962996
vt 0.375 0.0625
vt 0.375 0.0625
vt 0.375 0.05129441
vt 0.2870516 0.7915331
vt 0.2870516 0.6875
vt 0.3419895 0.6875
vt 0.3419895 0.6875
vt 0.3419895 0.800536
vt 0.2870516 0.7915331
vt 0.3551324 0.8900026
vt 0.2449586 0.9409812
vt 0.2449586 0.9409812
vt 0.2449586 0.9409812
vt 0.1655583 0.7928451
vt 0.3551324 0.8900026
vt 0.3067121 0.7932262
vt 0.2994038 0.9545459
vt 0.3259844 0.9601967
vt 0.3259844 0.9601967
vt 0.3389885 0.8005661
vt 0.3067121 0.7932262
vt 0.3440358 0.8005661
vt 0.3424479 0.9582837
vt 0.3380548 0.9586788
vt 0.3380548 0.9586788
vt 0.3407399 0.8026047
vt 0.3440358 0.8005661
vt 0.4928298 0.3102832
vt 0.5085571 0.389332
vt 0.5246298 0.2054048
vt 0.5246298 0.2054048
vt 0.4960662 0.2115506
vt 0.4928298 0.3102832
vt 0.4529891 0.3517382
vt 0.4441668 0.4273576
vt 0.4792588 0.4323988
vt 0.4792588 0.4323988
vt 0.4792588 0.3378747
vt 0.4529891 0.3517382
vt 0.6646563 0.3719034
vt 0.6733757 0.300065
vt 0.6382033 0.3983701
vt 0.6733757 0.300065
vt 0.6103595 0.1752931
vt 0.6382033 0.3983701
vt 0.6330454 0.3240111
vt 0.6382033 0.3983701
vt 0.6103595 0.1752931
vt 0.4913435 0.3477924
vt 0.5153511 0.3357886
vt 0.5183521 0.2948551
vt 0.5183521 0.2948551
vt 0.4923438 0.2948551
vt 0.4913435 0.3477924
vt 0.6660131 0.4258969
vt 0.6950223 0.416894
vt 0.7374171 0.441902
vt 0.7374171 0.441902
vt 0.7374171 0.4489042
vt 0.6660131 0.4258969
vt 0.5424625 0.1897732
vt 0.4836836 0.33345
vt 0.4710804 0.3798574
vt 0.4710804 0.3798574
vt 0.5147353 0.3743931
vt 0.5424625 0.1897732
vt 0.6058025 0.09317388
vt 0.6169232 0.152521
vt 0.6505221 0.1806094
vt 0.6505221 0.1806094
vt 0.6323884 0.08576071
vt 0.6058025 0.09317388
vt 0.6590108 0.3188628
vt 0.6920213 0.4018892
vt 0.658392 0.3928863
vt 0.658392 0.3928863
vt 0.6253815 0.3028577
vt 0.6590108 0.3188628
vt 0.4618114 0.4311385
vt 0.4618114 0.3403953
vt 0.4805191 0.3315731
vt 0.4805191 0.3315731
vt 0.4805191 0.4046717
vt 0.4618114 0.4311385
vt 0.6646701 0.3328334
vt 0.6505221 0.1806094
vt 0.6572737 0.3567795
vt 0.6572737 0.3567795
vt 0.6505221 0.1806094
vt 0.6389126 0.3756843
vt 0.6169232 0.152521
vt 0.6389126 0.3756843
vt 0.6505221 0.1806094
vt 0.7140284 0.4058905
vt 0.6694553 0.4058905
vt 0.6699206 0.3608762
vt 0.6644537 0.3208635
vt 0.6840188 0.3278657
vt 0.6840188 0.4068908
vt 0.6840188 0.4068908
vt 0.660659 0.3678784
vt 0.6644537 0.3208635
vt 0.4710804 0.3798574
vt 0.4473313 0.4410608
vt 0.4797858 0.423055
vt 0.4797858 0.423055
vt 0.5147353 0.3743931
vt 0.4710804 0.3798574
vt 0.5491265 0.1810744
vt 0.5407515 0.2269819
vt 0.5227607 0.2173908
vt 0.5227607 0.2173908
vt 0.5267931 0.1851315
vt 0.5491265 0.1810744
vt 0.5397816 0.1600609
vt 0.5460831 0.03906998
vt 0.5196164 0.04033031
vt 0.5196164 0.04033031
vt 0.5019718 0.1493482
vt 0.5397816 0.1600609
vt 0.5246298 0.2054048
vt 0.5397816 0.1600609
vt 0.5019718 0.1493482
vt 0.5019718 0.1493482
vt 0.5027637 0.2164083
vt 0.5246298 0.2054048
vt 0.5407515 0.2269819
vt 0.5072515 0.3234496
vt 0.5122144 0.2459279
vt 0.5122144 0.2459279
vt 0.5227607 0.2173908
vt 0.5407515 0.2269819
vt 0.5424625 0.1897732
vt 0.5424625 0.1897732
vt 0.5101503 0.2111987
vt 0.5101503 0.2111987
vt 0.4836836 0.33345
vt 0.5424625 0.1897732
vt 0.5548975 0.7776188
vt 0.5813721 0.8362266
vt 0.6095656 0.7019994
vt 0.5813721 0.8362266
vt 0.6107465 0.764688
vt 0.6095656 0.7019994
vt 0.6343057 0.712082
vt 0.6095656 0.7019994
vt 0.6107465 0.764688
vt 0.5072515 0.3234496
vt 0.4805755 0.3234496
vt 0.496395 0.2887335
vt 0.496395 0.2887335
vt 0.5122144 0.2459279
vt 0.5072515 0.3234496
vt 0.6283871 0.06978357
vt 0.6613976 0.1988246
vt 0.675402 0.2778498
vt 0.675402 0.2778498
vt 0.6103814 0.1978243
vt 0.6283871 0.06978357
vt 0.5424625 0.1897732
vt 0.5664086 0.05239812
vt 0.5461003 0.04987748
vt 0.5461003 0.04987748
vt 0.5101503 0.2111987
vt 0.5424625 0.1897732
vt 0.5813721 0.7879325
vt 0.5443603 0.7879325
vt 0.5813721 0.75
vt 0.5813721 0.75
vt 0.6043795 0.75
vt 0.5813721 0.7879325
vt 0.8614613 0.8799618
vt 0.7974409 0.8799618
vt 0.7974409 0.7820102
vt 0.7974409 0.7820102
vt 0.8894702 0.7820102
vt 0.8614613 0.8799618
vt 0.8014421 0.7840108
vt 0.8014421 0.7840108
vt 0.8014421 0.8560337
vt 0.8014421 0.8560337
vt 0.8014421 0.7840108
vt 0.8784667 0.863036
vt 0.8784667 0.7840108
vt 0.8784667 0.863036
vt 0.8014421 0.7840108
vt 0.6463929 0.6859796
vt 0.6633982 0.769006
vt 0.5723692 0.7639249
vt 0.5723692 0.7639249
vt 0.5953766 0.6828991
vt 0.6463929 0.6859796
vt 0.8044431 0.7850112
vt 0.8044431 0.75
vt 0.8694637 0.75
vt 0.8694637 0.75
vt 0.8784667 0.8450302
vt 0.8044431 0.7850112
vt 0.6543954 0.8419498
vt 0.5813721 0.8289456
vt 0.5503623 0.9330583
vt 0.5503623 0.9330583
vt 0.6193842 0.9190537
vt 0.6543954 0.8419498
vt 0.6744416 0.7669657
vt 0.713454 0.9020086
vt 0.5783315 0.9530248
vt 0.5783315 0.9530248
vt 0.5783315 0.8159812
vt 0.6744416 0.7669657
vt 0.8784667 0.8689583
vt 0.810445 0.8689583
vt 0.810445 0.75
vt 0.810445 0.75
vt 0.8674632 0.75
vt 0.8784667 0.8689583
vt 0.5333568 0.9382986
vt 0.5733696 0.9543037
vt 0.587374 0.9222935
vt 0.587374 0.9222935
vt 0.5553639 0.8912836
vt 0.5333568 0.9382986
vt 0.04217396 0.6427656
vt 0.02468829 0.7047853
vt 0.08818862 0.640583
vt 0.08818862 0.640583
vt 0.02468829 0.7047853
vt 0.1021931 0.7289702
vt 0.1021931 0.7289702
vt 0.02468829 0.7047853
vt 0.07518449 0.8107395
vt 0.023688 0.8167413
vt 0.07518449 0.8107395
vt 0.02468829 0.7047853
vt 0.4222828 0.6127989
vt 0.4390621 0.565739
vt 0.4847105 0.5662462
vt 0.4847105 0.5662462
vt 0.4756715 0.625083
vt 0.4222828 0.6127989
vt 0.5121726 0.63837
vt 0.4756715 0.625083
vt 0.5960243 0.579033
vt 0.4756715 0.625083
vt 0.4847105 0.5662462
vt 0.5960243 0.579033
vt 0.5757628 0.5398772
vt 0.5960243 0.579033
vt 0.4847105 0.5662462
vt 0.03015019 0.5862079
vt 0.03015019 0.6672336
vt 0.09265019 0.6532291
vt 0.09265019 0.6532291
vt 0.09265019 0.5882084
vt 0.03015019 0.5862079
vt 0.03285665 0.226335
vt 0.04100644 0.3790292
vt 0.1425126 0.378711
vt 0.1425126 0.378711
vt 0.1287186 0.2469747
vt 0.03285665 0.226335
vt 0.5289081 0.6254802
vt 0.4839709 0.6895669
vt 0.4583993 0.5853527
vt 0.4583993 0.5853527
vt 0.5185669 0.6073485
vt 0.5289081 0.6254802
vt 0.4027883 0.6223959
vt 0.4099339 0.5549098
vt 0.4678925 0.5626271
vt 0.4678925 0.5626271
vt 0.4639227 0.6237615
vt 0.4027883 0.6223959
vt 0.4660525 0.5574632
vt 0.4332941 0.6674738
vt 0.4200964 0.6462288
vt 0.2998233 0.6109141
vt 0.3198297 0.6122736
vt 0.3422647 0.6325836
vt 0.3422647 0.6325836
vt 0.280551 0.6343158
vt 0.2998233 0.6109141
vt 0.3421079 0.6607603
vt 0.3285232 0.6783002
vt 0.3285232 0.6453241
vt 0.3285232 0.6453241
vt 0.3382031 0.6365194
vt 0.3421079 0.6607603
vt 0.3099793 0.5439344
vt 0.3338602 0.5468291
vt 0.3407652 0.6774244
vt 0.3407652 0.6774244
vt 0.3179819 0.6705247
vt 0.3099793 0.5439344
vt 0.2662253 0.7292533
vt 0.271227 0.5351915
vt 0.3507324 0.5441943
vt 0.3507324 0.5441943
vt 0.3387285 0.7142485
vt 0.2662253 0.7292533
vt 0.3237623 0.75
vt 0.330986 0.75
vt 0.3449904 0.8005661
vt 0.3449904 0.8005661
vt 0.340548 0.8026047
vt 0.3237623 0.75
vt 0.2599634 0.6997027
vt 0.2979755 0.6776957
vt 0.2859931 0.750342
vt 0.2979755 0.6776957
vt 0.3429898 0.6955045
vt 0.2859931 0.750342
vt 0.3429898 0.7562194
vt 0.2859931 0.750342
vt 0.3429898 0.6955045
vt 0.3380548 0.9586788
vt 0.3027503 0.9618537
vt 0.3098958 0.8216818
vt 0.3098958 0.8216818
vt 0.3407399 0.8026047
vt 0.3380548 0.9586788
vt 0.1464367 0.6843241
vt 0.1781121 0.6041349
vt 0.2320884 0.6088986
vt 0.2320884 0.6088986
vt 0.2320884 0.6605056
vt 0.1464367 0.6843241
vt 0.4131325 0.5625831
vt 0.4496316 0.6009591
vt 0.5046096 0.6177684
vt 0.03400421 0.3790292
vt 0.05915942 0.4078698
vt 0.1266611 0.4148721
vt 0.1266611 0.4148721
vt 0.1425126 0.378711
vt 0.03400421 0.3790292
vt 0.5061657 0.6033582
vt 0.4131325 0.5735866
vt 0.5046096 0.6177684
vt 0.5061657 0.6033582
vt 0.5350848 0.5699177
vt 0.4131325 0.5735866
vt 0.4131325 0.5735866
vt 0.5350848 0.5699177
vt 0.5643988 0.5489457
vt 0.6109687 0.5578855
vt 0.5643988 0.5489457
vt 0.5350848 0.5699177
vt 0.2965404 0.6260148
vt 0.1945079 0.563475
vt 0.2939898 0.5557885
vt 0.2821745 0.9740713
vt 0.3319863 0.9750715
vt 0.2631684 0.9242941
vt 0.3319863 0.9750715
vt 0.3489918 0.9927362
vt 0.2631684 0.9242941
vt 0.3429898 0.9518506
vt 0.2631684 0.9242941
vt 0.3489918 0.9927362
vt 0.9013475 0.3865497
vt 0.9013475 0.3639669
vt 0.9013475 0.4110822
vt 0.9013475 0.3639669
vt 0.8501904 0.4030369
vt 0.9013475 0.4110822
vt 0.8501904 0.4501522
vt 0.9013475 0.4110822
vt 0.8501904 0.4030369
vt 0.8769611 0.6070436
vt 0.8769609 0.542114
vt 0.939461 0.5421139
vt 0.939461 0.5421139
vt 0.939461 0.5840363
vt 0.8769611 0.6070436
vt 0.4691165 0.2911789
vt 0.4787588 0.3943068
vt 0.435869 0.1914199
vt 0.435869 0.1914199
vt 0.4787588 0.3943068
vt 0.4352012 0.04273853
vt 0.4787588 0.3943068
vt 0.413884 0.3736776
vt 0.4352012 0.04273853
vt 0.4352012 0.04273853
vt 0.413884 0.3736776
vt 0.4035353 0.03781445
vt 0.4035353 0.03781445
vt 0.413884 0.3736776
vt 0.374006 0.03381319
vt 0.374006 0.03381319
vt 0.413884 0.3736776
vt 0.3690044 0.1947162
vt 0.413884 0.3736776
vt 0.3534557 0.3809013
vt 0.3690044 0.1947162
vt 0.3660035 0.2307734
vt 0.3690044 0.1947162
vt 0.3534557 0.3809013
vt 0.4960662 0.2115506
vt 0.4928298 0.3102832
vt 0.4691165 0.2911789
vt 0.4691165 0.2911789
vt 0.4928298 0.3102832
vt 0.4476911 0.2911789
vt 0.431188 0.3720788
vt 0.4476911 0.2911789
vt 0.4928298 0.3102832
vt 0.435869 0.1914199
vt 0.477305 0.1458249
vt 0.4753384 0.2977765
vt 0.4753384 0.2977765
vt 0.4453746 0.2737689
vt 0.435869 0.1914199
vt 0.8634133 0.203646
vt 0.8501904 0.4030369
vt 0.9043484 0.3639669
vt 0.9043484 0.3639669
vt 0.9017558 0.184111
vt 0.8634133 0.203646
vt 0.8766362 0.1005108
vt 0.8634133 0.203646
vt 0.9017558 0.184111
vt 0.9017558 0.184111
vt 0.8991632 0.08850697
vt 0.8766362 0.1005108
vt 0.4692683 0.04766265
vt 0.477305 0.1458249
vt 0.435869 0.1914199
vt 0.435869 0.1914199
vt 0.4352012 0.04273853
vt 0.4692683 0.04766265
vt 0.2859931 0.9083923
vt 0.2955076 0.9977125
vt 0.2496161 0.9989516
vt 0.2496161 0.9989516
vt 0.2496161 0.9094183
vt 0.2859931 0.9083923
vt 0.3429898 0.9518506
vt 0.2631684 0.9242941
vt 0.3189822 0.8055395
vt 0.2631684 0.9242941
vt 0.2621681 0.8477499
vt 0.3189822 0.8055395
vt 0.3189822 0.8055395
vt 0.2621681 0.8477499
vt 0.3369879 0.5376512
vt 0.2739679 0.5406521
vt 0.3369879 0.5376512
vt 0.2621681 0.8477499
vt 0.2890013 0.682906
vt 0.2890013 0.8239116
vt 0.3401584 0.8314736
vt 0.3401584 0.8314736
vt 0.3401584 0.6892077
vt 0.2890013 0.682906
vt 0.4328196 0.4600878
vt 0.3593162 0.4580871
vt 0.3534557 0.3809013
vt 0.3534557 0.3809013
vt 0.413884 0.3736776
vt 0.4328196 0.4600878
vt 0.4783143 0.4350798
vt 0.4328196 0.4540859
vt 0.413884 0.3736776
vt 0.413884 0.3736776
vt 0.4787588 0.3943068
vt 0.4783143 0.4350798
vt 0.05739883 0.9148741
vt 0.1520734 0.922436
vt 0.1369496 0.9987996
vt 0.1369496 0.9987996
vt 0.04353526 1.002581
vt 0.05739883 0.9148741
vt 0.822099 0.06750029
vt 0.7960218 0.1759368
vt 0.8634133 0.203646
vt 0.8634133 0.203646
vt 0.8766362 0.1005108
vt 0.822099 0.06750029
vt 0.7960218 0.1759368
vt 0.7889507 0.4156401
vt 0.8501904 0.4030369
vt 0.8501904 0.4030369
vt 0.8634133 0.203646
vt 0.7960218 0.1759368
vt 0.3030567 0.625
vt 0.3459908 0.625
vt 0.3459907 0.6875
vt 0.3459907 0.6875
vt 0.3030567 0.6875
vt 0.3030567 0.625
vt 0.8104597 0.6480566
vt 0.7824508 0.5401133
vt 0.8769609 0.5441146
vt 0.8769609 0.5441146
vt 0.876961 0.6090442
vt 0.8104597 0.6480566
vt 0.7889507 0.4156401
vt 0.7889507 0.4627554
vt 0.8501904 0.4501522
vt 0.8501904 0.4501522
vt 0.8501904 0.4030369
vt 0.7889507 0.4156401
vt 0.3497337 0.5755526
vt 0.2654314 0.5626271
vt 0.2559071 0.5380146
vt 0.2559071 0.5380146
vt 0.340734 0.5326792
vt 0.3497337 0.5755526
vt 0.2827433 0.9505837
vt 0.2689662 0.6875
vt 0.2550414 0.6875
vt 0.2927465 0.9265761
vt 0.2852783 0.8375478
vt 0.2827433 0.9505837
vt 0.2852783 0.8375478
vt 0.2689662 0.6875
vt 0.2827433 0.9505837
vt 0.2689662 0.6875
vt 0.2827433 0.9505837
vt 0.2689662 0.6875
vt 0.3401584 0.5701469
vt 0.3401584 0.5354484
vt 0.3401584 0.6892077
vt 0.3401584 0.5354484
vt 0.2222042 0.5354484
vt 0.3401584 0.6892077
vt 0.2890013 0.682906
vt 0.3401584 0.6892077
vt 0.2222042 0.5354484
vt 0.2989758 0.75
vt 0.2989758 0.8216818
vt 0.340548 0.8026047
vt 0.340548 0.8026047
vt 0.3237623 0.75
vt 0.2989758 0.75
vt 0.4110272 0.5618795
vt 0.4143392 0.6118946
vt 0.4486959 0.5897702
vt 0.4486959 0.5897702
vt 0.4394095 0.5563219
vt 0.4110272 0.5618795
vt 0.2939742 0.5491747
vt 0.2675726 0.5473689
vt 0.3414395 0.552972
vt 0.2675726 0.5473689
vt 0.2485177 0.7406906
vt 0.3414395 0.552972
vt 0.2939742 0.8997664
vt 0.3414395 0.552972
vt 0.2485177 0.7406906
vt 0.3338602 0.5468291
vt 0.3407652 0.6774244
vt 0.3475472 0.6777952
vt 0.3475472 0.6777952
vt 0.3351434 0.5469847
vt 0.3338602 0.5468291
vt 0.3172885 0.7735274
vt 0.1827115 0.8465506
vt 0.125 0.6875
vt 0.125 0.6875
vt 0.375 0.6875
vt 0.3172885 0.7735274
vt 0.1990235 0.8435497
vt 0.2797424 0.7325144
vt 0.1870197 0.527449
vt 0.1870197 0.527449
vt 0.2797424 0.7325144
vt 0.3210624 0.5584589
vt 0.3217557 0.6244799
vt 0.3210624 0.5584589
vt 0.2797424 0.7325144
vt 0.2663702 0.7962996
vt 0.2773737 0.7562109
vt 0.3363924 0.7450052
vt 0.3363924 0.7450052
vt 0.3483963 0.8075052
vt 0.2663702 0.7962996
vt 0.375 0.0625
vt 0.375 0.0625
vt 0.375 0.05129441
vt 0.2870516 0.7915331
vt 0.3419895 0.800536
vt 0.3419895 0.6875
vt 0.3419895 0.6875
vt 0.2870516 0.6875
vt 0.2870516 0.7915331
vt 0.3551324 0.8900026
vt 0.1655583 0.7928451
vt 0.2449586 0.9409812
vt 0.2449586 0.9409812
vt 0.2449586 0.9409812
vt 0.3551324 0.8900026
vt 0.3067121 0.7932262
vt 0.3389885 0.8005661
vt 0.3259844 0.9601967
vt 0.3259844 0.9601967
vt 0.2994038 0.9545459
vt 0.3067121 0.7932262
vt 0.3440358 0.8005661
vt 0.3407399 0.8026047
vt 0.3380548 0.9586788
vt 0.3380548 0.9586788
vt 0.3424479 0.9582837
vt 0.3440358 0.8005661
vt 0.4928298 0.3102832
vt 0.4960662 0.2115506
vt 0.5246298 0.2054048
vt 0.5246298 0.2054048
vt 0.5085571 0.389332
vt 0.4928298 0.3102832
vt 0.4529891 0.3517382
vt 0.4792588 0.3378747
vt 0.4792588 0.4323988
vt 0.4792588 0.4323988
vt 0.4441668 0.4273576
vt 0.4529891 0.3517382
vt 0.6330454 0.3240111
vt 0.6103595 0.1752931
vt 0.6382033 0.3983701
vt 0.6382033 0.3983701
vt 0.6103595 0.1752931
vt 0.6646563 0.3719034
vt 0.6733757 0.300065
vt 0.6646563 0.3719034
vt 0.6103595 0.1752931
vt 0.4913435 0.3477924
vt 0.4923438 0.2948551
vt 0.5183521 0.2948551
vt 0.5183521 0.2948551
vt 0.5153511 0.3357886
vt 0.4913435 0.3477924
vt 0.6660131 0.4258969
vt 0.7374171 0.4489042
vt 0.7374171 0.441902
vt 0.7374171 0.441902
vt 0.6950223 0.416894
vt 0.6660131 0.4258969
vt 0.5424625 0.1897732
vt 0.5147353 0.3743931
vt 0.4710804 0.3798574
vt 0.4710804 0.3798574
vt 0.4836836 0.33345
vt 0.5424625 0.1897732
vt 0.6058025 0.09317388
vt 0.6323884 0.08576071
vt 0.6505221 0.1806094
vt 0.6505221 0.1806094
vt 0.6169232 0.152521
vt 0.6058025 0.09317388
vt 0.6590108 0.3188628
vt 0.6253815 0.3028577
vt 0.658392 0.3928863
vt 0.658392 0.3928863
vt 0.6920213 0.4018892
vt 0.6590108 0.3188628
vt 0.4618114 0.4311385
vt 0.4805191 0.4046717
vt 0.4805191 0.3315731
vt 0.4805191 0.3315731
vt 0.4618114 0.3403953
vt 0.4618114 0.4311385
vt 0.6169232 0.152521
vt 0.6505221 0.1806094
vt 0.6389126 0.3756843
vt 0.6389126 0.3756843
vt 0.6505221 0.1806094
vt 0.6572737 0.3567795
vt 0.6646701 0.3328334
vt 0.6572737 0.3567795
vt 0.6505221 0.1806094
vt 0.6694553 0.4058905
vt 0.7140284 0.4058905
vt 0.6699206 0.3608762
vt 0.6644537 0.3208635
vt 0.660659 0.3678784
vt 0.6840188 0.4068908
vt 0.6840188 0.4068908
vt 0.6840188 0.3278657
vt 0.6644537 0.3208635
vt 0.4710804 0.3798574
vt 0.5147353 0.3743931
vt 0.4797858 0.423055
vt 0.4797858 0.423055
vt 0.4473313 0.4410608
vt 0.4710804 0.3798574
vt 0.5491265 0.1810744
vt 0.5267931 0.1851315
vt 0.5227607 0.2173908
vt 0.5227607 0.2173908
vt 0.5407515 0.2269819
vt 0.5491265 0.1810744
vt 0.5397816 0.1600609
vt 0.5019718 0.1493482
vt 0.5196164 0.04033031
vt 0.5196164 0.04033031
vt 0.5460831 0.03906998
vt 0.5397816 0.1600609
vt 0.5246298 0.2054048
vt 0.5027637 0.2164083
vt 0.5019718 0.1493482
vt 0.5019718 0.1493482
vt 0.5397816 0.1600609
vt 0.5246298 0.2054048
vt 0.5407515 0.2269819
vt 0.5227607 0.2173908
vt 0.5122144 0.2459279
vt 0.5122144 0.2459279
vt 0.5072515 0.3234496
vt 0.5407515 0.2269819
vt 0.5424625 0.1897732
vt 0.4836836 0.33345
vt 0.5101503 0.2111987
vt 0.5101503 0.2111987
vt 0.5424625 0.1897732
vt 0.5424625 0.1897732
vt 0.6343057 0.712082
vt 0.6107465 0.764688
vt 0.6095656 0.7019994
vt 0.6107465 0.764688
vt 0.5813721 0.8362266
vt 0.6095656 0.7019994
vt 0.5548975 0.7776188
vt 0.6095656 0.7019994
vt 0.5813721 0.8362266
vt 0.5072515 0.3234496
vt 0.5122144 0.2459279
vt 0.496395 0.2887335
vt 0.496395 0.2887335
vt 0.4805755 0.3234496
vt 0.5072515 0.3234496
vt 0.6283871 0.06978357
vt 0.6103814 0.1978243
vt 0.675402 0.2778498
vt 0.675402 0.2778498
vt 0.6613976 0.1988246
vt 0.6283871 0.06978357
vt 0.5424625 0.1897732
vt 0.5101503 0.2111987
vt 0.5461003 0.04987748
vt 0.5461003 0.04987748
vt 0.5664086 0.05239812
vt 0.5424625 0.1897732
vt 0.5813721 0.7879325
vt 0.6043795 0.75
vt 0.5813721 0.75
vt 0.5813721 0.75
vt 0.5443603 0.7879325
vt 0.5813721 0.7879325
vt 0.8614613 0.8799618
vt 0.8894702 0.7820102
vt 0.7974409 0.7820102
vt 0.7974409 0.7820102
vt 0.7974409 0.8799618
vt 0.8614613 0.8799618
vt 0.8784667 0.7840108
vt 0.8014421 0.7840108
vt 0.8784667 0.863036
vt 0.8784667 0.863036
vt 0.8014421 0.7840108
vt 0.8014421 0.8560337
vt 0.8014421 0.7840108
vt 0.8014421 0.8560337
vt 0.8014421 0.7840108
vt 0.6463929 0.6859796
vt 0.5953766 0.6828991
vt 0.5723692 0.7639249
vt 0.5723692 0.7639249
vt 0.6633982 0.769006
vt 0.6463929 0.6859796
vt 0.8044431 0.7850112
vt 0.8784667 0.8450302
vt 0.8694637 0.75
vt 0.8694637 0.75
vt 0.8044431 0.75
vt 0.8044431 0.7850112
vt 0.6543954 0.8419498
vt 0.6193842 0.9190537
vt 0.5503623 0.9330583
vt 0.5503623 0.9330583
vt 0.5813721 0.8289456
vt 0.6543954 0.8419498
vt 0.6744416 0.7669657
vt 0.5783315 0.8159812
vt 0.5783315 0.9530248
vt 0.5783315 0.9530248
vt 0.713454 0.9020086
vt 0.6744416 0.7669657
vt 0.8784667 0.8689583
vt 0.8674632 0.75
vt 0.810445 0.75
vt 0.810445 0.75
vt 0.810445 0.8689583
vt 0.8784667 0.8689583
vt 0.5333568 0.9382986
vt 0.5553639 0.8912836
vt 0.587374 0.9222935
vt 0.587374 0.9222935
vt 0.5733696 0.9543037
vt 0.5333568 0.9382986
vt 0.04217396 0.6427656
vt 0.08818862 0.640583
vt 0.02468829 0.7047853
vt 0.08818862 0.640583
vt 0.1021931 0.7289702
vt 0.02468829 0.7047853
vt 0.1021931 0.7289702
vt 0.07518449 0.8107395
vt 0.02468829 0.7047853
vt 0.023688 0.8167413
vt 0.02468829 0.7047853
vt 0.07518449 0.8107395
vt 0.4222828 0.6127989
vt 0.4756715 0.625083
vt 0.4847105 0.5662462
vt 0.4847105 0.5662462
vt 0.4390621 0.565739
vt 0.4222828 0.6127989
vt 0.5121726 0.63837
vt 0.5960243 0.579033
vt 0.4756715 0.625083
vt 0.4756715 0.625083
vt 0.5960243 0.579033
vt 0.4847105 0.5662462
vt 0.5757628 0.5398772
vt 0.4847105 0.5662462
vt 0.5960243 0.579033
vt 0.03015019 0.5862079
vt 0.09265019 0.5882084
vt 0.09265019 0.6532291
vt 0.09265019 0.6532291
vt 0.03015019 0.6672336
vt 0.03015019 0.5862079
vt 0.03285665 0.226335
vt 0.1287186 0.2469747
vt 0.1425126 0.378711
vt 0.1425126 0.378711
vt 0.04100644 0.3790292
vt 0.03285665 0.226335
vt 0.5289081 0.6254802
vt 0.5185669 0.6073485
vt 0.4583993 0.5853527
vt 0.4583993 0.5853527
vt 0.4839709 0.6895669
vt 0.5289081 0.6254802
vt 0.4027883 0.6223959
vt 0.4639227 0.6237615
vt 0.4678925 0.5626271
vt 0.4678925 0.5626271
vt 0.4099339 0.5549098
vt 0.4027883 0.6223959
vt 0.4332941 0.6674738
vt 0.4660525 0.5574632
vt 0.4200964 0.6462288
vt 0.2998233 0.6109141
vt 0.280551 0.6343158
vt 0.3422647 0.6325836
vt 0.3422647 0.6325836
vt 0.3198297 0.6122736
vt 0.2998233 0.6109141
vt 0.3421079 0.6607603
vt 0.3382031 0.6365194
vt 0.3285232 0.6453241
vt 0.3285232 0.6453241
vt 0.3285232 0.6783002
vt 0.3421079 0.6607603
vt 0.3099793 0.5439344
vt 0.3179819 0.6705247
vt 0.3407652 0.6774244
vt 0.3407652 0.6774244
vt 0.3338602 0.5468291
vt 0.3099793 0.5439344
vt 0.2662253 0.7292533
vt 0.3387285 0.7142485
vt 0.3507324 0.5441943
vt 0.3507324 0.5441943
vt 0.271227 0.5351915
vt 0.2662253 0.7292533
vt 0.3237623 0.75
vt 0.340548 0.8026047
vt 0.3449904 0.8005661
vt 0.3449904 0.8005661
vt 0.330986 0.75
vt 0.3237623 0.75
vt 0.3429898 0.7562194
vt 0.3429898 0.6955045
vt 0.2859931 0.750342
vt 0.2859931 0.750342
vt 0.3429898 0.6955045
vt 0.2599634 0.6997027
vt 0.2979755 0.6776957
vt 0.2599634 0.6997027
vt 0.3429898 0.6955045
vt 0.3380548 0.9586788
vt 0.3407399 0.8026047
vt 0.3098958 0.8216818
vt 0.3098958 0.8216818
vt 0.3027503 0.9618537
vt 0.3380548 0.9586788
vt 0.1464367 0.6843241
vt 0.2320884 0.6605056
vt 0.2320884 0.6088986
vt 0.2320884 0.6088986
vt 0.1781121 0.6041349
vt 0.1464367 0.6843241
vt 0.4496316 0.6009591
vt 0.4131325 0.5625831
vt 0.5046096 0.6177684
vt 0.03400421 0.3790292
vt 0.1425126 0.378711
vt 0.1266611 0.4148721
vt 0.1266611 0.4148721
vt 0.05915942 0.4078698
vt 0.03400421 0.3790292
vt 0.5061657 0.6033582
vt 0.4131325 0.5735866
vt 0.5350848 0.5699177
vt 0.4131325 0.5735866
vt 0.5643988 0.5489457
vt 0.5350848 0.5699177
vt 0.6109687 0.5578855
vt 0.5350848 0.5699177
vt 0.5643988 0.5489457
vt 0.4131325 0.5735866
vt 0.5061657 0.6033582
vt 0.5046096 0.6177684
vt 0.1945079 0.563475
vt 0.2965404 0.6260148
vt 0.2939898 0.5557885
vt 0.2821745 0.9740713
vt 0.2631684 0.9242941
vt 0.3319863 0.9750715
vt 0.3319863 0.9750715
vt 0.2631684 0.9242941
vt 0.3489918 0.9927362
vt 0.3429898 0.9518506
vt 0.3489918 0.9927362
vt 0.2631684 0.9242941
vt 0.7625152 0.9524172
vt 0.6436571 0.6793302
vt 0.6589769 0.7258865
vt 0.6436571 0.6793302
vt 0.7625152 0.9524172
vt 0.7507869 0.6026981
vt 0.6436571 0.6731782
vt 0.5197613 0.6967217
vt 0.6589769 0.7258865
vt 0.2810019 0.9773622
vt 0.5182481 0.9198133
vt 0.3910196 0.734736
vt 0.9197031 0.778385
vt 0.9988643 0.8018448
vt 0.9995966 0.6211162
vt 0.9862553 0.5725125
vt 0.9326311 0.5232791
vt 0.9843953 0.6420957
vt 0.3412013 0.4929937
vt 0.3779804 0.6615112
vt 0.4107328 0.4581093
vt 0.9360731 0.3238252
vt 0.9745407 0.5336022
vt 1.000468 0.3270067
vt 0.9326311 0.5232791
vt 0.9772599 0.8739257
vt 0.9734358 0.6730086
vt 0.62657 0.5055063
vt 0.6436571 0.6793302
vt 0.7507869 0.6026981
vt 0.9326311 0.5232791
vt 0.9171185 0.6666419
vt 0.9446185 0.8977352
vt 0.09888287 0.5392631
vt 0.1090853 0.6491497
vt 0.3412013 0.4929937
vt 0.3412013 0.4929937
vt 0.1925822 0.8007017
vt 0.3779804 0.6615112
vt 0.1996114 0.368444
vt 0.3412013 0.4929937
vt 0.4363289 0.3868102
vt 0.9326311 0.5232791
vt 0.7507869 0.6026981
vt 0.9149654 0.6674374
vt 0.7678959 0.9524172
vt 0.6589769 0.7258865
vt 0.5182481 0.9198133
vt 0.5882788 0.3270548
vt 0.395814 0.3339828
vt 0.4363289 0.3868102
vt 0.1166325 0.7026185
vt 0.06055023 0.6835736
vt 0.1006408 0.8690767
vt 0.5120776 0.5904592
vt 0.5197613 0.6949352
vt 0.550758 0.5761883
vt 0.3779804 0.6584352
vt 0.3910196 0.734736
vt 0.5197613 0.6967217
vt 0.4733453 0.5842884
vt 0.3779804 0.6584352
vt 0.5197613 0.6967217
vt 0.7363037 0.4165095
vt 0.6621141 0.4736567
vt 0.7507869 0.6026981
vt 0.6265592 0.5039199
vt 0.5098963 0.4936739
vt 0.4332659 0.5013791
vt 0.5178254 0.4069252
vt 0.4107328 0.4581093
vt 0.5098963 0.4936739
vt 0.4733453 0.5842884
vt 0.5022944 0.5471697
vt 0.4332659 0.5013791
vt 0.550758 0.5761883
vt 0.6265592 0.5039199
vt 0.4332659 0.5013791
vt 0.4332659 0.5013791
vt 0.5022944 0.5471697
vt 0.550758 0.5761883
vt 0.4363289 0.3868102
vt 0.3412013 0.4929937
vt 0.3882926 0.4639892
vt 0.4107328 0.4581093
vt 0.3779804 0.6584352
vt 0.4733453 0.5842884
vt 0.5197613 0.6967217
vt 0.5182481 0.9198133
vt 0.6589769 0.7258865
vt 0.4363289 0.3868102
vt 0.5198145 0.4033754
vt 0.7363037 0.4165095
vt 0.3882926 0.4639892
vt 0.5198145 0.4033754
vt 0.4363289 0.3868102
vt 0.5199301 0.9757867
vt 0.5182481 0.9198133
vt 0.2810019 0.9773622
vt 0.5199301 0.9757867
vt 0.7678959 0.9524172
vt 0.5182481 0.9198133
vt 0.9196981 0.9883713
vt 0.8594059 0.9910612
vt 0.8604581 0.8407763
vt 0.8604581 0.8407763
vt 0.9190055 0.81846
vt 0.9196981 0.9883713
vt 0.5098963 0.4936739
vt 0.6265592 0.5039199
vt 0.6621141 0.4736567
vt 0.6621141 0.4736567
vt 0.5198145 0.4033754
vt 0.5098963 0.4936739
vt 0.6853278 0.3565661
vt 0.6645011 0.3293195
vt 0.6907035 0.370668
vt 0.550758 0.5761883
vt 0.6436571 0.6731782
vt 0.6265592 0.5039199
vt 0.0665428 0.7003201
vt 0.133148 0.7029599
vt 0.09888287 0.5392631
vt 0.6621141 0.4736567
vt 0.62657 0.5055063
vt 0.7507869 0.6026981
vt 0.9497651 0.3417733
vt 0.9326311 0.5232791
vt 0.9780049 0.5347084
vt 0.4363289 0.3868102
vt 0.7363037 0.4165095
vt 0.5882788 0.3270548
vt 0.003116902 0.3466966
vt 0.1114003 0.5413798
vt 0.3412013 0.4929937
vt 0.3412013 0.4929937
vt 0.1996114 0.368444
vt 0.003116902 0.3466966
vt 0.004269984 0.8271987
vt -0.000672481 0.9970819
vt 0.1458055 0.9943838
vt 0.1458055 0.9943838
vt 0.1006408 0.8690767
vt 0.004269984 0.8271987
vt 0.05121589 0.9035624
vt 0.1925822 0.8007017
vt 0.3412013 0.4929937
vt 0.3412013 0.4929937
vt 0.1090853 0.6491497
vt 0.05121589 0.9035624
vt 0.7363037 0.4165095
vt 0.9326311 0.5232791
vt 0.9497651 0.3417733
vt 0.9497651 0.3417733
vt 0.7600933 0.3566185
vt 0.7363037 0.4165095
vt 0.8651507 0.8140007
vt 0.8937675 0.9426484
vt 0.9446185 0.8977352
vt 0.1313392 0.9740632
vt 0.2185844 0.8974475
vt 0.133148 0.7029599
vt 0.133148 0.7029599
vt 0.0665428 0.7003201
vt 0.1313392 0.9740632
vt 0.5589367 0.9439727
vt 0.2547866 0.9451966
vt 0.3973251 0.9961864
vt 0.3973251 0.9961864
vt 0.552888 0.9919432
vt 0.5589367 0.9439727
vt 0.7507869 0.6026981
vt 0.7625152 0.9524172
vt 0.8937675 0.9426484
vt 0.8937675 0.9426484
vt 0.9149654 0.6674374
vt 0.7507869 0.6026981
vt 0.7048687 0.9971757
vt 0.7027319 0.9464605
vt 0.5589367 0.9439727
vt 0.5589367 0.9439727
vt 0.552888 0.9919432
vt 0.7048687 0.9971757
vt 0.9187765 0.9699482
vt 0.9958612 1.000032
vt 0.9956384 0.801477
vt 0.9956384 0.801477
vt 0.9228879 0.8499014
vt 0.9187765 0.9699482
vt 0.03433235 0.7328051
vt 0.0819028 0.7322453
vt 0.1025004 0.703267
vt 0.1025004 0.703267
vt 0.04691485 0.6671793
vt 0.03433235 0.7328051
vt 0.9734358 0.6730086
vt 0.9447349 0.7888905
vt 0.9956384 0.7887737
vt 0.05121589 0.9035624
vt 0.2319602 0.9777194
vt 0.1925822 0.8007017
vt -0.1028094 0.2971284
vt -0.05995937 0.4524237
vt -0.05914403 0.2548217
vt 0.4733453 0.5842884
vt 0.5197613 0.6949352
vt 0.5120776 0.5904592
vt 0.03757843 0.5377451
vt 0.1114003 0.5413798
vt 0.128512 0.3461352
vt 0.1805427 0.8002692
vt 0.2810019 0.9773622
vt 0.3910196 0.734736
vt 0.3910196 0.734736
vt 0.3794173 0.6615703
vt 0.1805427 0.8002692
vt 0.5120776 0.5972264
vt 0.5492082 0.588911
vt 0.4733453 0.5910555
vt 0.7363037 0.4165095
vt 0.7507869 0.6026981
vt 0.9326311 0.5232791
vt 0.6537 0.4717311
vt 0.7363037 0.4165095
vt 0.5198145 0.4033754
vt 0.413111 0.4659877
vt 0.4733453 0.5910555
vt 0.4357073 0.5013791
vt 0.4107328 0.4581093
vt 0.4332659 0.5013791
vt 0.5098963 0.4936739
vt 0.5182481 0.9198133
vt 0.5197613 0.6967217
vt 0.3910196 0.734736
vt 0.550758 0.5761883
vt 0.5022944 0.5471697
vt 0.4733453 0.5842884
vt 0.5197613 0.6967217
vt 0.6436571 0.6731782
vt 0.550758 0.5761883
vn 0.3967067 0.9829364 0.2340381
vn 0.9745014 0.2091554 0.2660619
vn 0.4237884 0.8765991 0.4593985
vn 0.9745014 0.2091554 0.2660619
vn 0.706408 -0.1514435 0.7454904
vn 0.4237884 0.8765991 0.4593985
vn 0.7732114 0.05673319 -0.6857811
vn 0.4237884 0.8765991 0.4593985
vn -0.005760611 9.536743E-07 -1.044816
vn 0.3967067 0.9829364 0.2340381
vn 0.4237884 0.8765991 0.4593985
vn -0.4800482 0.8999398 0.3468193
vn -0.4800482 0.8999398 0.3468193
vn -0.5186521 0.9357593 0.146017
vn 0.3967067 0.9829364 0.2340381
vn -0.01360804 -0.000607729 1.044766
vn -0.9783135 0.3359397 0.02178359
vn -0.9124216 -0.1151616 0.468351
vn -0.9124216 -0.1151616 0.468351
vn -0.9783135 0.3359397 0.02178359
vn -1.019606 -0.1059907 0.08470628
vn -0.9783135 0.3359397 0.02178359
vn -0.9722108 0.3165989 0.1552645
vn -1.019606 -0.1059907 0.08470628
vn -1.019606 -0.1059907 0.08470628
vn -0.9722108 0.3165989 0.1552645
vn -0.9064872 -0.04824528 0.4903091
vn -0.9064872 -0.04824528 0.4903091
vn -0.9722108 0.3165989 0.1552645
vn -0.7992411 -0.1951215 0.6300758
vn -0.7992411 -0.1951215 0.6300758
vn -0.9722108 0.3165989 0.1552645
vn -0.9237483 -0.0569362 0.4543927
vn -0.9423912 0.4095535 0.1475575
vn -0.9237483 -0.0569362 0.4543927
vn -0.9722108 0.3165989 0.1552645
vn -0.9783135 0.3359397 0.02178359
vn -0.01360804 -0.000607729 1.044766
vn -0.2298024 -0.004228592 1.018398
vn -0.9237483 -0.0569362 0.4543927
vn -0.9423912 0.4095535 0.1475575
vn -0.9344863 -0.0120084 0.4343348
vn -0.9423912 0.4095535 0.1475575
vn -0.8617777 0.519343 0.2817719
vn -0.9344863 -0.0120084 0.4343348
vn -1.021919 -0.04579216 0.102534
vn -0.9344863 -0.0120084 0.4343348
vn -0.8617777 0.519343 0.2817719
vn 0.5667458 -0.1847335 0.8537602
vn -0.7992411 -0.1951215 0.6300758
vn -0.9237483 -0.0569362 0.4543927
vn -0.9237483 -0.0569362 0.4543927
vn 0.706408 -0.1514435 0.7454904
vn 0.5667458 -0.1847335 0.8537602
vn 0.99067 -0.07819237 0.2681901
vn 0.5667458 -0.1847335 0.8537602
vn 0.706408 -0.1514435 0.7454904
vn 0.706408 -0.1514435 0.7454904
vn 0.9745014 0.2091554 0.2660619
vn 0.99067 -0.07819237 0.2681901
vn 1.008064 -0.0363321 0.20083
vn 0.5220888 -0.03502452 0.8993994
vn 0.5667458 -0.1847335 0.8537602
vn 0.5667458 -0.1847335 0.8537602
vn 0.99067 -0.07819237 0.2681901
vn 1.008064 -0.0363321 0.20083
vn 0.5220888 -0.03502452 0.8993994
vn -0.9064872 -0.04824528 0.4903091
vn -0.7992411 -0.1951215 0.6300758
vn -0.7992411 -0.1951215 0.6300758
vn 0.5667458 -0.1847335 0.8537602
vn 0.5220888 -0.03502452 0.8993994
vn -0.5445892 -0.1774407 -0.8699045
vn -0.5927759 -0.05947405 0.8516951
vn -0.9124216 -0.1151616 0.468351
vn -0.9124216 -0.1151616 0.468351
vn -1.019606 -0.1059907 0.08470628
vn -0.5445892 -0.1774407 -0.8699045
vn -0.5445892 -0.1774407 -0.8699045
vn -1.019606 -0.1059907 0.08470628
vn -0.8144179 -0.09590024 -0.6308187
vn -1.019606 -0.1059907 0.08470628
vn -0.9064872 -0.04824528 0.4903091
vn -0.8144179 -0.09590024 -0.6308187
vn -0.9064872 -0.04824528 0.4903091
vn -0.8873478 0.009632707 0.5271695
vn -0.8144179 -0.09590024 -0.6308187
vn -0.628256 0.08719867 0.8227596
vn -0.8144179 -0.09590024 -0.6308187
vn -0.8873478 0.009632707 0.5271695
vn 1.010508 -0.1928208 -0.05275849
vn 0.566479 0.1529013 0.8596132
vn 0.5220888 -0.03502452 0.8993994
vn 0.5220888 -0.03502452 0.8993994
vn 1.008064 -0.0363321 0.20083
vn 1.010508 -0.1928208 -0.05275849
vn -0.5186521 0.9357593 0.146017
vn -0.9722108 0.3165989 0.1552645
vn -0.9783135 0.3359397 0.02178359
vn -0.9783135 0.3359397 0.02178359
vn -0.5520416 0.9264911 0.0003043413
vn -0.5186521 0.9357593 0.146017
vn -0.4800482 0.8999398 0.3468193
vn -0.9423912 0.4095535 0.1475575
vn -0.9722108 0.3165989 0.1552645
vn -0.9722108 0.3165989 0.1552645
vn -0.5186521 0.9357593 0.146017
vn -0.4800482 0.8999398 0.3468193
vn 0.8940927 -0.5417324 -0.0001779199
vn 1.010508 -0.1928208 -0.05275849
vn 1.008064 -0.0363321 0.20083
vn 1.008064 -0.0363321 0.20083
vn 1.027047 -0.04206321 -1.38171E-05
vn 0.8940927 -0.5417324 -0.0001779199
vn 1.027047 -0.04206321 -1.38171E-05
vn 1.008064 -0.0363321 0.20083
vn 0.99067 -0.07819237 0.2681901
vn 0.99067 -0.07819237 0.2681901
vn 1.023474 -0.1006894 -3.308058E-05
vn 1.027047 -0.04206321 -1.38171E-05
vn 1.023474 -0.1006894 -3.308058E-05
vn 0.99067 -0.07819237 0.2681901
vn 0.9745014 0.2091554 0.2660619
vn 0.9745014 0.2091554 0.2660619
vn 1.012632 0.188008 6.176531E-05
vn 1.023474 -0.1006894 -3.308058E-05
vn 0.5799838 -0.701659 -0.5464149
vn -0.5445892 -0.1774407 -0.8699045
vn 1.010508 -0.1928208 -0.05275849
vn 1.010508 -0.1928208 -0.05275849
vn 0.8940927 -0.5417324 -0.0001779199
vn 0.5799838 -0.701659 -0.5464149
vn 0.6102067 0.8838444 0.0002903342
vn 0.3967067 0.9829364 0.2340381
vn -0.5186521 0.9357593 0.146017
vn -0.5186521 0.9357593 0.146017
vn -0.5520416 0.9264911 0.0003043413
vn 0.6102067 0.8838444 0.0002903342
vn 1.012632 0.188008 6.176531E-05
vn 0.9745014 0.2091554 0.2660619
vn 0.3967067 0.9829364 0.2340381
vn 0.3967067 0.9829364 0.2340381
vn 0.6102067 0.8838444 0.0002903342
vn 1.012632 0.188008 6.176531E-05
vn 0.7683958 -0.1622157 -0.6765536
vn 0.6429269 -0.1039341 -0.8091756
vn 0.8373923 -0.1085528 0.5969691
vn 0.8373923 -0.1085528 0.5969691
vn 0.8437063 -0.1296282 0.5838319
vn 0.7683958 -0.1622157 -0.6765536
vn -0.4402181 -0.1163848 -0.9376532
vn -0.02588529 -0.1563759 -1.03388
vn 0.01502874 0.03835404 -1.044109
vn 0.01502874 0.03835404 -1.044109
vn -0.02588529 -0.1563759 -1.03388
vn 1.010508 -0.1928208 -0.05275849
vn 0.6770523 0.003018439 -0.786117
vn 1.010508 -0.1928208 -0.05275849
vn -0.02588529 -0.1563759 -1.03388
vn 0.6770523 0.003018439 -0.786117
vn -0.02588529 -0.1563759 -1.03388
vn -0.8225938 -0.03996909 -0.6252818
vn 0.6770523 0.003018439 -0.786117
vn 0.8316905 0.03729075 0.6128724
vn 1.010508 -0.1928208 -0.05275849
vn 0.8316905 0.03729075 0.6128724
vn 0.6471617 -0.01060414 0.8116603
vn 1.010508 -0.1928208 -0.05275849
vn 0.566479 0.1529013 0.8596132
vn 1.010508 -0.1928208 -0.05275849
vn 0.6471617 -0.01060414 0.8116603
vn 0.566479 0.1529013 0.8596132
vn 0.6471617 -0.01060414 0.8116603
vn 0.004123716 -0.0147593 1.044756
vn 0.004123716 -0.0147593 1.044756
vn -0.195444 0.1265568 1.018704
vn 0.566479 0.1529013 0.8596132
vn 0.806568 0.1610441 0.6292341
vn 0.2924205 0.7048259 0.7441816
vn 0.01784802 0.510362 0.9250367
vn 0.01784802 0.510362 0.9250367
vn 0.2184012 0.09381306 1.017089
vn 0.806568 0.1610441 0.6292341
vn -1.009743 0.0680152 -0.1839549
vn -0.9168208 0.2714809 0.395402
vn -0.4214741 0.3838869 -0.8802185
vn -0.8779413 0.1305683 0.5288904
vn -0.3901146 0.3437333 0.909685
vn -0.9168208 0.2714809 0.395402
vn -0.4214741 0.3838869 -0.8802185
vn -0.9168208 0.2714809 0.395402
vn -0.3901146 0.3437333 0.909685
vn 0.8437063 -0.1296282 0.5838319
vn 0.8373923 -0.1085528 0.5969691
vn 0.2184012 0.09381306 1.017089
vn 0.2184012 0.09381306 1.017089
vn 0.1191292 0.0655123 1.035943
vn 0.8437063 -0.1296282 0.5838319
vn 0.01502874 0.03835404 -1.044109
vn 1.010508 -0.1928208 -0.05275849
vn -0.5445892 -0.1774407 -0.8699045
vn -0.5445892 -0.1774407 -0.8699045
vn -0.4402181 -0.1163848 -0.9376532
vn 0.01502874 0.03835404 -1.044109
vn -0.5445892 -0.1774407 -0.8699045
vn -0.8144179 -0.09590024 -0.6308187
vn -0.4402181 -0.1163848 -0.9376532
vn -0.8144179 -0.09590024 -0.6308187
vn -0.8225938 -0.03996909 -0.6252818
vn -0.4402181 -0.1163848 -0.9376532
vn -0.02588529 -0.1563759 -1.03388
vn -0.4402181 -0.1163848 -0.9376532
vn -0.8225938 -0.03996909 -0.6252818
vn -1.009743 0.0680152 -0.1839549
vn -0.8225938 -0.03996909 -0.6252818
vn -0.8779413 0.1305683 0.5288904
vn -0.8779413 0.1305683 0.5288904
vn -0.9168208 0.2714809 0.395402
vn -1.009743 0.0680152 -0.1839549
vn -0.4214741 0.3838869 -0.8802185
vn -0.8225938 -0.03996909 -0.6252818
vn 0.9031614 -0.02024055 -0.4983564
vn -0.8225938 -0.03996909 -0.6252818
vn -0.4214741 0.3838869 -0.8802185
vn 0.7683958 -0.1622157 -0.6765536
vn 0.7683958 -0.1622157 -0.6765536
vn 0.6770523 0.003018439 -0.786117
vn -0.8225938 -0.03996909 -0.6252818
vn 0.01188529 0.09455407 1.040909
vn -0.3901146 0.3437333 0.909685
vn -0.8779413 0.1305683 0.5288904
vn -0.8779413 0.1305683 0.5288904
vn -0.1907408 0.06128192 1.025052
vn 0.01188529 0.09455407 1.040909
vn 0.1191292 0.0655123 1.035943
vn 0.01188529 0.09455407 1.040909
vn -0.1907408 0.06128192 1.025052
vn -0.1907408 0.06128192 1.025052
vn 0.05325265 0.02590227 1.043164
vn 0.1191292 0.0655123 1.035943
vn 0.05325265 0.02590227 1.043164
vn -0.1907408 0.06128192 1.025052
vn -0.628256 0.08719867 0.8227596
vn -0.628256 0.08719867 0.8227596
vn 0.004123716 -0.0147593 1.044756
vn 0.05325265 0.02590227 1.043164
vn -0.8617777 0.519343 0.2817719
vn -0.7538445 0.2744615 0.6594205
vn -0.7499852 0.1810578 0.6931089
vn -0.7499852 0.1810578 0.6931089
vn -1.021919 -0.04579216 0.102534
vn -0.8617777 0.519343 0.2817719
vn -0.4800482 0.8999398 0.3468193
vn -0.4290767 0.9354913 0.3302839
vn -0.8617777 0.519343 0.2817719
vn -0.8617777 0.519343 0.2817719
vn -0.9423912 0.4095535 0.1475575
vn -0.4800482 0.8999398 0.3468193
vn 0.7732114 0.05673319 -0.6857811
vn 0.871266 -0.1441258 -0.5364648
vn 0.9365975 0.2350849 0.3686726
vn 0.871266 -0.1441258 -0.5364648
vn 0.6806185 -0.3818651 -0.6933198
vn 0.9365975 0.2350849 0.3686726
vn 1.026425 -0.02003556 0.05056096
vn 0.9365975 0.2350849 0.3686726
vn 0.6806185 -0.3818651 -0.6933198
vn 0.0009295484 -0.2447902 -1.018547
vn -0.002289642 -0.3757967 -0.9817653
vn 0.6806185 -0.3818651 -0.6933198
vn 0.6806185 -0.3818651 -0.6933198
vn 0.871266 -0.1441258 -0.5364648
vn 0.0009295484 -0.2447902 -1.018547
vn 0.4237884 0.8765991 0.4593985
vn 0.3668315 0.8840761 0.4957507
vn -0.4290767 0.9354913 0.3302839
vn -0.4290767 0.9354913 0.3302839
vn -0.4800482 0.8999398 0.3468193
vn 0.4237884 0.8765991 0.4593985
vn -0.05984492 0.3542967 0.9870928
vn -0.7499852 0.1810578 0.6931089
vn -0.7538445 0.2744615 0.6594205
vn -0.7538445 0.2744615 0.6594205
vn 0.02981189 0.4007708 0.9723514
vn -0.05984492 0.3542967 0.9870928
vn 1.026425 -0.02003556 0.05056096
vn 0.7339752 -0.3223237 -0.6640513
vn 1.025681 -0.03825336 0.05634781
vn 1.025681 -0.03825336 0.05634781
vn 1.027769 0.001001263 -0.004984524
vn 1.026425 -0.02003556 0.05056096
vn 0.3668315 0.8840761 0.4957507
vn 0.4777495 0.7835581 0.5486386
vn -0.4929858 0.8675669 0.3984206
vn -0.4929858 0.8675669 0.3984206
vn -0.4290767 0.9354913 0.3302839
vn 0.3668315 0.8840761 0.4957507
vn -0.4290767 0.9354913 0.3302839
vn -0.4929858 0.8675669 0.3984206
vn -0.7538445 0.2744615 0.6594205
vn -0.7538445 0.2744615 0.6594205
vn -0.8617777 0.519343 0.2817719
vn -0.4290767 0.9354913 0.3302839
vn 0.9365975 0.2350849 0.3686726
vn 1.026425 -0.02003556 0.05056096
vn 0.4777495 0.7835581 0.5486386
vn 0.4777495 0.7835581 0.5486386
vn 1.026425 -0.02003556 0.05056096
vn 1.024036 0.02308508 -0.08530824
vn 1.027769 0.001001263 -0.004984524
vn 1.024036 0.02308508 -0.08530824
vn 1.026425 -0.02003556 0.05056096
vn 0.3668315 0.8840761 0.4957507
vn 0.9365975 0.2350849 0.3686726
vn 0.4777495 0.7835581 0.5486386
vn 0.9365975 0.2350849 0.3686726
vn 0.3668315 0.8840761 0.4957507
vn 0.4237884 0.8765991 0.4593985
vn 0.4237884 0.8765991 0.4593985
vn 0.7732114 0.05673319 -0.6857811
vn 0.9365975 0.2350849 0.3686726
vn -0.7538445 0.2744615 0.6594205
vn -0.4929858 0.8675669 0.3984206
vn 0.4777495 0.7835581 0.5486386
vn 0.4777495 0.7835581 0.5486386
vn 0.02981189 0.4007708 0.9723514
vn -0.7538445 0.2744615 0.6594205
vn -0.002289642 -0.3757967 -0.9817653
vn 0.02982227 -0.4312262 -0.9604675
vn -0.002025524 -0.4737998 -0.9426436
vn -0.002025524 -0.4737998 -0.9426436
vn 0.6806185 -0.3818651 -0.6933198
vn -0.002289642 -0.3757967 -0.9817653
vn -0.7208151 0.2080911 0.7180393
vn -0.7216232 0.09728795 0.7382387
vn -1.023296 -0.09431829 0.03872598
vn -1.023296 -0.09431829 0.03872598
vn -1.011698 -0.1013104 0.1570134
vn -0.7208151 0.2080911 0.7180393
vn -0.7499852 0.1810578 0.6931089
vn -0.7208151 0.2080911 0.7180393
vn -1.011698 -0.1013104 0.1570134
vn -1.011698 -0.1013104 0.1570134
vn -1.021919 -0.04579216 0.102534
vn -0.7499852 0.1810578 0.6931089
vn 0.02982227 -0.4312262 -0.9604675
vn 0.03148337 -0.4043747 -0.9709432
vn 0.7339752 -0.3223237 -0.6640513
vn 0.7339752 -0.3223237 -0.6640513
vn -0.002025524 -0.4737998 -0.9426436
vn 0.02982227 -0.4312262 -0.9604675
vn -0.05984492 0.3542967 0.9870928
vn -0.08957981 0.385336 0.9742008
vn -0.7208151 0.2080911 0.7180393
vn -0.7208151 0.2080911 0.7180393
vn -0.7499852 0.1810578 0.6931089
vn -0.05984492 0.3542967 0.9870928
vn -1.025655 -0.04731799 0.05029427
vn -1.023296 -0.09431829 0.03872598
vn -0.9479887 -0.1471829 -0.3786392
vn -1.023296 -0.09431829 0.03872598
vn -0.7216232 0.09728795 0.7382387
vn -0.9479887 -0.1471829 -0.3786392
vn -0.8437327 0.07943475 0.5918699
vn -0.9479887 -0.1471829 -0.3786392
vn -0.7216232 0.09728795 0.7382387
vn 0.03148337 -0.4043747 -0.9709432
vn 0.0707332 -0.2655787 -1.011302
vn 0.6274794 -0.1887038 -0.8078351
vn 0.6274794 -0.1887038 -0.8078351
vn 0.7339752 -0.3223237 -0.6640513
vn 0.03148337 -0.4043747 -0.9709432
vn 0.7339752 -0.3223237 -0.6640513
vn 0.6274794 -0.1887038 -0.8078351
vn 0.956154 -0.1587628 -0.3522679
vn 0.956154 -0.1587628 -0.3522679
vn 1.025681 -0.03825336 0.05634781
vn 0.7339752 -0.3223237 -0.6640513
vn -0.08957981 0.385336 0.9742008
vn -0.04149612 0.2019975 1.02617
vn -0.7216232 0.09728795 0.7382387
vn -0.7216232 0.09728795 0.7382387
vn -0.7208151 0.2080911 0.7180393
vn -0.08957981 0.385336 0.9742008
vn 0.05339964 -0.7199156 0.7872581
vn 0.07429069 -0.7305816 0.7765428
vn 0.0567859 -0.7216733 0.7855551
vn 0.0567859 -0.7216733 0.7855551
vn 0.03426592 -0.7097753 0.7966354
vn 0.05339964 -0.7199156 0.7872581
vn 0.0707332 -0.2655787 -1.011302
vn 0.1535765 0.1105732 -1.027759
vn 0.4466305 0.1132126 -0.9348667
vn 0.4466305 0.1132126 -0.9348667
vn 0.6274794 -0.1887038 -0.8078351
vn 0.0707332 -0.2655787 -1.011302
vn 0.4466305 0.1132126 -0.9348667
vn 0.8608235 -0.03079474 -0.5701355
vn 0.6274794 -0.1887038 -0.8078351
vn 0.6274794 -0.1887038 -0.8078351
vn 0.8608235 -0.03079474 -0.5701355
vn 0.956154 -0.1587628 -0.3522679
vn 0.8476036 0.03865761 -0.5898315
vn 0.956154 -0.1587628 -0.3522679
vn 0.8608235 -0.03079474 -0.5701355
vn -0.04149612 0.2019975 1.02617
vn -0.02606272 0.1218007 1.038076
vn -0.8437327 0.07943475 0.5918699
vn -0.8437327 0.07943475 0.5918699
vn -0.7216232 0.09728795 0.7382387
vn -0.04149612 0.2019975 1.02617
vn 0.8608235 -0.03079474 -0.5701355
vn 0.4655094 -0.2017084 -0.9115698
vn 0.8195821 -0.04012942 -0.6293466
vn 0.8195821 -0.04012942 -0.6293466
vn 0.8476036 0.03865761 -0.5898315
vn 0.8608235 -0.03079474 -0.5701355
vn -0.667026 -0.7420102 -0.365622
vn -0.4973982 -0.657108 0.6673103
vn -0.08376805 -0.3320828 0.9923115
vn -0.08376805 -0.3320828 0.9923115
vn -0.3781065 -0.5779532 0.8010652
vn -0.667026 -0.7420102 -0.365622
vn -0.02606272 0.1218007 1.038076
vn -0.08376805 -0.3320828 0.9923115
vn -0.4973982 -0.657108 0.6673103
vn -0.4973982 -0.657108 0.6673103
vn -0.8437327 0.07943475 0.5918699
vn -0.02606272 0.1218007 1.038076
vn -0.9479887 -0.1471829 -0.3786392
vn -0.667026 -0.7420102 -0.365622
vn 0.4655094 -0.2017084 -0.9115698
vn 0.4655094 -0.2017084 -0.9115698
vn 0.8608235 -0.03079474 -0.5701355
vn -0.9479887 -0.1471829 -0.3786392
vn -0.8437327 0.07943475 0.5918699
vn -0.4973982 -0.657108 0.6673103
vn -0.667026 -0.7420102 -0.365622
vn -0.667026 -0.7420102 -0.365622
vn -0.9479887 -0.1471829 -0.3786392
vn -0.8437327 0.07943475 0.5918699
vn -0.2447722 -1.064157 -0.0709877
vn -0.07799019 -1.03504 -0.3405628
vn -0.1546618 -1.085731 -0.01630139
vn -0.1546618 -1.085731 -0.01630139
vn -0.07799019 -1.03504 -0.3405628
vn 0.09410781 -1.093024 0.03814673
vn 0.09410781 -1.093024 0.03814673
vn -0.07799019 -1.03504 -0.3405628
vn 0.0569517 -1.095657 -0.04518032
vn 0.03846372 -1.094154 -0.08271122
vn 0.0569517 -1.095657 -0.04518032
vn -0.07799019 -1.03504 -0.3405628
vn 0.2184012 0.09381306 1.017089
vn 0.01784802 0.510362 0.9250367
vn -0.135247 0.3471507 0.9817172
vn -0.135247 0.3471507 0.9817172
vn 0.003564693 0.1504902 1.034998
vn 0.2184012 0.09381306 1.017089
vn -0.255794 0.6044357 0.8327656
vn 0.003564693 0.1504902 1.034998
vn -0.4538245 0.6917561 0.6677174
vn 0.003564693 0.1504902 1.034998
vn -0.135247 0.3471507 0.9817172
vn -0.4538245 0.6917561 0.6677174
vn -0.6200814 0.5455149 0.6519703
vn -0.4538245 0.6917561 0.6677174
vn -0.135247 0.3471507 0.9817172
vn 0.6222265 -0.5676735 -0.6324469
vn -0.07799019 -1.03504 -0.3405628
vn -0.2447722 -1.064157 -0.0709877
vn -0.2447722 -1.064157 -0.0709877
vn -0.02346126 -1.094441 -0.08504939
vn 0.6222265 -0.5676735 -0.6324469
vn -0.255794 0.6044357 0.8327656
vn -0.4538245 0.6917561 0.6677174
vn -0.6196049 0.7651843 -0.406359
vn -0.6196049 0.7651843 -0.406359
vn -0.4214741 0.3838869 -0.8802185
vn -0.255794 0.6044357 0.8327656
vn -0.4214741 0.3838869 -0.8802185
vn -0.6196049 0.7651843 -0.406359
vn -0.249425 -0.371399 -0.9500581
vn -0.249425 -0.371399 -0.9500581
vn 0.01964303 0.02151251 -1.044467
vn -0.4214741 0.3838869 -0.8802185
vn 0.6429269 -0.1039341 -0.8091756
vn 0.6222265 -0.5676735 -0.6324469
vn 0.806568 0.1610441 0.6292341
vn 0.806568 0.1610441 0.6292341
vn 0.8373923 -0.1085528 0.5969691
vn 0.6429269 -0.1039341 -0.8091756
vn 0.806568 0.1610441 0.6292341
vn 0.2184012 0.09381306 1.017089
vn 0.8373923 -0.1085528 0.5969691
vn 0.2184012 0.09381306 1.017089
vn 0.003564693 0.1504902 1.034998
vn 0.01188529 0.09455407 1.040909
vn 0.01188529 0.09455407 1.040909
vn 0.1191292 0.0655123 1.035943
vn 0.2184012 0.09381306 1.017089
vn 0.003564693 0.1504902 1.034998
vn -0.255794 0.6044357 0.8327656
vn -0.3901146 0.3437333 0.909685
vn -0.3901146 0.3437333 0.909685
vn 0.01188529 0.09455407 1.040909
vn 0.003564693 0.1504902 1.034998
vn 0.8316905 0.03729075 0.6128724
vn 0.8437063 -0.1296282 0.5838319
vn 0.1191292 0.0655123 1.035943
vn 0.1191292 0.0655123 1.035943
vn 0.05325265 0.02590227 1.043164
vn 0.8316905 0.03729075 0.6128724
vn 0.6770523 0.003018439 -0.786117
vn 0.7683958 -0.1622157 -0.6765536
vn 0.8437063 -0.1296282 0.5838319
vn 0.8437063 -0.1296282 0.5838319
vn 0.8316905 0.03729075 0.6128724
vn 0.6770523 0.003018439 -0.786117
vn 0.6471617 -0.01060414 0.8116603
vn 0.8316905 0.03729075 0.6128724
vn 0.05325265 0.02590227 1.043164
vn 0.05325265 0.02590227 1.043164
vn 0.004123716 -0.0147593 1.044756
vn 0.6471617 -0.01060414 0.8116603
vn -0.8225938 -0.03996909 -0.6252818
vn -0.8144179 -0.09590024 -0.6308187
vn -0.8779413 0.1305683 0.5288904
vn -0.8144179 -0.09590024 -0.6308187
vn -0.628256 0.08719867 0.8227596
vn -0.8779413 0.1305683 0.5288904
vn -0.1907408 0.06128192 1.025052
vn -0.8779413 0.1305683 0.5288904
vn -0.628256 0.08719867 0.8227596
vn -0.628256 0.08719867 0.8227596
vn -0.8873478 0.009632707 0.5271695
vn -0.195444 0.1265568 1.018704
vn -0.195444 0.1265568 1.018704
vn 0.004123716 -0.0147593 1.044756
vn -0.628256 0.08719867 0.8227596
vn -0.4214741 0.3838869 -0.8802185
vn 0.01964303 0.02151251 -1.044467
vn 0.6429269 -0.1039341 -0.8091756
vn 0.6429269 -0.1039341 -0.8091756
vn 0.7683958 -0.1622157 -0.6765536
vn -0.4214741 0.3838869 -0.8802185
vn 0.6222265 -0.5676735 -0.6324469
vn 0.6429269 -0.1039341 -0.8091756
vn 0.01964303 0.02151251 -1.044467
vn -0.4538245 0.6917561 0.6677174
vn -0.6200814 0.5455149 0.6519703
vn -0.8150688 0.5080544 0.4142207
vn -0.8150688 0.5080544 0.4142207
vn -0.6196049 0.7651843 -0.406359
vn -0.4538245 0.6917561 0.6677174
vn -0.249425 -0.371399 -0.9500581
vn 0.6222265 -0.5676735 -0.6324469
vn 0.01964303 0.02151251 -1.044467
vn -0.249425 -0.371399 -0.9500581
vn -0.6196049 0.7651843 -0.406359
vn 0.6222265 -0.5676735 -0.6324469
vn 0.6222265 -0.5676735 -0.6324469
vn -0.6196049 0.7651843 -0.406359
vn -0.07799019 -1.03504 -0.3405628
vn 0.06771008 0.2370269 -1.017915
vn -0.07799019 -1.03504 -0.3405628
vn -0.6196049 0.7651843 -0.406359
vn -0.255794 0.6044357 0.8327656
vn -0.4214741 0.3838869 -0.8802185
vn -0.3901146 0.3437333 0.909685
vn 0.5220888 -0.03502452 0.8993994
vn 0.566479 0.1529013 0.8596132
vn -0.9064872 -0.04824528 0.4903091
vn 0.566479 0.1529013 0.8596132
vn -0.195444 0.1265568 1.018704
vn -0.9064872 -0.04824528 0.4903091
vn -0.8873478 0.009632707 0.5271695
vn -0.9064872 -0.04824528 0.4903091
vn -0.195444 0.1265568 1.018704
vn 0.7619624 0.08817548 0.696187
vn 0.7159255 -0.1671726 0.7326229
vn 0.4200008 0.8774308 -0.4612289
vn 0.7025465 -0.1500376 -0.7491782
vn 0.9739808 0.2097851 -0.2674273
vn 0.4200008 0.8774308 -0.4612289
vn 0.3967067 0.9831061 -0.2333922
vn 0.4200008 0.8774308 -0.4612289
vn 0.9739808 0.2097851 -0.2674273
vn 0.3967067 0.9831061 -0.2333922
vn -0.5187019 0.9358461 -0.1453521
vn -0.4835154 0.8992556 -0.3439992
vn -0.4835154 0.8992556 -0.3439992
vn 0.4200008 0.8774308 -0.4612289
vn 0.3967067 0.9831061 -0.2333922
vn -0.8655455 -0.08674568 -0.5573853
vn -0.9473467 0.3937864 -0.1546054
vn -0.07826736 -0.2203476 -1.020519
vn -0.2044339 0.1996921 1.006206
vn -0.2044339 0.1996922 1.006206
vn -0.2044338 0.1996921 1.006206
vn -0.9473467 0.3937864 -0.1546054
vn -0.9688663 0.3112879 -0.1841856
vn -1.007736 -0.1020323 0.1810762
vn -1.007736 -0.1020323 0.1810762
vn -0.9688663 0.3112879 -0.1841856
vn -1.01424 -0.1392322 -0.105249
vn -1.01424 -0.1392322 -0.105249
vn -0.9688663 0.3112879 -0.1841856
vn -0.9199667 -0.156788 -0.4413845
vn -0.9199667 -0.156788 -0.4413845
vn -0.9688663 0.3112879 -0.1841856
vn -1.023086 -0.04193264 -0.09166446
vn -0.9688663 0.3112879 -0.1841856
vn -0.9783135 0.3359397 0.02178359
vn -1.023086 -0.04193264 -0.09166446
vn -0.2298025 -0.003489137 -1.018401
vn -0.2298024 -0.003489137 -1.018401
vn -0.2298025 -0.003489137 -1.018401
vn -1.022062 -0.04617238 -0.1011474
vn -0.8655449 0.5171717 -0.2746824
vn -0.9366484 -0.01320374 -0.4300009
vn -0.9366484 -0.01320374 -0.4300009
vn -0.8655449 0.5171717 -0.2746824
vn -0.8655455 -0.08674568 -0.5573853
vn -0.9473467 0.3937864 -0.1546054
vn -0.8655455 -0.08674568 -0.5573853
vn -0.8655449 0.5171717 -0.2746824
vn 0.5666384 -0.1840988 -0.8539519
vn 0.7025465 -0.1500376 -0.7491782
vn -0.8655455 -0.08674568 -0.5573853
vn -0.8655455 -0.08674568 -0.5573853
vn -0.07826736 -0.2203476 -1.020519
vn 0.5666384 -0.1840988 -0.8539519
vn 0.9906573 -0.0779832 -0.26829
vn 0.9739808 0.2097851 -0.2674273
vn 0.7025465 -0.1500376 -0.7491782
vn 0.7025465 -0.1500376 -0.7491782
vn 0.5666384 -0.1840988 -0.8539519
vn 0.9906573 -0.0779832 -0.26829
vn 1.008064 -0.03618629 -0.2008537
vn 0.9906573 -0.0779832 -0.26829
vn 0.5666384 -0.1840988 -0.8539519
vn 0.5666384 -0.1840988 -0.8539519
vn 0.5220887 -0.03437167 -0.8994222
vn 1.008064 -0.03618629 -0.2008537
vn 0.5220887 -0.03437167 -0.8994222
vn 0.5666384 -0.1840988 -0.8539519
vn -0.07826736 -0.2203476 -1.020519
vn -0.07826736 -0.2203476 -1.020519
vn -0.271369 0.01230115 -1.007713
vn 0.5220887 -0.03437167 -0.8994222
vn -0.5445892 -0.1780722 0.8697876
vn -1.01424 -0.1392322 -0.105249
vn -0.9199667 -0.156788 -0.4413845
vn -0.9199667 -0.156788 -0.4413845
vn -0.592776 -0.05885577 -0.8517339
vn -0.5445892 -0.1780722 0.8697876
vn -0.7550251 -0.1558684 0.6932548
vn -1.007736 -0.1020323 0.1810762
vn -0.6839814 0.05343652 -0.7782397
vn -1.007736 -0.1020323 0.1810762
vn -1.01424 -0.1392322 -0.105249
vn -0.6839814 0.05343652 -0.7782397
vn -0.6839814 0.05343652 -0.7782397
vn -1.01424 -0.1392322 -0.105249
vn -0.830441 -0.08693534 0.6100636
vn -0.5445892 -0.1780722 0.8697876
vn -0.830441 -0.08693534 0.6100636
vn -1.01424 -0.1392322 -0.105249
vn 1.008612 -0.2062131 0.04364079
vn 1.008064 -0.03618629 -0.2008537
vn 0.5220887 -0.03437167 -0.8994222
vn 0.5220887 -0.03437167 -0.8994222
vn 1.008502 0.009160429 -0.2013441
vn 1.008612 -0.2062131 0.04364079
vn -0.5187019 0.9358461 -0.1453521
vn -0.5520416 0.9264911 0.0003043413
vn -0.9783135 0.3359397 0.02178359
vn -0.9783135 0.3359397 0.02178359
vn -0.9688663 0.3112879 -0.1841856
vn -0.5187019 0.9358461 -0.1453521
vn -0.4835154 0.8992556 -0.3439992
vn -0.5187019 0.9358461 -0.1453521
vn -0.9688663 0.3112879 -0.1841856
vn -0.9688663 0.3112879 -0.1841856
vn -0.9473467 0.3937864 -0.1546054
vn -0.4835154 0.8992556 -0.3439992
vn 0.8940927 -0.5417324 -0.0001779199
vn 1.027047 -0.04206321 -1.38171E-05
vn 1.008064 -0.03618629 -0.2008537
vn 1.008064 -0.03618629 -0.2008537
vn 1.008612 -0.2062131 0.04364079
vn 0.8940927 -0.5417324 -0.0001779199
vn 1.027047 -0.04206321 -1.38171E-05
vn 1.023474 -0.1006894 -3.308058E-05
vn 0.9906573 -0.0779832 -0.26829
vn 0.9906573 -0.0779832 -0.26829
vn 1.008064 -0.03618629 -0.2008537
vn 1.027047 -0.04206321 -1.38171E-05
vn 1.023474 -0.1006894 -3.308058E-05
vn 1.012632 0.188008 6.176531E-05
vn 0.9739808 0.2097851 -0.2674273
vn 0.9739808 0.2097851 -0.2674273
vn 0.9906573 -0.0779832 -0.26829
vn 1.023474 -0.1006894 -3.308058E-05
vn 0.5799839 -0.7020556 0.5459536
vn 0.8940927 -0.5417324 -0.0001779199
vn 1.008612 -0.2062131 0.04364079
vn 1.008612 -0.2062131 0.04364079
vn -0.5445892 -0.1780722 0.8697876
vn 0.5799839 -0.7020556 0.5459536
vn 0.6102067 0.8838444 0.0002903342
vn -0.5520416 0.9264911 0.0003043413
vn -0.5187019 0.9358461 -0.1453521
vn -0.5187019 0.9358461 -0.1453521
vn 0.3967067 0.9831061 -0.2333922
vn 0.6102067 0.8838444 0.0002903342
vn 1.012632 0.188008 6.176531E-05
vn 0.6102067 0.8838444 0.0002903342
vn 0.3967067 0.9831061 -0.2333922
vn 0.3967067 0.9831061 -0.2333922
vn 0.9739808 0.2097851 -0.2674273
vn 1.012632 0.188008 6.176531E-05
vn 0.7683955 -0.1627069 0.6764467
vn 0.8437061 -0.1292043 -0.5839165
vn 0.8373922 -0.1081194 -0.5970398
vn 0.8373922 -0.1081194 -0.5970398
vn 0.6429268 -0.1045216 0.8091066
vn 0.7683955 -0.1627069 0.6764467
vn -0.02588532 -0.1571262 1.033777
vn 0.68015 0.01548481 0.7832149
vn -0.827079 -0.02597177 0.6198105
vn -0.4402183 -0.1170654 0.9375763
vn 0.01502868 0.03759611 1.044134
vn -0.02588532 -0.1571262 1.033777
vn 0.01502868 0.03759611 1.044134
vn 1.008612 -0.2062131 0.04364079
vn -0.02588532 -0.1571262 1.033777
vn 0.68015 0.01548481 0.7832149
vn -0.02588532 -0.1571262 1.033777
vn 1.008612 -0.2062131 0.04364079
vn 0.002823383 -0.01378906 -1.044772
vn 0.8436165 0.06645799 -0.5934855
vn -0.157825 0.1846506 -1.017414
vn 0.8436165 0.06645799 -0.5934855
vn 0.68015 0.01548481 0.7832149
vn 1.008502 0.009160429 -0.2013441
vn 1.008612 -0.2062131 0.04364079
vn 1.008502 0.009160429 -0.2013441
vn 0.68015 0.01548481 0.7832149
vn -0.157825 0.1846506 -1.017414
vn -0.195444 0.1272964 -1.01862
vn 0.004123716 -0.01400089 -1.044765
vn 0.004123716 -0.01400089 -1.044765
vn 0.002823383 -0.01378906 -1.044772
vn -0.157825 0.1846506 -1.017414
vn 0.8065678 0.1615009 -0.629128
vn 0.2184011 0.09455132 -1.017026
vn 0.01784801 0.5110332 -0.9247007
vn 0.01784801 0.5110332 -0.9247007
vn 0.2924205 0.705366 -0.743718
vn 0.8065678 0.1615009 -0.629128
vn -0.9058849 0.2222319 -0.4460332
vn -0.9221818 0.2552825 -0.3922686
vn -0.3942942 0.3620585 -0.9013507
vn -0.9221818 0.2552825 -0.3922686
vn -1.023979 0.001922034 0.09000724
vn -0.3942942 0.3620585 -0.9013507
vn -0.421359 0.4061537 0.8711858
vn -0.3942942 0.3620585 -0.9013507
vn -1.023979 0.001922034 0.09000724
vn 0.8437061 -0.1292043 -0.5839165
vn 0.1191292 0.06626439 -1.0359
vn 0.2184011 0.09455132 -1.017026
vn 0.2184011 0.09455132 -1.017026
vn 0.8373922 -0.1081194 -0.5970398
vn 0.8437061 -0.1292043 -0.5839165
vn 0.01502868 0.03759611 1.044134
vn -0.4402183 -0.1170654 0.9375763
vn -0.5445892 -0.1780722 0.8697876
vn -0.5445892 -0.1780722 0.8697876
vn 1.008612 -0.2062131 0.04364079
vn 0.01502868 0.03759611 1.044134
vn -0.5445892 -0.1780722 0.8697876
vn -0.4402183 -0.1170654 0.9375763
vn -0.830441 -0.08693534 0.6100636
vn -0.830441 -0.08693534 0.6100636
vn -0.4402183 -0.1170654 0.9375763
vn -0.827079 -0.02597177 0.6198105
vn -0.02588532 -0.1571262 1.033777
vn -0.827079 -0.02597177 0.6198105
vn -0.4402183 -0.1170654 0.9375763
vn -1.023979 0.001922034 0.09000724
vn -0.9221818 0.2552825 -0.3922686
vn -0.9058849 0.2222319 -0.4460332
vn -0.9058849 0.2222319 -0.4460332
vn -0.827079 -0.02597177 0.6198105
vn -1.023979 0.001922034 0.09000724
vn -0.827079 -0.02597177 0.6198105
vn -0.421359 0.4061537 0.8711858
vn 0.903161 -0.02060235 0.498343
vn -0.827079 -0.02597177 0.6198105
vn 0.68015 0.01548481 0.7832149
vn 0.7683955 -0.1627069 0.6764467
vn 0.7683955 -0.1627069 0.6764467
vn -0.421359 0.4061537 0.8711858
vn -0.827079 -0.02597177 0.6198105
vn 0.01188529 0.09530979 -1.040846
vn -0.1907408 0.06202602 -1.025011
vn -0.9058849 0.2222319 -0.4460332
vn -0.9058849 0.2222319 -0.4460332
vn -0.3942942 0.3620585 -0.9013507
vn 0.01188529 0.09530979 -1.040846
vn 0.1191292 0.06626439 -1.0359
vn 0.05325265 0.02665949 -1.043146
vn -0.1907408 0.06202602 -1.025011
vn -0.1907408 0.06202602 -1.025011
vn 0.01188529 0.09530979 -1.040846
vn 0.1191292 0.06626439 -1.0359
vn 0.05325265 0.02665949 -1.043146
vn 0.004123716 -0.01400089 -1.044765
vn -0.6839814 0.05343652 -0.7782397
vn -0.6839814 0.05343652 -0.7782397
vn -0.1907408 0.06202602 -1.025011
vn 0.05325265 0.02665949 -1.043146
vn -0.8655449 0.5171717 -0.2746824
vn -1.022062 -0.04617238 -0.1011474
vn -0.7520934 0.1808126 -0.6910637
vn -0.7520934 0.1808126 -0.6910637
vn -0.7627044 0.2717312 -0.6509412
vn -0.8655449 0.5171717 -0.2746824
vn -0.4835154 0.8992556 -0.3439992
vn -0.9473467 0.3937864 -0.1546054
vn -0.8655449 0.5171717 -0.2746824
vn -0.8655449 0.5171717 -0.2746824
vn -0.433344 0.9346786 -0.3272426
vn -0.4835154 0.8992556 -0.3439992
vn 1.02642 -0.0199522 -0.05072375
vn 0.6825024 -0.3829753 0.6910888
vn 0.9284043 0.2478098 -0.3812838
vn 0.9284043 0.2478098 -0.3812838
vn 0.6825024 -0.3829753 0.6910888
vn 0.7619624 0.08817548 0.696187
vn 0.7159255 -0.1671726 0.7326229
vn 0.7619624 0.08817548 0.696187
vn 0.6825024 -0.3829753 0.6910888
vn 0.006272113 -0.2451932 1.018471
vn 0.7159255 -0.1671726 0.7326229
vn 0.6825024 -0.3829753 0.6910888
vn 0.6825024 -0.3829753 0.6910888
vn 0.003144327 -0.3761846 0.9816602
vn 0.006272113 -0.2451932 1.018471
vn 0.4200008 0.8774308 -0.4612289
vn -0.4835154 0.8992556 -0.3439992
vn -0.433344 0.9346786 -0.3272426
vn -0.433344 0.9346786 -0.3272426
vn 0.3610923 0.8850003 -0.4982091
vn 0.4200008 0.8774308 -0.4612289
vn -0.06299866 0.3547727 -0.9867767
vn 0.01679305 0.4007743 -0.9726697
vn -0.7627044 0.2717312 -0.6509412
vn -0.7627044 0.2717312 -0.6509412
vn -0.7520934 0.1808126 -0.6910637
vn -0.06299866 0.3547727 -0.9867767
vn 1.02642 -0.0199522 -0.05072375
vn 1.027798 0.001870903 0.002211247
vn 1.025681 -0.03821243 -0.05637303
vn 1.025681 -0.03821243 -0.05637303
vn 0.7339755 -0.3228056 0.6638392
vn 1.02642 -0.0199522 -0.05072375
vn 0.3610923 0.8850003 -0.4982091
vn -0.433344 0.9346786 -0.3272426
vn -0.4992737 0.8661883 -0.3939019
vn -0.4992737 0.8661883 -0.3939019
vn 0.46966 0.7850196 -0.5532602
vn 0.3610923 0.8850003 -0.4982091
vn -0.433344 0.9346786 -0.3272426
vn -0.8655449 0.5171717 -0.2746824
vn -0.7627044 0.2717312 -0.6509412
vn -0.7627044 0.2717312 -0.6509412
vn -0.4992737 0.8661883 -0.3939019
vn -0.433344 0.9346786 -0.3272426
vn 1.027798 0.001870903 0.002211247
vn 1.02642 -0.0199522 -0.05072375
vn 1.024925 0.02667928 0.07387577
vn 1.024925 0.02667928 0.07387577
vn 1.02642 -0.0199522 -0.05072375
vn 0.46966 0.7850196 -0.5532602
vn 0.9284043 0.2478098 -0.3812838
vn 0.46966 0.7850196 -0.5532602
vn 1.02642 -0.0199522 -0.05072375
vn 0.9284043 0.2478098 -0.3812838
vn 0.3610923 0.8850003 -0.4982091
vn 0.46966 0.7850196 -0.5532602
vn 0.9284043 0.2478098 -0.3812838
vn 0.7619624 0.08817548 0.696187
vn 0.4200008 0.8774308 -0.4612289
vn 0.4200008 0.8774308 -0.4612289
vn 0.3610923 0.8850003 -0.4982091
vn 0.9284043 0.2478098 -0.3812838
vn -0.7627044 0.2717312 -0.6509412
vn 0.01679305 0.4007743 -0.9726697
vn 0.46966 0.7850196 -0.5532602
vn 0.46966 0.7850196 -0.5532602
vn -0.4992737 0.8661883 -0.3939019
vn -0.7627044 0.2717312 -0.6509412
vn 0.003144327 -0.3761846 0.9816602
vn 0.6825024 -0.3829753 0.6910888
vn -0.00185662 -0.4744745 0.9423379
vn -0.00185662 -0.4744745 0.9423379
vn 0.03143145 -0.4318164 0.9601921
vn 0.003144327 -0.3761846 0.9816602
vn -0.7208154 0.2086121 -0.7179022
vn -1.011698 -0.1011964 -0.1570799
vn -1.023296 -0.09429017 -0.03878792
vn -1.023296 -0.09429017 -0.03878792
vn -0.7216232 0.09782362 -0.7381743
vn -0.7208154 0.2086121 -0.7179022
vn -0.7520934 0.1808126 -0.6910637
vn -1.022062 -0.04617238 -0.1011474
vn -1.011698 -0.1011964 -0.1570799
vn -1.011698 -0.1011964 -0.1570799
vn -0.7208154 0.2086121 -0.7179022
vn -0.7520934 0.1808126 -0.6910637
vn 0.03143145 -0.4318164 0.9601921
vn -0.00185662 -0.4744745 0.9423379
vn 0.7339755 -0.3228056 0.6638392
vn 0.7339755 -0.3228056 0.6638392
vn 0.03148336 -0.4050792 0.9706773
vn 0.03143145 -0.4318164 0.9601921
vn -0.06299866 0.3547727 -0.9867767
vn -0.7520934 0.1808126 -0.6910637
vn -0.7208154 0.2086121 -0.7179022
vn -0.7208154 0.2086121 -0.7179022
vn -0.08957983 0.3860431 -0.9739474
vn -0.06299866 0.3547727 -0.9867767
vn -0.8437325 0.07986426 -0.5918174
vn -0.7216232 0.09782362 -0.7381743
vn -0.9479886 -0.1474575 0.3785422
vn -0.7216232 0.09782362 -0.7381743
vn -1.023296 -0.09429017 -0.03878792
vn -0.9479886 -0.1474575 0.3785422
vn -1.025655 -0.04728149 -0.05032533
vn -0.9479886 -0.1474575 0.3785422
vn -1.023296 -0.09429017 -0.03878792
vn 0.03148336 -0.4050792 0.9706773
vn 0.7339755 -0.3228056 0.6638392
vn 0.6274796 -0.1892899 0.8077108
vn 0.6274796 -0.1892899 0.8077108
vn 0.07073323 -0.2663126 1.011127
vn 0.03148336 -0.4050792 0.9706773
vn 0.7339755 -0.3228056 0.6638392
vn 1.025681 -0.03821243 -0.05637303
vn 0.9561542 -0.1590184 0.3521634
vn 0.9561542 -0.1590184 0.3521634
vn 0.6274796 -0.1892899 0.8077108
vn 0.7339755 -0.3228056 0.6638392
vn -0.08957983 0.3860431 -0.9739474
vn -0.7208154 0.2086121 -0.7179022
vn -0.7216232 0.09782362 -0.7381743
vn -0.7216232 0.09782362 -0.7381743
vn -0.04149611 0.2027421 -1.026037
vn -0.08957983 0.3860431 -0.9739474
vn 0.05339962 -0.7193441 -0.7877312
vn 0.03426591 -0.7091971 -0.7971019
vn 0.05678588 -0.721103 -0.7860294
vn 0.05678588 -0.721103 -0.7860294
vn 0.07429067 -0.7300178 -0.7770228
vn 0.05339962 -0.7193441 -0.7877312
vn 0.07073323 -0.2663126 1.011127
vn 0.6274796 -0.1892899 0.8077108
vn 0.4466304 0.1125342 0.9349406
vn 0.4466304 0.1125342 0.9349406
vn 0.1535765 0.1098274 1.027832
vn 0.07073323 -0.2663126 1.011127
vn 0.8476036 0.03822958 0.5898567
vn 0.8608233 -0.03120846 0.5701151
vn 0.9561542 -0.1590184 0.3521634
vn 0.9561542 -0.1590184 0.3521634
vn 0.8608233 -0.03120846 0.5701151
vn 0.6274796 -0.1892899 0.8077108
vn 0.4466304 0.1125342 0.9349406
vn 0.6274796 -0.1892899 0.8077108
vn 0.8608233 -0.03120846 0.5701151
vn -0.04149611 0.2027421 -1.026037
vn -0.7216232 0.09782362 -0.7381743
vn -0.8437325 0.07986426 -0.5918174
vn -0.8437325 0.07986426 -0.5918174
vn -0.02606272 0.122554 -1.037996
vn -0.04149611 0.2027421 -1.026037
vn 0.8608233 -0.03120846 0.5701151
vn 0.8476036 0.03822958 0.5898567
vn 0.8195819 -0.04058605 0.6293199
vn 0.8195819 -0.04058605 0.6293199
vn 0.4655094 -0.2023697 0.9114369
vn 0.8608233 -0.03120846 0.5701151
vn -0.6670259 -0.7422752 0.3651339
vn -0.3781065 -0.5773717 -0.801445
vn -0.08376805 -0.3313627 -0.9925293
vn -0.08376805 -0.3313627 -0.9925293
vn -0.4973982 -0.6566235 -0.6677421
vn -0.6670259 -0.7422752 0.3651339
vn -0.02606272 0.122554 -1.037996
vn -0.8437325 0.07986426 -0.5918174
vn -0.4973982 -0.6566235 -0.6677421
vn -0.4973982 -0.6566235 -0.6677421
vn -0.08376805 -0.3313627 -0.9925293
vn -0.02606272 0.122554 -1.037996
vn -0.9479886 -0.1474575 0.3785422
vn 0.8608233 -0.03120846 0.5701151
vn 0.4655094 -0.2023697 0.9114369
vn 0.4655094 -0.2023697 0.9114369
vn -0.6670259 -0.7422752 0.3651339
vn -0.9479886 -0.1474575 0.3785422
vn -0.8437325 0.07986426 -0.5918174
vn -0.9479886 -0.1474575 0.3785422
vn -0.6670259 -0.7422752 0.3651339
vn -0.6670259 -0.7422752 0.3651339
vn -0.4973982 -0.6566235 -0.6677421
vn -0.8437325 0.07986426 -0.5918174
vn -0.2447722 -1.064208 0.07028866
vn -0.1546618 -1.085742 0.01558805
vn -0.07799021 -1.035287 0.3398827
vn -0.1546618 -1.085742 0.01558805
vn 0.09410778 -1.092995 -0.03886473
vn -0.07799021 -1.035287 0.3398827
vn 0.09410778 -1.092995 -0.03886473
vn 0.05695169 -1.095689 0.04446042
vn -0.07799021 -1.035287 0.3398827
vn 0.03846372 -1.094214 0.08199251
vn -0.07799021 -1.035287 0.3398827
vn 0.05695169 -1.095689 0.04446042
vn 0.2184011 0.09455132 -1.017026
vn 0.003564692 0.1512415 -1.034899
vn -0.135247 0.3478632 -0.9814885
vn -0.135247 0.3478632 -0.9814885
vn 0.01784801 0.5110332 -0.9247007
vn 0.2184011 0.09455132 -1.017026
vn -0.255794 0.60504 -0.8323681
vn -0.4538245 0.6922405 -0.6672624
vn 0.003564692 0.1512415 -1.034899
vn 0.003564692 0.1512415 -1.034899
vn -0.4538245 0.6922405 -0.6672624
vn -0.135247 0.3478632 -0.9814885
vn -0.6200814 0.5459878 -0.6516116
vn -0.135247 0.3478632 -0.9814885
vn -0.4538245 0.6922405 -0.6672624
vn 0.6222263 -0.5681325 0.6320735
vn -0.02346125 -1.094502 0.08433032
vn -0.2447722 -1.064208 0.07028866
vn -0.2447722 -1.064208 0.07028866
vn -0.07799021 -1.035287 0.3398827
vn 0.6222263 -0.5681325 0.6320735
vn -0.255794 0.60504 -0.8323681
vn -0.421359 0.4061537 0.8711858
vn -0.6196048 0.764889 0.4068612
vn -0.6196048 0.764889 0.4068612
vn -0.4538245 0.6922405 -0.6672624
vn -0.255794 0.60504 -0.8323681
vn -0.421359 0.4061537 0.8711858
vn 0.01964304 0.0207541 1.04448
vn -0.249425 -0.3720885 0.9498134
vn -0.249425 -0.3720885 0.9498134
vn -0.6196048 0.764889 0.4068612
vn -0.421359 0.4061537 0.8711858
vn 0.6429268 -0.1045216 0.8091066
vn 0.8373922 -0.1081194 -0.5970398
vn 0.8065678 0.1615009 -0.629128
vn 0.8065678 0.1615009 -0.629128
vn 0.6222263 -0.5681325 0.6320735
vn 0.6429268 -0.1045216 0.8091066
vn 0.2184011 0.09455132 -1.017026
vn 0.8065678 0.1615009 -0.629128
vn 0.8373922 -0.1081194 -0.5970398
vn 0.2184011 0.09455132 -1.017026
vn 0.1191292 0.06626439 -1.0359
vn 0.01188529 0.09530979 -1.040846
vn 0.01188529 0.09530979 -1.040846
vn 0.003564692 0.1512415 -1.034899
vn 0.2184011 0.09455132 -1.017026
vn 0.003564692 0.1512415 -1.034899
vn 0.01188529 0.09530979 -1.040846
vn -0.3942942 0.3620585 -0.9013507
vn -0.3942942 0.3620585 -0.9013507
vn -0.255794 0.60504 -0.8323681
vn 0.003564692 0.1512415 -1.034899
vn 0.8436165 0.06645799 -0.5934855
vn 0.05325265 0.02665949 -1.043146
vn 0.1191292 0.06626439 -1.0359
vn 0.1191292 0.06626439 -1.0359
vn 0.8437061 -0.1292043 -0.5839165
vn 0.8436165 0.06645799 -0.5934855
vn 0.68015 0.01548481 0.7832149
vn 0.8436165 0.06645799 -0.5934855
vn 0.8437061 -0.1292043 -0.5839165
vn 0.8437061 -0.1292043 -0.5839165
vn 0.7683955 -0.1627069 0.6764467
vn 0.68015 0.01548481 0.7832149
vn 0.002823383 -0.01378906 -1.044772
vn 0.004123716 -0.01400089 -1.044765
vn 0.05325265 0.02665949 -1.043146
vn 0.05325265 0.02665949 -1.043146
vn 0.8436165 0.06645799 -0.5934855
vn 0.002823383 -0.01378906 -1.044772
vn -0.1907408 0.06202602 -1.025011
vn -0.6839814 0.05343652 -0.7782397
vn -0.9058849 0.2222319 -0.4460332
vn -0.9058849 0.2222319 -0.4460332
vn -0.6839814 0.05343652 -0.7782397
vn -0.827079 -0.02597177 0.6198105
vn -0.830441 -0.08693534 0.6100636
vn -0.827079 -0.02597177 0.6198105
vn -0.6839814 0.05343652 -0.7782397
vn -0.6839814 0.05343652 -0.7782397
vn 0.004123716 -0.01400089 -1.044765
vn -0.195444 0.1272964 -1.01862
vn -0.195444 0.1272964 -1.01862
vn -0.3622769 0.08762747 -0.9742396
vn -0.6839814 0.05343652 -0.7782397
vn -0.421359 0.4061537 0.8711858
vn 0.7683955 -0.1627069 0.6764467
vn 0.6429268 -0.1045216 0.8091066
vn 0.6429268 -0.1045216 0.8091066
vn 0.01964304 0.0207541 1.04448
vn -0.421359 0.4061537 0.8711858
vn 0.6429268 -0.1045216 0.8091066
vn 0.6222263 -0.5681325 0.6320735
vn 0.01964304 0.0207541 1.04448
vn -0.4538245 0.6922405 -0.6672624
vn -0.6196048 0.764889 0.4068612
vn -0.8150688 0.5083549 -0.4138867
vn -0.8150688 0.5083549 -0.4138867
vn -0.6200814 0.5459878 -0.6516116
vn -0.4538245 0.6922405 -0.6672624
vn -0.249425 -0.3720885 0.9498134
vn 0.6222263 -0.5681325 0.6320735
vn -0.6196048 0.764889 0.4068612
vn 0.6222263 -0.5681325 0.6320735
vn -0.07799021 -1.035287 0.3398827
vn -0.6196048 0.764889 0.4068612
vn 0.06771008 0.2362878 1.01807
vn -0.6196048 0.764889 0.4068612
vn -0.07799021 -1.035287 0.3398827
vn 0.6222263 -0.5681325 0.6320735
vn -0.249425 -0.3720885 0.9498134
vn 0.01964304 0.0207541 1.04448
vn -0.421359 0.4061537 0.8711858
vn -0.255794 0.60504 -0.8323681
vn -0.3942942 0.3620585 -0.9013507
vn 0.5220887 -0.03437167 -0.8994222
vn -0.271369 0.01230115 -1.007713
vn -0.157825 0.1846506 -1.017414
vn -0.157825 0.1846506 -1.017414
vn -0.271369 0.01230115 -1.007713
vn -0.195444 0.1272964 -1.01862
vn -0.3622769 0.08762747 -0.9742396
vn -0.195444 0.1272964 -1.01862
vn -0.271369 0.01230115 -1.007713
vn -0.3230758 0.688612 0.7448163
vn -0.6163917 -0.07536173 0.8330276
vn -0.8315634 -0.09800446 0.6069573
vn -0.6163917 -0.07536173 0.8330276
vn -0.3230758 0.688612 0.7448163
vn -0.1216716 -0.0991587 1.033214
vn -0.6163917 -0.07536173 0.8330276
vn -1.025525 0.0694845 0.02146242
vn -0.8315634 -0.09800446 0.6069573
vn -0.3404763 0.741445 -0.6888013
vn -0.8412309 0.6308912 -0.01385272
vn -0.8444652 0.0290401 -0.5949606
vn 0.9838668 -0.1576731 0.2623776
vn 0.9645474 -0.1729047 -0.3212281
vn 1.019401 -0.1234566 -0.06308075
vn 1.019401 -0.1234566 -0.06308075
vn 0.5024902 -0.1784242 0.8955295
vn 0.9838668 -0.1576731 0.2623776
vn -0.2383842 -0.2932524 -0.9773322
vn -0.6722949 -0.07485998 -0.7871152
vn -0.6935114 -0.4967981 -0.6093685
vn 0.6401022 -0.5864064 0.5975821
vn 1.019401 -0.1234566 -0.06308075
vn 0.6518397 -0.5675669 -0.6009211
vn 0.5024902 -0.1784242 0.8955295
vn 0.6985904 0.2865568 0.7162813
vn 0.9838668 -0.1576731 0.2623776
vn -0.8423617 -0.08972538 0.5925562
vn -0.6163917 -0.07536173 0.8330276
vn -0.1216716 -0.0991587 1.033214
vn 0.5024902 -0.1784242 0.8955295
vn 0.1539909 -0.1872624 1.017589
vn 0.6985904 0.2865568 0.7162813
vn 0.4551694 -0.1472129 -0.926285
vn 0.1936687 -0.1339391 -1.0182
vn -0.2383842 -0.2932524 -0.9773322
vn -0.2383842 -0.2932524 -0.9773322
vn -0.1578955 0.1405574 -1.02376
vn -0.6722949 -0.07485998 -0.7871152
vn -0.2299936 -0.9598134 -0.451
vn -0.2383842 -0.2932524 -0.9773322
vn -0.4338097 -0.9457673 -0.296312
vn 0.5024902 -0.1784242 0.8955295
vn -0.1216716 -0.0991587 1.033214
vn 0.1539909 -0.1872624 1.017589
vn -0.3230758 0.688612 0.7448163
vn -0.8315634 -0.09800446 0.6069573
vn -0.8412309 0.6308912 -0.01385272
vn -0.3481083 -0.9415931 0.4051965
vn -0.2299936 -0.9598134 -0.451
vn -0.4338097 -0.9457673 -0.296312
vn 0.6255572 -0.2022105 -0.806417
vn 0.9645474 -0.1729047 -0.3212281
vn 0.7183053 0.3492614 -0.6694118
vn -1.008708 0.2091801 0.02427168
vn -1.025525 0.0694845 0.02146242
vn -0.985675 0.03248566 0.2944551
vn -0.6722949 -0.07485998 -0.7871152
vn -0.8444652 0.0290401 -0.5949606
vn -1.025525 0.0694845 0.02146242
vn -0.926206 0.08419389 -0.4458103
vn -0.6722949 -0.07485998 -0.7871152
vn -1.025525 0.0694845 0.02146242
vn -0.08723094 -0.5150549 0.9185875
vn -0.5235215 -0.4870999 0.7705659
vn -0.1216716 -0.0991587 1.033214
vn -0.8423617 -0.08972538 0.5925562
vn -1.003994 0.2323883 0.03347585
vn -1.023815 -0.09363411 -0.02276367
vn -0.647965 -0.8326048 0.1746223
vn -0.6935114 -0.4967981 -0.6093685
vn -1.003994 0.2323883 0.03347585
vn -1.027776 0.006142509 -0.00429966
vn -1.027776 0.006142392 -0.004299774
vn -1.023815 -0.09363411 -0.02276367
vn -0.985675 0.03248566 0.2944551
vn -0.8423617 -0.08972538 0.5925562
vn -1.023815 -0.09363411 -0.02276367
vn -1.023815 -0.09363411 -0.02276367
vn -1.027776 0.006142392 -0.004299774
vn -0.985675 0.03248566 0.2944551
vn -0.4338097 -0.9457673 -0.296312
vn -0.2383842 -0.2932524 -0.9773322
vn -0.6935114 -0.4967981 -0.6093685
vn -0.6935114 -0.4967981 -0.6093685
vn -0.6722949 -0.07485998 -0.7871152
vn -0.926206 0.08419389 -0.4458103
vn -1.025525 0.0694845 0.02146242
vn -0.8412309 0.6308912 -0.01385272
vn -0.8315634 -0.09800446 0.6069573
vn -0.4338097 -0.9457673 -0.296312
vn -0.647965 -0.8326048 0.1746223
vn -0.08723094 -0.5150549 0.9185875
vn -0.6935114 -0.4967981 -0.6093685
vn -0.647965 -0.8326048 0.1746223
vn -0.4338097 -0.9457673 -0.296312
vn -0.2395101 1.068131 0.002070189
vn -0.8412309 0.6308912 -0.01385272
vn -0.3404763 0.741445 -0.6888013
vn -0.2395101 1.068131 0.002070189
vn -0.3230758 0.688612 0.7448163
vn -0.8412309 0.6308912 -0.01385272
vn 0.8530199 0.6126804 -0.006586611
vn 0.7183053 0.3492614 -0.6694118
vn 0.9645474 -0.1729047 -0.3212281
vn 0.9645474 -0.1729047 -0.3212281
vn 0.9838668 -0.1576731 0.2623776
vn 0.8530199 0.6126804 -0.006586611
vn -1.003994 0.2323883 0.03347585
vn -0.8423617 -0.08972538 0.5925562
vn -0.5235215 -0.4870999 0.7705659
vn -0.5235215 -0.4870999 0.7705659
vn -0.647965 -0.8326048 0.1746223
vn -1.003994 0.2323883 0.03347585
vn -0.3481083 -0.9415931 0.4051965
vn 0.6401022 -0.5864064 0.5975821
vn 0.6518397 -0.5675669 -0.6009211
vn -0.985675 0.03248566 0.2944551
vn -0.6163917 -0.07536173 0.8330276
vn -0.8423617 -0.08972538 0.5925562
vn 0.6255572 -0.2022105 -0.806417
vn 0.1936687 -0.1339391 -1.0182
vn 0.4551694 -0.1472129 -0.926285
vn -0.5235215 -0.4870999 0.7705659
vn -0.8423617 -0.08972538 0.5925562
vn -0.1216716 -0.0991587 1.033214
vn 0.6401022 -0.5864064 0.5975821
vn 0.5024902 -0.1784242 0.8955295
vn 1.019401 -0.1234566 -0.06308075
vn -0.4338097 -0.9457673 -0.296312
vn -0.08723094 -0.5150549 0.9185875
vn -0.3481083 -0.9415931 0.4051965
vn 0.6518397 -0.5675669 -0.6009211
vn 0.4551694 -0.1472129 -0.926285
vn -0.2383842 -0.2932524 -0.9773322
vn -0.2383842 -0.2932524 -0.9773322
vn -0.2299936 -0.9598134 -0.451
vn 0.6518397 -0.5675669 -0.6009211
vn 0.8530199 0.6126804 -0.006586611
vn 0.3525706 1.031334 0.02706146
vn 0.2820243 0.6127923 -0.8183606
vn 0.2820243 0.6127923 -0.8183606
vn 0.7183053 0.3492614 -0.6694118
vn 0.8530199 0.6126804 -0.006586611
vn 0.2820243 0.6127923 -0.8183606
vn -0.1578955 0.1405574 -1.02376
vn -0.2383842 -0.2932524 -0.9773322
vn -0.2383842 -0.2932524 -0.9773322
vn 0.1936687 -0.1339391 -1.0182
vn 0.2820243 0.6127923 -0.8183606
vn -0.08723094 -0.5150549 0.9185875
vn 0.5024902 -0.1784242 0.8955295
vn 0.6401022 -0.5864064 0.5975821
vn 0.6401022 -0.5864064 0.5975821
vn -0.3481083 -0.9415931 0.4051965
vn -0.08723094 -0.5150549 0.9185875
vn 0.1539909 -0.1872624 1.017589
vn 0.2421745 0.6137439 0.8308105
vn 0.6985904 0.2865568 0.7162813
vn 0.7183053 0.3492614 -0.6694118
vn 0.2820243 0.6127923 -0.8183606
vn 0.1936687 -0.1339391 -1.0182
vn 0.1936687 -0.1339391 -1.0182
vn 0.6255572 -0.2022105 -0.806417
vn 0.7183053 0.3492614 -0.6694118
vn -0.2395101 1.068131 0.002070189
vn -0.3404763 0.741445 -0.6888013
vn 0.2820243 0.6127923 -0.8183606
vn 0.2820243 0.6127923 -0.8183606
vn 0.3525706 1.031334 0.02706146
vn -0.2395101 1.068131 0.002070189
vn -0.1216716 -0.0991587 1.033214
vn -0.3230758 0.688612 0.7448163
vn 0.2421745 0.6137439 0.8308105
vn 0.2421745 0.6137439 0.8308105
vn 0.1539909 -0.1872624 1.017589
vn -0.1216716 -0.0991587 1.033214
vn 0.2421745 0.6137439 0.8308105
vn -0.3230758 0.688612 0.7448163
vn -0.2395101 1.068131 0.002070189
vn -0.2395101 1.068131 0.002070189
vn 0.3525706 1.031334 0.02706146
vn 0.2421745 0.6137439 0.8308105
vn 0.2421745 0.6137439 0.8308105
vn 0.3525706 1.031334 0.02706146
vn 0.8530199 0.6126804 -0.006586611
vn 0.8530199 0.6126804 -0.006586611
vn 0.6985904 0.2865568 0.7162813
vn 0.2421745 0.6137439 0.8308105
vn 0.9645474 -0.1729047 -0.3212281
vn 0.6255572 -0.2022105 -0.806417
vn 0.4551694 -0.1472129 -0.926285
vn 0.4551694 -0.1472129 -0.926285
vn 1.019401 -0.1234566 -0.06308075
vn 0.9645474 -0.1729047 -0.3212281
vn 0.9838668 -0.1576731 0.2623776
vn 0.6985904 0.2865568 0.7162813
vn 0.8530199 0.6126804 -0.006586611
vn 0.2820243 0.6127923 -0.8183606
vn -0.3404763 0.741445 -0.6888013
vn -0.1578955 0.1405574 -1.02376
vn -0.3481083 -0.9415931 0.4051965
vn 0.6518397 -0.5675669 -0.6009211
vn -0.2299936 -0.9598134 -0.451
vn -0.926206 0.08419389 -0.4458103
vn -1.025525 0.0694845 0.02146242
vn -1.008708 0.2091801 0.02427168
vn 1.019401 -0.1234566 -0.06308075
vn 0.4551694 -0.1472129 -0.926285
vn 0.6518397 -0.5675669 -0.6009211
vn -0.1578955 0.1405574 -1.02376
vn -0.3404763 0.741445 -0.6888013
vn -0.8444652 0.0290401 -0.5949606
vn -0.8444652 0.0290401 -0.5949606
vn -0.6722949 -0.07485998 -0.7871152
vn -0.1578955 0.1405574 -1.02376
vn 0.01814861 -1.095213 -0.07701516
vn 0.01814862 -1.095213 -0.07701516
vn 0.01814861 -1.095213 -0.07701516
vn -0.08723094 -0.5150549 0.9185875
vn -0.1216716 -0.0991587 1.033214
vn 0.5024902 -0.1784242 0.8955295
vn -0.5235215 -0.4870999 0.7705659
vn -0.08723094 -0.5150549 0.9185875
vn -0.647965 -0.8326048 0.1746223
vn 0.8437098 0.283865 -0.5321096
vn 0.8437097 0.283865 -0.5321096
vn 0.8437096 0.283865 -0.5321096
vn -0.6935114 -0.4967981 -0.6093685
vn -1.023815 -0.09363411 -0.02276367
vn -1.003994 0.2323883 0.03347585
vn -0.8412309 0.6308912 -0.01385272
vn -1.025525 0.0694845 0.02146242
vn -0.8444652 0.0290401 -0.5949606
vn -0.985675 0.03248566 0.2944551
vn -1.027776 0.006142392 -0.004299774
vn -1.027776 0.006142509 -0.00429966
vn -1.025525 0.0694845 0.02146242
vn -0.6163917 -0.07536173 0.8330276
vn -0.985675 0.03248566 0.2944551
g Body.008 2
usemtl body
f 3/3/3 2/2/2 1/1/1
f 6/6/6 5/5/5 4/4/4
f 9/9/9 8/8/8 7/7/7
f 12/12/12 11/11/11 10/10/10
f 15/15/15 14/14/14 13/13/13
f 18/18/18 17/17/17 16/16/16
f 21/21/21 20/20/20 19/19/19
f 24/24/24 23/23/23 22/22/22
f 27/27/27 26/26/26 25/25/25
f 30/30/30 29/29/29 28/28/28
f 33/33/33 32/32/32 31/31/31
f 36/36/36 35/35/35 34/34/34
f 39/39/39 38/38/38 37/37/37
f 42/42/42 41/41/41 40/40/40
f 45/45/45 44/44/44 43/43/43
f 48/48/48 47/47/47 46/46/46
f 51/51/51 50/50/50 49/49/49
f 54/54/54 53/53/53 52/52/52
f 57/57/57 56/56/56 55/55/55
f 60/60/60 59/59/59 58/58/58
f 63/63/63 62/62/62 61/61/61
f 66/66/66 65/65/65 64/64/64
f 69/69/69 68/68/68 67/67/67
f 72/72/72 71/71/71 70/70/70
f 75/75/75 74/74/74 73/73/73
f 78/78/78 77/77/77 76/76/76
f 81/81/81 80/80/80 79/79/79
f 84/84/84 83/83/83 82/82/82
f 87/87/87 86/86/86 85/85/85
f 90/90/90 89/89/89 88/88/88
f 93/93/93 92/92/92 91/91/91
f 96/96/96 95/95/95 94/94/94
f 99/99/99 98/98/98 97/97/97
f 102/102/102 101/101/101 100/100/100
f 105/105/105 104/104/104 103/103/103
f 108/108/108 107/107/107 106/106/106
f 111/111/111 110/110/110 109/109/109
f 114/114/114 113/113/113 112/112/112
f 117/117/117 116/116/116 115/115/115
f 120/120/120 119/119/119 118/118/118
f 123/123/123 122/122/122 121/121/121
f 126/126/126 125/125/125 124/124/124
f 129/129/129 128/128/128 127/127/127
f 132/132/132 131/131/131 130/130/130
f 135/135/135 134/134/134 133/133/133
f 138/138/138 137/137/137 136/136/136
f 141/141/141 140/140/140 139/139/139
f 144/144/144 143/143/143 142/142/142
f 147/147/147 146/146/146 145/145/145
f 150/150/150 149/149/149 148/148/148
f 153/153/153 152/152/152 151/151/151
f 156/156/156 155/155/155 154/154/154
f 159/159/159 158/158/158 157/157/157
f 162/162/162 161/161/161 160/160/160
f 165/165/165 164/164/164 163/163/163
f 168/168/168 167/167/167 166/166/166
f 171/171/171 170/170/170 169/169/169
f 174/174/174 173/173/173 172/172/172
f 177/177/177 176/176/176 175/175/175
f 180/180/180 179/179/179 178/178/178
f 183/183/183 182/182/182 181/181/181
f 186/186/186 185/185/185 184/184/184
f 189/189/189 188/188/188 187/187/187
f 192/192/192 191/191/191 190/190/190
f 195/195/195 194/194/194 193/193/193
f 198/198/198 197/197/197 196/196/196
f 201/201/201 200/200/200 199/199/199
f 204/204/204 203/203/203 202/202/202
f 207/207/207 206/206/206 205/205/205
f 210/210/210 209/209/209 208/208/208
f 213/213/213 212/212/212 211/211/211
f 216/216/216 215/215/215 214/214/214
f 219/219/219 218/218/218 217/217/217
f 222/222/222 221/221/221 220/220/220
f 225/225/225 224/224/224 223/223/223
f 228/228/228 227/227/227 226/226/226
f 231/231/231 230/230/230 229/229/229
f 234/234/234 233/233/233 232/232/232
f 237/237/237 236/236/236 235/235/235
f 240/240/240 239/239/239 238/238/238
f 243/243/243 242/242/242 241/241/241
f 246/246/246 245/245/245 244/244/244
f 249/249/249 248/248/248 247/247/247
f 252/252/252 251/251/251 250/250/250
f 255/255/255 254/254/254 253/253/253
f 258/258/258 257/257/257 256/256/256
f 261/261/261 260/260/260 259/259/259
f 264/264/264 263/263/263 262/262/262
f 267/267/267 266/266/266 265/265/265
f 270/270/270 269/269/269 268/268/268
f 273/273/273 272/272/272 271/271/271
f 276/276/276 275/275/275 274/274/274
f 279/279/279 278/278/278 277/277/277
f 282/282/282 281/281/281 280/280/280
f 285/285/285 284/284/284 283/283/283
f 288/288/288 287/287/287 286/286/286
f 291/291/291 290/290/290 289/289/289
f 294/294/294 293/293/293 292/292/292
f 297/297/297 296/296/296 295/295/295
f 300/300/300 299/299/299 298/298/298
f 303/303/303 302/302/302 301/301/301
f 306/306/306 305/305/305 304/304/304
f 309/309/309 308/308/308 307/307/307
f 312/312/312 311/311/311 310/310/310
f 315/315/315 314/314/314 313/313/313
f 318/318/318 317/317/317 316/316/316
f 321/321/321 320/320/320 319/319/319
f 324/324/324 323/323/323 322/322/322
f 327/327/327 326/326/326 325/325/325
f 330/330/330 329/329/329 328/328/328
f 333/333/333 332/332/332 331/331/331
f 336/336/336 335/335/335 334/334/334
f 339/339/339 338/338/338 337/337/337
f 342/342/342 341/341/341 340/340/340
f 345/345/345 344/344/344 343/343/343
f 348/348/348 347/347/347 346/346/346
f 351/351/351 350/350/350 349/349/349
f 354/354/354 353/353/353 352/352/352
f 357/357/357 356/356/356 355/355/355
f 360/360/360 359/359/359 358/358/358
f 363/363/363 362/362/362 361/361/361
f 366/366/366 365/365/365 364/364/364
f 369/369/369 368/368/368 367/367/367
f 372/372/372 371/371/371 370/370/370
f 375/375/375 374/374/374 373/373/373
f 378/378/378 377/377/377 376/376/376
f 381/381/381 380/380/380 379/379/379
f 384/384/384 383/383/383 382/382/382
f 387/387/387 386/386/386 385/385/385
f 390/390/390 389/389/389 388/388/388
f 393/393/393 392/392/392 391/391/391
f 396/396/396 395/395/395 394/394/394
f 399/399/399 398/398/398 397/397/397
f 402/402/402 401/401/401 400/400/400
f 405/405/405 404/404/404 403/403/403
f 408/408/408 407/407/407 406/406/406
f 411/411/411 410/410/410 409/409/409
f 414/414/414 413/413/413 412/412/412
f 417/417/417 416/416/416 415/415/415
f 420/420/420 419/419/419 418/418/418
f 423/423/423 422/422/422 421/421/421
f 426/426/426 425/425/425 424/424/424
f 429/429/429 428/428/428 427/427/427
f 432/432/432 431/431/431 430/430/430
f 435/435/435 434/434/434 433/433/433
f 438/438/438 437/437/437 436/436/436
f 441/441/441 440/440/440 439/439/439
f 444/444/444 443/443/443 442/442/442
f 447/447/447 446/446/446 445/445/445
f 450/450/450 449/449/449 448/448/448
f 453/453/453 452/452/452 451/451/451
f 456/456/456 455/455/455 454/454/454
f 459/459/459 458/458/458 457/457/457
f 462/462/462 461/461/461 460/460/460
f 465/465/465 464/464/464 463/463/463
f 468/468/468 467/467/467 466/466/466
f 471/471/471 470/470/470 469/469/469
f 474/474/474 473/473/473 472/472/472
f 477/477/477 476/476/476 475/475/475
f 480/480/480 479/479/479 478/478/478
f 483/483/483 482/482/482 481/481/481
f 486/486/486 485/485/485 484/484/484
f 489/489/489 488/488/488 487/487/487
f 492/492/492 491/491/491 490/490/490
f 495/495/495 494/494/494 493/493/493
f 498/498/498 497/497/497 496/496/496
f 501/501/501 500/500/500 499/499/499
f 504/504/504 503/503/503 502/502/502
f 507/507/507 506/506/506 505/505/505
f 510/510/510 509/509/509 508/508/508
f 513/513/513 512/512/512 511/511/511
f 516/516/516 515/515/515 514/514/514
f 519/519/519 518/518/518 517/517/517
f 522/522/522 521/521/521 520/520/520
f 525/525/525 524/524/524 523/523/523
f 528/528/528 527/527/527 526/526/526
f 531/531/531 530/530/530 529/529/529
f 534/534/534 533/533/533 532/532/532
f 537/537/537 536/536/536 535/535/535
f 540/540/540 539/539/539 538/538/538
f 543/543/543 542/542/542 541/541/541
f 546/546/546 545/545/545 544/544/544
f 549/549/549 548/548/548 547/547/547
f 552/552/552 551/551/551 550/550/550
f 555/555/555 554/554/554 553/553/553
f 558/558/558 557/557/557 556/556/556
f 561/561/561 560/560/560 559/559/559
f 564/564/564 563/563/563 562/562/562
f 567/567/567 566/566/566 565/565/565
f 570/570/570 569/569/569 568/568/568
f 573/573/573 572/572/572 571/571/571
f 576/576/576 575/575/575 574/574/574
f 579/579/579 578/578/578 577/577/577
f 582/582/582 581/581/581 580/580/580
f 585/585/585 584/584/584 583/583/583
f 588/588/588 587/587/587 586/586/586
f 591/591/591 590/590/590 589/589/589
f 594/594/594 593/593/593 592/592/592
f 597/597/597 596/596/596 595/595/595
f 600/600/600 599/599/599 598/598/598
f 603/603/603 602/602/602 601/601/601
f 606/606/606 605/605/605 604/604/604
f 609/609/609 608/608/608 607/607/607
f 612/612/612 611/611/611 610/610/610
f 615/615/615 614/614/614 613/613/613
f 618/618/618 617/617/617 616/616/616
f 621/621/621 620/620/620 619/619/619
f 624/624/624 623/623/623 622/622/622
f 627/627/627 626/626/626 625/625/625
f 630/630/630 629/629/629 628/628/628
f 633/633/633 632/632/632 631/631/631
f 636/636/636 635/635/635 634/634/634
f 639/639/639 638/638/638 637/637/637
f 642/642/642 641/641/641 640/640/640
f 645/645/645 644/644/644 643/643/643
f 648/648/648 647/647/647 646/646/646
f 651/651/651 650/650/650 649/649/649
f 654/654/654 653/653/653 652/652/652
f 657/657/657 656/656/656 655/655/655
f 660/660/660 659/659/659 658/658/658
f 663/663/663 662/662/662 661/661/661
f 666/666/666 665/665/665 664/664/664
f 669/669/669 668/668/668 667/667/667
f 672/672/672 671/671/671 670/670/670
f 675/675/675 674/674/674 673/673/673
f 678/678/678 677/677/677 676/676/676
f 681/681/681 680/680/680 679/679/679
f 684/684/684 683/683/683 682/682/682
f 687/687/687 686/686/686 685/685/685
f 690/690/690 689/689/689 688/688/688
f 693/693/693 692/692/692 691/691/691
f 696/696/696 695/695/695 694/694/694
f 699/699/699 698/698/698 697/697/697
f 702/702/702 701/701/701 700/700/700
f 705/705/705 704/704/704 703/703/703
f 708/708/708 707/707/707 706/706/706
f 711/711/711 710/710/710 709/709/709
f 714/714/714 713/713/713 712/712/712
f 717/717/717 716/716/716 715/715/715
f 720/720/720 719/719/719 718/718/718
f 723/723/723 722/722/722 721/721/721
f 726/726/726 725/725/725 724/724/724
f 729/729/729 728/728/728 727/727/727
f 732/732/732 731/731/731 730/730/730
f 735/735/735 734/734/734 733/733/733
f 738/738/738 737/737/737 736/736/736
f 741/741/741 740/740/740 739/739/739
f 744/744/744 743/743/743 742/742/742
f 747/747/747 746/746/746 745/745/745
f 750/750/750 749/749/749 748/748/748
f 753/753/753 752/752/752 751/751/751
f 756/756/756 755/755/755 754/754/754
f 759/759/759 758/758/758 757/757/757
f 762/762/762 761/761/761 760/760/760
f 765/765/765 764/764/764 763/763/763
f 768/768/768 767/767/767 766/766/766
f 771/771/771 770/770/770 769/769/769
f 774/774/774 773/773/773 772/772/772
f 777/777/777 776/776/776 775/775/775
f 780/780/780 779/779/779 778/778/778
f 783/783/783 782/782/782 781/781/781
f 786/786/786 785/785/785 784/784/784
f 789/789/789 788/788/788 787/787/787
f 792/792/792 791/791/791 790/790/790
f 795/795/795 794/794/794 793/793/793
f 798/798/798 797/797/797 796/796/796
f 801/801/801 800/800/800 799/799/799
f 804/804/804 803/803/803 802/802/802
f 807/807/807 806/806/806 805/805/805
f 810/810/810 809/809/809 808/808/808
f 813/813/813 812/812/812 811/811/811
f 816/816/816 815/815/815 814/814/814
f 819/819/819 818/818/818 817/817/817
f 822/822/822 821/821/821 820/820/820
f 825/825/825 824/824/824 823/823/823
f 828/828/828 827/827/827 826/826/826
f 831/831/831 830/830/830 829/829/829
f 834/834/834 833/833/833 832/832/832
f 837/837/837 836/836/836 835/835/835
f 840/840/840 839/839/839 838/838/838
f 843/843/843 842/842/842 841/841/841
f 846/846/846 845/845/845 844/844/844
f 849/849/849 848/848/848 847/847/847
f 852/852/852 851/851/851 850/850/850
f 855/855/855 854/854/854 853/853/853
f 858/858/858 857/857/857 856/856/856
f 861/861/861 860/860/860 859/859/859
f 864/864/864 863/863/863 862/862/862
f 867/867/867 866/866/866 865/865/865
f 870/870/870 869/869/869 868/868/868
f 873/873/873 872/872/872 871/871/871
f 876/876/876 875/875/875 874/874/874
f 879/879/879 878/878/878 877/877/877
f 882/882/882 881/881/881 880/880/880
f 885/885/885 884/884/884 883/883/883
f 888/888/888 887/887/887 886/886/886
f 891/891/891 890/890/890 889/889/889
f 894/894/894 893/893/893 892/892/892
f 897/897/897 896/896/896 895/895/895
f 900/900/900 899/899/899 898/898/898
f 903/903/903 902/902/902 901/901/901
f 906/906/906 905/905/905 904/904/904
f 909/909/909 908/908/908 907/907/907
f 912/912/912 911/911/911 910/910/910
f 915/915/915 914/914/914 913/913/913
f 918/918/918 917/917/917 916/916/916
f 921/921/921 920/920/920 919/919/919
f 924/924/924 923/923/923 922/922/922
f 927/927/927 926/926/926 925/925/925
f 930/930/930 929/929/929 928/928/928
f 933/933/933 932/932/932 931/931/931
f 936/936/936 935/935/935 934/934/934
f 939/939/939 938/938/938 937/937/937
f 942/942/942 941/941/941 940/940/940
f 945/945/945 944/944/944 943/943/943
f 948/948/948 947/947/947 946/946/946
f 951/951/951 950/950/950 949/949/949
f 954/954/954 953/953/953 952/952/952
f 957/957/957 956/956/956 955/955/955
f 960/960/960 959/959/959 958/958/958
f 963/963/963 962/962/962 961/961/961
f 966/966/966 965/965/965 964/964/964
f 969/969/969 968/968/968 967/967/967
f 972/972/972 971/971/971 970/970/970
f 975/975/975 974/974/974 973/973/973
f 978/978/978 977/977/977 976/976/976
f 981/981/981 980/980/980 979/979/979
f 984/984/984 983/983/983 982/982/982
f 987/987/987 986/986/986 985/985/985
f 990/990/990 989/989/989 988/988/988
f 993/993/993 992/992/992 991/991/991
f 996/996/996 995/995/995 994/994/994
f 999/999/999 998/998/998 997/997/997
f 1002/1002/1002 1001/1001/1001 1000/1000/1000
f 1005/1005/1005 1004/1004/1004 1003/1003/1003
f 1008/1008/1008 1007/1007/1007 1006/1006/1006
f 1011/1011/1011 1010/1010/1010 1009/1009/1009
f 1014/1014/1014 1013/1013/1013 1012/1012/1012
f 1017/1017/1017 1016/1016/1016 1015/1015/1015
f 1020/1020/1020 1019/1019/1019 1018/1018/1018
f 1023/1023/1023 1022/1022/1022 1021/1021/1021
f 1026/1026/1026 1025/1025/1025 1024/1024/1024
f 1029/1029/1029 1028/1028/1028 1027/1027/1027
f 1032/1032/1032 1031/1031/1031 1030/1030/1030
f 1035/1035/1035 1034/1034/1034 1033/1033/1033
f 1038/1038/1038 1037/1037/1037 1036/1036/1036
f 1041/1041/1041 1040/1040/1040 1039/1039/1039
f 1044/1044/1044 1043/1043/1043 1042/1042/1042
f 1047/1047/1047 1046/1046/1046 1045/1045/1045
f 1050/1050/1050 1049/1049/1049 1048/1048/1048
f 1053/1053/1053 1052/1052/1052 1051/1051/1051
f 1056/1056/1056 1055/1055/1055 1054/1054/1054
f 1059/1059/1059 1058/1058/1058 1057/1057/1057
f 1062/1062/1062 1061/1061/1061 1060/1060/1060
f 1065/1065/1065 1064/1064/1064 1063/1063/1063
f 1068/1068/1068 1067/1067/1067 1066/1066/1066
f 1071/1071/1071 1070/1070/1070 1069/1069/1069
f 1074/1074/1074 1073/1073/1073 1072/1072/1072
f 1077/1077/1077 1076/1076/1076 1075/1075/1075
f 1080/1080/1080 1079/1079/1079 1078/1078/1078
f 1083/1083/1083 1082/1082/1082 1081/1081/1081
f 1086/1086/1086 1085/1085/1085 1084/1084/1084
f 1089/1089/1089 1088/1088/1088 1087/1087/1087
f 1092/1092/1092 1091/1091/1091 1090/1090/1090
f 1095/1095/1095 1094/1094/1094 1093/1093/1093
f 1098/1098/1098 1097/1097/1097 1096/1096/1096
f 1101/1101/1101 1100/1100/1100 1099/1099/1099
f 1104/1104/1104 1103/1103/1103 1102/1102/1102
f 1107/1107/1107 1106/1106/1106 1105/1105/1105
f 1110/1110/1110 1109/1109/1109 1108/1108/1108
f 1113/1113/1113 1112/1112/1112 1111/1111/1111
f 1116/1116/1116 1115/1115/1115 1114/1114/1114
f 1119/1119/1119 1118/1118/1118 1117/1117/1117
f 1122/1122/1122 1121/1121/1121 1120/1120/1120
f 1125/1125/1125 1124/1124/1124 1123/1123/1123
f 1128/1128/1128 1127/1127/1127 1126/1126/1126
f 1131/1131/1131 1130/1130/1130 1129/1129/1129
f 1134/1134/1134 1133/1133/1133 1132/1132/1132
f 1137/1137/1137 1136/1136/1136 1135/1135/1135
f 1140/1140/1140 1139/1139/1139 1138/1138/1138
f 1143/1143/1143 1142/1142/1142 1141/1141/1141
f 1146/1146/1146 1145/1145/1145 1144/1144/1144
f 1149/1149/1149 1148/1148/1148 1147/1147/1147
f 1152/1152/1152 1151/1151/1151 1150/1150/1150
f 1155/1155/1155 1154/1154/1154 1153/1153/1153
f 1158/1158/1158 1157/1157/1157 1156/1156/1156
g Face.008 2
usemtl face
f 1161/1161/1161 1160/1160/1160 1159/1159/1159
f 1164/1164/1164 1163/1163/1163 1162/1162/1162
f 1167/1167/1167 1166/1166/1166 1165/1165/1165
f 1170/1170/1170 1169/1169/1169 1168/1168/1168
f 1173/1173/1173 1172/1172/1172 1171/1171/1171
f 1176/1176/1176 1175/1175/1175 1174/1174/1174
f 1179/1179/1179 1178/1178/1178 1177/1177/1177
f 1182/1182/1182 1181/1181/1181 1180/1180/1180
f 1185/1185/1185 1184/1184/1184 1183/1183/1183
f 1188/1188/1188 1187/1187/1187 1186/1186/1186
f 1191/1191/1191 1190/1190/1190 1189/1189/1189
f 1194/1194/1194 1193/1193/1193 1192/1192/1192
f 1197/1197/1197 1196/1196/1196 1195/1195/1195
f 1200/1200/1200 1199/1199/1199 1198/1198/1198
f 1203/1203/1203 1202/1202/1202 1201/1201/1201
f 1206/1206/1206 1205/1205/1205 1204/1204/1204
f 1209/1209/1209 1208/1208/1208 1207/1207/1207
f 1212/1212/1212 1211/1211/1211 1210/1210/1210
f 1215/1215/1215 1214/1214/1214 1213/1213/1213
f 1218/1218/1218 1217/1217/1217 1216/1216/1216
f 1221/1221/1221 1220/1220/1220 1219/1219/1219
f 1224/1224/1224 1223/1223/1223 1222/1222/1222
f 1227/1227/1227 1226/1226/1226 1225/1225/1225
f 1230/1230/1230 1229/1229/1229 1228/1228/1228
f 1233/1233/1233 1232/1232/1232 1231/1231/1231
f 1236/1236/1236 1235/1235/1235 1234/1234/1234
f 1239/1239/1239 1238/1238/1238 1237/1237/1237
f 1242/1242/1242 1241/1241/1241 1240/1240/1240
f 1245/1245/1245 1244/1244/1244 1243/1243/1243
f 1248/1248/1248 1247/1247/1247 1246/1246/1246
f 1251/1251/1251 1250/1250/1250 1249/1249/1249
f 1254/1254/1254 1253/1253/1253 1252/1252/1252
f 1257/1257/1257 1256/1256/1256 1255/1255/1255
f 1260/1260/1260 1259/1259/1259 1258/1258/1258
f 1263/1263/1263 1262/1262/1262 1261/1261/1261
f 1266/1266/1266 1265/1265/1265 1264/1264/1264
f 1269/1269/1269 1268/1268/1268 1267/1267/1267
f 1272/1272/1272 1271/1271/1271 1270/1270/1270
f 1275/1275/1275 1274/1274/1274 1273/1273/1273
f 1278/1278/1278 1277/1277/1277 1276/1276/1276
f 1281/1281/1281 1280/1280/1280 1279/1279/1279
f 1284/1284/1284 1283/1283/1283 1282/1282/1282
f 1287/1287/1287 1286/1286/1286 1285/1285/1285
f 1290/1290/1290 1289/1289/1289 1288/1288/1288
f 1293/1293/1293 1292/1292/1292 1291/1291/1291
f 1296/1296/1296 1295/1295/1295 1294/1294/1294
f 1299/1299/1299 1298/1298/1298 1297/1297/1297
f 1302/1302/1302 1301/1301/1301 1300/1300/1300
f 1305/1305/1305 1304/1304/1304 1303/1303/1303
f 1308/1308/1308 1307/1307/1307 1306/1306/1306
f 1311/1311/1311 1310/1310/1310 1309/1309/1309
f 1314/1314/1314 1313/1313/1313 1312/1312/1312
f 1317/1317/1317 1316/1316/1316 1315/1315/1315
f 1320/1320/1320 1319/1319/1319 1318/1318/1318
f 1323/1323/1323 1322/1322/1322 1321/1321/1321
f 1326/1326/1326 1325/1325/1325 1324/1324/1324
f 1329/1329/1329 1328/1328/1328 1327/1327/1327
f 1332/1332/1332 1331/1331/1331 1330/1330/1330
f 1335/1335/1335 1334/1334/1334 1333/1333/1333
f 1338/1338/1338 1337/1337/1337 1336/1336/1336
f 1341/1341/1341 1340/1340/1340 1339/1339/1339
f 1344/1344/1344 1343/1343/1343 1342/1342/1342
f 1347/1347/1347 1346/1346/1346 1345/1345/1345
f 1350/1350/1350 1349/1349/1349 1348/1348/1348
f 1353/1353/1353 1352/1352/1352 1351/1351/1351
f 1356/1356/1356 1355/1355/1355 1354/1354/1354
f 1359/1359/1359 1358/1358/1358 1357/1357/1357
f 1362/1362/1362 1361/1361/1361 1360/1360/1360
f 1365/1365/1365 1364/1364/1364 1363/1363/1363
f 1368/1368/1368 1367/1367/1367 1366/1366/1366
f 1371/1371/1371 1370/1370/1370 1369/1369/1369
f 1374/1374/1374 1373/1373/1373 1372/1372/1372
f 1377/1377/1377 1376/1376/1376 1375/1375/1375
f 1380/1380/1380 1379/1379/1379 1378/1378/1378
f 1383/1383/1383 1382/1382/1382 1381/1381/1381
f 1386/1386/1386 1385/1385/1385 1384/1384/1384
f 1389/1389/1389 1388/1388/1388 1387/1387/1387
f 1392/1392/1392 1391/1391/1391 1390/1390/1390
f 1395/1395/1395 1394/1394/1394 1393/1393/1393
f 1398/1398/1398 1397/1397/1397 1396/1396/1396
